c ---- [ banner ] ------------------------------------------------------------
c
c Kissat SAT Solver
c
c Copyright (c) 2021-2024 Armin Biere University of Freiburg
c Copyright (c) 2019-2021 Armin Biere Johannes Kepler University Linz
c
c Version 4.0.0 36acc9e6e410090f4ea0e41a129da5f896b3771a
c gcc (Ubuntu 11.4.0-1ubuntu1~22.04.3) 11.4.0 -W -Wall -O3 -DNDEBUG
c Sat Apr 11 08:59:10 EDT 2026 Linux ubuntu-desktop 6.8.0-107-generic x86_64
c
c ---- [ parsing ] -----------------------------------------------------------
c
c opened and reading DIMACS file:
c
c   log/analyzesat-2026-05-26-branch-phase-chrono/instances/sudoku.cnf
c
c parsed 'p cnf 842008 2262677' header
c closing input after reading 45772291 bytes (44 MB)
c finished parsing after 0.28 seconds
c
c ---- [ solving ] -----------------------------------------------------------
c
c  seconds  switched rate     size/glue tier1    binary            remaining
c          MB reductions conflicts size  tier2       irredundant
c           level restarts redundant glue  trail             variables
c
c *  0.28 122 0 0 0  0 0   0   0 0.0 0 0 0 0 0% 1531668 730280 841279 100%
c (  0.57 143 0 0 0  0 0   0   0 0.0 0 0 0 0 0% 1531668 730280 841279 100%
c .  0.65 143 0 0 0  0 0   0   0 0.0 0 0 0 0 0% 1530939 730280 841279 100%
c c  1.05 161 0 0 0  0 0   0   0 0.0 0 0 0 0 0% 1554477 729770 835939 99%
c d  1.18 174 0 0 0  0 0   0   0 0.0 0 0 0 0 0% 1533937 729770 835939 99%
c =  1.41 193 0 0 0  0 0   0   0 0.0 0 0 0 0 0% 1534243 729770 835784 99%
c d  1.53 193 0 0 0  0 0   0   0 0.0 0 0 0 0 0% 1533780 729770 835784 99%
c f  3.07 212 0 0 0  0 0   0   0 0.0 0 0 0 0 0% 1050258 433135 917689 109%
c e 11.28 316 0 0 0  0 0   0   0 0.0 0 0 0 0 0% 260059 528531 133077 16%
c ) 11.28 316 0 0 0  0 0   0   0 0.0 0 0 0 0 0% 260059 528531 133077 16%
c { 11.35 318 0 0 0  0 0   0   0 0.0 0 0 2 6 0% 260059 528531 133077 16%
c - 11.65 214 1798 0 1 238 251 1001 571 2.3 11 5 4 6 10% 260113 528531 133077 16%
c } 11.65 214 1798 1 1 238 251 1001 571 2.3 11 5 4 6 10% 260113 528531 133077 16%
c [ 11.65 214 0 1 1 238 0 1001 571 0.0 0 0 2 6 0% 260113 528531 133077 16%
c B 11.65 214 0 1 1 238 0 1001 571 0.0 0 0 2 6 0% 260113 528531 133077 16%
c - 11.90 216 4895 1 2 238 164 2003 1232 8.3 243 29 10 84 32% 260194 528531 133077 16%
c W 12.02 225 4895 1 2 238 164 2003 1232 8.3 243 29 10 84 32% 257954 528531 133077 16%
c ] 12.03 225 4864 2 2 238 164 2009 1235 8.3 241 29 10 84 32% 257957 528531 133077 16%
c { 12.03 225 1798 2 2 238 251 2009 1235 2.3 11 5 4 6 10% 257957 528531 133077 16%
c i 12.04 226 1761 2 2 239 246 2032 1247 2.3 11 5 4 6 10% 257963 528531 133076 16%
c
c  seconds     switched   rate        size/glue tier1     binary            remaining
c          MB   reductions  conflicts       size  tier2       irredundant
c            level  restarts     redundant    glue   trail            variables
c
c i 12.04 226 1752 2 2 239 244 2037 1248 2.3 11 5 4 6 10% 257965 528531 133075 16%
c i 12.18 227 1377 2 2 324 195 2337 1428 3.3 17 5 4 6 10% 258050 528531 133073 16%
c c 12.36 192 989 2 2 460 140 2862 1754 2.5 14 6 4 6 8% 262580 528332 132540 16%
c d 12.40 192 989 2 2 460 140 2862 1712 2.5 14 6 4 6 8% 260784 528178 132532 16%
c b 12.42 192 989 2 2 460 140 2862 1712 2.5 14 6 4 6 8% 260784 528178 132531 16%
c u 12.46 192 989 2 2 460 140 2862 1211 2.5 14 6 4 6 8% 260747 528178 132531 16%
c v 12.49 192 989 2 2 460 140 2862 1045 2.5 14 6 4 6 8% 260747 528178 132531 16%
c w 12.52 192 989 2 2 460 140 2862 1045 2.5 14 6 4 6 8% 260747 528178 132531 16%
c x 12.57 192 989 2 2 460 140 2862 1045 2.5 14 6 4 6 8% 260764 528065 132531 16%
c = 12.71 227 989 2 2 460 140 2862 1045 2.5 14 6 4 6 8% 260792 527978 132507 16%
c d 12.75 227 989 2 2 460 140 2862 1045 2.5 14 6 4 6 8% 260745 527978 132507 16%
c t 12.78 227 989 2 2 460 140 2862 1045 2.5 14 6 4 6 8% 260716 527978 132507 16%
c f 12.87 134 989 2 2 460 140 2862 1045 2.5 14 6 4 6 8% 257797 527881 134043 16%
c u 13.09 163 989 2 2 460 140 2862 989 2.5 14 6 4 6 8% 260366 527881 134042 16%
c v 13.13 164 989 2 2 460 140 2862 970 2.5 14 6 4 6 8% 260366 527881 134042 16%
c w 13.17 164 989 2 2 460 140 2862 970 2.5 14 6 4 6 8% 260366 527881 134042 16%
c x 13.22 165 989 2 2 460 140 2862 970 2.5 14 6 4 6 8% 260366 527778 134042 16%
c t 13.40 175 989 2 2 460 140 2862 970 2.5 14 6 4 6 8% 260363 527778 134042 16%
c f 13.49 149 989 2 2 460 140 2862 970 2.5 14 6 4 6 8% 259111 527152 135445 16%
c } 13.61 167 917 3 2 491 131 3009 1064 2.8 16 6 4 6 8% 259124 527152 135445 16%
c
c  seconds     switched   rate        size/glue   tier1       binary            remaining
c          MB   reductions  conflicts       size     tier2        irredundant
c            level  restarts     redundant      glue     trail            variables
c
c [ 13.61 167 4864 3 2 491 164 3009 1064 8.3 241 29 10 84 32% 259124 527152 135445 16%
c i 13.61 167 4515 3 2 491 152 3083 1103 8.2 221 27 10 84 30% 259127 527152 135442 16%
c - 13.70 168 3475 3 3 491 118 3420 1178 5.2 218 42 10 127 28% 259146 527152 135442 16%
c I 13.86 169 2281 3 3 492 79 4262 1750 3.7 204 56 10 127 25% 259211 527152 135442 16%
c ] 13.95 170 1915 4 3 492 65 4820 2149 2.6 192 74 10 127 23% 259301 527152 135442 16%
c { 13.95 170 917 4 3 492 131 4820 2149 2.8 16 6 4 6 8% 259301 527152 135442 16%
c - 14.08 171 822 4 4 573 119 5152 1977 2.8 19 7 5 10 9% 259353 527152 135442 16%
c i 14.09 171 770 4 4 585 111 5312 2070 2.7 19 7 5 10 9% 259359 527152 135441 16%
c i 14.17 172 734 4 4 614 107 5471 2162 2.7 19 7 5 10 9% 259385 527152 135440 16%
c - 14.57 173 474 4 5 715 72 7155 2873 2.7 20 7 6 10 9% 259509 527151 135440 16%
c } 14.57 173 474 5 5 720 72 7172 2884 2.7 20 7 6 10 9% 259513 527151 135440 16%
c [ 14.57 173 1915 5 5 720 65 7172 2884 2.6 192 74 10 127 23% 259513 527151 135440 16%
c B 14.65 174 1527 5 5 720 49 8033 3488 2.4 158 66 10 127 21% 259641 527151 135440 16%
c d 14.78 174 1339 5 5 721 42 8813 4050 2.1 166 80 10 127 20% 259723 527127 135411 16%
c u 14.86 174 1339 5 5 721 42 8813 3986 2.1 166 80 10 127 20% 259719 527127 135411 16%
c v 14.91 174 1339 5 5 721 42 8813 3907 2.1 166 80 10 127 20% 259719 527127 135411 16%
c w 14.96 174 1339 5 5 721 42 8813 3906 2.1 166 80 10 127 20% 259719 527127 135411 16%
c x 15.02 174 1339 5 5 721 42 8813 3906 2.1 166 80 10 127 20% 259719 527065 135411 16%
c d 15.07 174 1339 5 5 721 42 8813 3906 2.1 166 80 10 127 20% 259711 527009 135407 16%
c t 15.10 174 1339 5 5 721 42 8813 3906 2.1 166 80 10 127 20% 259689 527009 135407 16%
c
c  seconds     switched   rate       size/glue   tier1        binary            remaining
c          MB   reductions conflicts       size      tier2        irredundant
c            level  restarts    redundant      glue      trail            variables
c
c f 15.21 149 1339 5 5 721 42 8813 3906 2.1 166 80 10 127 20% 261308 522196 137869 16%
c c 15.39 161 1339 5 5 721 42 8813 3906 2.1 166 80 10 127 20% 261312 522192 137868 16%
c d 15.43 161 1339 5 5 721 42 8813 3906 2.1 166 80 10 127 20% 261310 522192 137868 16%
c u 15.50 163 1339 5 5 721 42 8813 3899 2.1 166 80 10 127 20% 261308 522192 137868 16%
c v 15.56 164 1339 5 5 721 42 8813 3879 2.1 166 80 10 127 20% 261308 522192 137868 16%
c w 15.60 165 1339 5 5 721 42 8813 3879 2.1 166 80 10 127 20% 261308 522192 137868 16%
c x 15.65 166 1339 5 5 721 42 8813 3879 2.1 166 80 10 127 20% 261308 522114 137868 16%
c f 16.03 150 1339 5 5 721 42 8813 3879 2.1 166 80 10 127 20% 264075 514408 141604 17%
c - 16.13 163 1248 5 6 722 38 9391 3763 1.9 165 89 12 127 19% 264131 514408 141604 17%
c o 16.36 165 1026 5 6 723 27 11481 5466 1.6 138 85 12 127 16% 264177 514408 141604 17%
c ] 16.49 169 1028 6 6 723 27 11762 5660 1.8 148 84 12 127 19% 264186 514408 141604 17%
c { 16.49 169 474 6 6 723 72 11762 5660 2.7 20 7 6 10 9% 264186 514408 141604 17%
c - 16.54 169 466 6 7 745 71 11840 5057 2.7 20 7 6 10 9% 264208 514408 141604 17%
c i 16.57 170 447 6 7 752 68 12062 5186 2.7 20 7 6 10 9% 264245 514406 141601 17%
c i 16.85 172 335 6 7 758 50 13689 6473 2.8 19 7 6 10 10% 264409 514405 141596 17%
c i 16.89 172 320 6 7 759 48 13980 6677 2.9 19 7 6 10 10% 264441 514403 141595 17%
c s 17.08 172 305 6 7 761 46 14309 6858 2.9 19 7 6 10 10% 265049 505389 141595 17%
c e 18.01 178 305 6 7 761 46 14309 6858 2.9 19 7 6 10 10% 264918 502088 138730 16%
c 2 18.02 178 305 6 7 761 46 14309 6858 2.9 19 7 6 10 10% 263912 502088 138730 16%
c s 18.18 178 305 6 7 761 46 14309 6858 2.9 19 7 6 10 10% 275836 487093 138730 16%
c
c  seconds    switched   rate        size/glue tier1      binary            remaining
c          MB  reductions  conflicts       size  tier2        irredundant
c            level restarts     redundant    glue    trail            variables
c
c e 20.36 181 305 6 7 761 46 14309 6858 2.9 19 7 6 10 10% 274632 486987 137182 16%
c ^ 20.36 181 305 6 7 761 46 14309 6858 2.9 19 7 6 10 10% 274632 486987 137182 16%
c - 20.46 160 298 6 8 761 45 14487 3818 2.8 19 7 6 9 10% 274650 486987 137182 16%
c i 20.51 161 280 6 8 775 42 14934 4060 2.8 18 6 6 9 10% 274685 486987 137181 16%
c } 20.60 163 250 7 8 779 38 15832 4397 2.8 18 6 6 9 10% 274707 486987 137181 16%
c [ 20.60 163 1028 7 8 779 27 15832 4397 1.8 148 84 12 127 19% 274707 486987 137181 16%
c W 20.74 174 1028 7 8 779 27 15832 4397 1.8 148 84 12 127 19% 274159 486987 137181 16%
c - 20.87 175 942 7 9 780 23 17316 5063 1.7 145 87 11 127 17% 274193 486987 137181 16%
c d 20.97 175 902 7 9 780 22 18044 5565 1.6 145 88 11 127 17% 274062 486966 137103 16%
c u 21.09 175 902 7 9 780 22 18044 5515 1.6 145 88 11 127 17% 273996 486966 137103 16%
c v 21.15 175 902 7 9 780 22 18044 5490 1.6 145 88 11 127 17% 273997 486966 137103 16%
c w 21.19 175 902 7 9 780 22 18044 5487 1.6 145 88 11 127 17% 273997 486966 137103 16%
c x 21.25 176 902 7 9 780 22 18044 5487 1.6 145 88 11 127 17% 273997 486913 137103 16%
c t 21.34 176 902 7 9 780 22 18044 5487 1.6 145 88 11 127 17% 273953 486913 137103 16%
c f 21.51 150 902 7 9 780 22 18044 5487 1.6 145 88 11 127 17% 270108 486248 138128 16%
c u 21.67 162 902 7 9 780 22 18044 5391 1.6 145 88 11 127 17% 270108 486248 138128 16%
c v 21.73 162 902 7 9 780 22 18044 5377 1.6 145 88 11 127 17% 270108 486248 138128 16%
c w 21.76 163 902 7 9 780 22 18044 5372 1.6 145 88 11 127 17% 270108 486248 138128 16%
c x 21.83 164 902 7 9 780 22 18044 5372 1.6 145 88 11 127 17% 270108 486212 138128 16%
c t 21.92 164 902 7 9 780 22 18044 5372 1.6 145 88 11 127 17% 270097 486212 138128 16%
c
c  seconds    switched   rate        size/glue   tier1        binary            remaining
c          MB  reductions  conflicts       size      tier2        irredundant
c            level restarts     redundant      glue      trail            variables
c
c f 22.07 164 902 7 9 780 22 18044 5372 1.6 145 88 11 127 17% 270894 484356 138623 16%
c - 22.27 164 761 7 10 781 19 20319 6249 1.7 142 85 10 74 16% 270910 484356 138623 16%
c o 22.46 165 679 7 10 783 17 22287 7588 1.7 143 86 10 74 15% 270923 484356 138623 16%
c O 22.60 167 647 7 10 783 17 23373 8282 1.7 142 85 10 74 15% 270939 484356 138623 16%
c - 22.63 167 642 7 11 783 17 23482 7271 1.7 141 84 9 28 15% 270942 484356 138623 16%
c ] 22.73 168 629 8 11 784 16 24482 8149 1.7 136 82 9 28 15% 270963 484356 138623 16%
c { 22.73 168 250 8 11 784 38 24482 8149 2.8 18 6 6 9 10% 270963 484356 138623 16%
c i 22.78 168 247 8 11 823 37 24696 8272 2.8 18 6 6 9 9% 270978 484356 138622 16%
c i 22.78 168 246 8 11 827 37 24742 8301 2.8 18 6 6 9 9% 270982 484356 138621 16%
c i 22.80 168 241 8 11 840 37 24926 8413 2.8 18 6 6 9 9% 270987 484356 138620 16%
c i 22.90 169 234 8 11 902 36 25534 8773 2.8 18 6 6 9 9% 271004 484356 138619 16%
c - 23.09 170 209 8 12 969 32 26798 8425 2.7 17 6 6 9 9% 270975 484356 138619 16%
c i 23.10 170 207 8 12 969 32 26875 8469 2.7 17 6 6 9 9% 270981 484356 138618 16%
c i 23.11 170 207 8 12 981 32 26939 8498 2.7 17 6 6 9 9% 270990 484356 138617 16%
c s 23.33 170 180 8 12 1020 28 28558 9444 2.5 16 6 6 9 8% 279730 475045 138617 16%
c e 24.98 180 180 8 12 1020 28 28558 9444 2.5 16 6 6 9 8% 275926 485338 129832 15%
c ^ 24.98 180 180 8 12 1020 28 28558 9444 2.5 16 6 6 9 8% 275926 485338 129832 15%
c i 25.07 180 180 8 12 1034 28 28620 9370 2.5 16 6 6 9 9% 275938 485338 129831 15%
c i 25.08 180 180 8 12 1035 28 28638 9381 2.5 16 6 6 9 9% 275943 485338 129830 15%
c - 25.33 181 162 8 13 1137 25 30262 9138 2.4 15 6 6 9 8% 275928 485332 129830 15%
c
c  seconds    switched     rate        size/glue tier1    binary            remaining
c          MB   reductions   conflicts       size  tier2      irredundant
c            level   restarts     redundant    glue  trail            variables
c
c i 25.38 158 160 8 13 1173 25 30507 9300 2.4 15 6 6 9 8% 275939 485332 129829 15%
c } 25.44 159 159 9 13 1193 25 30641 9372 2.4 16 6 6 9 8% 275947 485332 129829 15%
c [ 25.44 159 629 9 13 1193 16 30641 9372 1.7 136 82 9 28 15% 275947 485332 129829 15%
c c 25.63 165 626 9 13 1193 16 30714 9429 1.7 135 81 9 28 15% 281342 484723 129326 15%
c d 25.67 165 626 9 13 1193 16 30714 9411 1.7 135 81 9 28 15% 279756 484685 129322 15%
c u 25.80 167 626 9 13 1193 16 30714 9299 1.7 135 81 9 28 15% 278986 484685 129322 15%
c v 25.86 168 626 9 13 1193 16 30714 9260 1.7 135 81 9 28 15% 278986 484685 129322 15%
c w 25.90 168 626 9 13 1193 16 30714 9246 1.7 135 81 9 28 15% 278986 484685 129322 15%
c x 25.98 170 626 9 13 1193 16 30714 9246 1.7 135 81 9 28 15% 278986 484564 129322 15%
c = 26.21 180 626 9 13 1193 16 30714 9246 1.7 135 81 9 28 15% 278988 484563 129321 15%
c d 26.26 180 626 9 13 1193 16 30714 9246 1.7 135 81 9 28 15% 278986 484563 129321 15%
c t 26.31 180 626 9 13 1193 16 30714 9246 1.7 135 81 9 28 15% 278942 484563 129321 15%
c f 26.47 154 626 9 13 1193 16 30714 9246 1.7 135 81 9 28 15% 276932 480455 130506 15%
c u 26.65 167 626 9 13 1193 16 30714 9171 1.7 135 81 9 28 15% 276933 480455 130506 15%
c v 26.71 167 626 9 13 1193 16 30714 9127 1.7 135 81 9 28 15% 276933 480455 130506 15%
c w 26.75 167 626 9 13 1193 16 30714 9117 1.7 135 81 9 28 15% 276933 480455 130506 15%
c x 26.82 168 626 9 13 1193 16 30714 9117 1.7 135 81 9 28 15% 276933 480445 130506 15%
c f 27.07 169 626 9 13 1193 16 30714 9117 1.7 135 81 9 28 15% 277646 476235 131408 16%
c B 27.33 170 581 9 13 1195 15 33136 10957 1.6 143 88 9 28 15% 277669 476235 131408 16%
c - 27.41 170 573 9 14 1195 15 33868 9982 1.6 149 92 9 28 15% 277676 476235 131408 16%
c
c  seconds    switched     rate         size/glue    tier1      binary            remaining
c          MB   reductions   conflicts        size     tier2        irredundant
c            level   restarts      redundant      glue     trail            variables
c
c - 27.88 172 556 9 15 1198 13 37609 11366 1.5 168 112 9 30 14% 277715 476235 131408 16%
c ] 28.14 172 520 10 15 1199 12 40513 13375 1.5 172 113 9 30 14% 277736 476235 131408 16%
c { 28.14 172 159 10 15 1199 25 40513 13375 2.4 16 6 6 9 8% 277736 476235 131408 16%
c i 28.18 173 158 10 15 1234 25 40715 13497 2.4 16 7 6 9 8% 277742 476235 131407 16%
c - 28.26 173 150 10 16 1243 24 41484 12085 2.3 15 7 6 9 8% 277728 476235 131407 16%
c - 28.56 173 119 10 17 1321 19 45484 12064 2.1 14 7 5 9 8% 277738 476235 131407 16%
c i 28.59 173 116 10 17 1331 18 45990 12349 2.1 14 7 5 9 8% 277746 476235 131406 16%
c o 28.62 173 116 10 17 1331 18 45990 12349 2.1 14 7 5 9 8% 277746 476235 131406 16%
c c 28.94 165 111 10 17 1368 17 47028 13043 2.1 14 7 5 9 8% 277861 476230 131401 16%
c d 28.99 165 111 10 17 1368 17 47028 9075 2.1 14 7 5 9 8% 277859 476222 131401 16%
c u 29.14 168 111 10 17 1368 17 47028 8964 2.1 14 7 5 9 8% 277863 476222 131401 16%
c v 29.21 168 111 10 17 1368 17 47028 8895 2.1 14 7 5 9 8% 277864 476222 131401 16%
c w 29.24 169 111 10 17 1368 17 47028 8886 2.1 14 7 5 9 8% 277864 476222 131401 16%
c x 29.34 171 111 10 17 1368 17 47028 8886 2.1 14 7 5 9 8% 277864 476168 131401 16%
c t 29.42 171 111 10 17 1368 17 47028 8886 2.1 14 7 5 9 8% 277830 476168 131401 16%
c f 29.58 154 111 10 17 1368 17 47028 8886 2.1 14 7 5 9 8% 277703 474283 132041 16%
c u 29.75 167 111 10 17 1368 17 47028 8817 2.1 14 7 5 9 8% 277709 474283 132041 16%
c v 29.81 167 111 10 17 1368 17 47028 8787 2.1 14 7 5 9 8% 277709 474283 132041 16%
c w 29.84 168 111 10 17 1368 17 47028 8782 2.1 14 7 5 9 8% 277709 474283 132041 16%
c x 29.93 170 111 10 17 1368 17 47028 8782 2.1 14 7 5 9 8% 277709 474269 132041 16%
c
c  seconds     switched     rate        size/glue tier1    binary            remaining
c          MB    reductions   conflicts       size  tier2      irredundant
c            level    restarts     redundant    glue  trail            variables
c
c t 30.02 170 111 10 17 1368 17 47028 8782 2.1 14 7 5 9 8% 277613 474269 132041 16%
c f 30.19 154 111 10 17 1368 17 47028 8782 2.1 14 7 5 9 8% 277681 474153 132057 16%
c } 30.46 171 103 11 17 1442 16 49142 10087 2.0 13 6 5 9 8% 277729 474153 132057 16%
c [ 30.46 171 520 11 17 1442 12 49142 10087 1.5 172 113 9 30 14% 277729 474153 132057 16%
c W 30.60 177 520 11 17 1442 12 49142 10087 1.5 172 113 9 30 14% 277729 474153 132057 16%
c - 30.66 178 518 11 18 1442 12 49608 8758 1.5 174 115 8 27 14% 277731 474153 132057 16%
c - 31.04 179 469 11 19 1444 11 53850 10443 1.5 171 111 8 23 14% 277745 474153 132057 16%
c - 31.47 180 452 11 20 1447 10 58218 11805 1.5 171 115 8 21 13% 277766 474153 132057 16%
c s 31.75 180 443 11 20 1448 10 59450 12513 1.5 169 114 8 21 13% 277783 469668 132057 16%
c e 32.92 184 443 11 20 1448 10 59450 12513 1.5 169 114 8 21 13% 262077 506784 117135 14%
c 2 32.93 184 443 11 20 1448 10 59450 12513 1.5 169 114 8 21 13% 261130 506784 117135 14%
c s 33.12 184 443 11 20 1448 10 59450 12513 1.5 169 114 8 21 13% 270414 491990 117135 14%
c e 35.45 185 443 11 20 1448 10 59450 12513 1.5 169 114 8 21 13% 269582 492990 115605 14%
c ^ 35.45 185 443 11 20 1448 10 59450 12513 1.5 169 114 8 21 13% 269582 492990 115605 14%
c ] 35.69 186 422 12 20 1448 10 62266 13494 1.5 165 111 8 21 13% 269593 492990 115605 14%
c { 35.69 186 103 12 20 1448 16 62266 13494 2.0 13 6 5 9 8% 269593 492990 115605 14%
c i 35.74 165 103 12 20 1459 16 62315 13532 2.0 13 7 5 9 8% 269598 492990 115604 14%
c - 35.82 164 102 12 21 1484 16 62690 12247 2.0 13 7 5 9 8% 269578 492988 115604 14%
c d 36.20 168 86 12 21 1615 14 67090 14885 1.9 12 6 5 8 7% 269561 492987 115588 14%
c u 36.33 168 86 12 21 1615 14 67090 14732 1.9 12 6 5 8 7% 268906 492987 115588 14%
c
c  seconds    switched     rate         size/glue tier1    binary            remaining
c          MB   reductions   conflicts        size  tier2      irredundant
c           level    restarts      redundant    glue  trail            variables
c
c v 36.40 169 86 12 21 1615 14 67090 14567 1.9 12 6 5 8 7% 268906 492987 115588 14%
c w 36.44 169 86 12 21 1615 14 67090 14543 1.9 12 6 5 8 7% 268906 492987 115588 14%
c t 36.79 178 86 12 21 1615 14 67090 14543 1.9 12 6 5 8 7% 268771 492987 115588 14%
c f 36.95 154 86 12 21 1615 14 67090 14543 1.9 12 6 5 8 7% 266888 490199 116328 14%
c c 37.14 165 86 12 21 1615 14 67090 12829 1.9 12 6 5 8 7% 275806 489817 116126 14%
c d 37.19 165 86 12 21 1615 14 67090 12829 1.9 12 6 5 8 7% 275162 489817 116126 14%
c u 37.34 167 86 12 21 1615 14 67090 12692 1.9 12 6 5 8 7% 274968 489817 116126 14%
c v 37.42 168 86 12 21 1615 14 67090 12537 1.9 12 6 5 8 7% 274968 489817 116126 14%
c w 37.47 168 86 12 21 1615 14 67090 12530 1.9 12 6 5 8 7% 274968 489817 116126 14%
c t 37.55 168 86 12 21 1615 14 67090 12530 1.9 12 6 5 8 7% 274948 489817 116126 14%
c f 37.73 154 86 12 21 1615 14 67090 12530 1.9 12 6 5 8 7% 274959 482741 116960 14%
c - 37.90 171 86 12 22 1641 14 67273 11565 1.9 12 6 5 8 7% 274996 482741 116960 14%
c i 38.07 173 83 12 22 1714 13 68580 12369 1.9 12 6 5 8 7% 275012 482741 116959 14%
c i 38.11 173 83 12 22 1745 13 68814 12526 1.9 12 6 5 8 7% 275019 482741 116958 14%
c i 38.13 173 83 12 22 1756 13 69011 12626 1.9 13 6 5 8 7% 275026 482741 116957 14%
c - 38.51 175 78 12 23 1892 13 71964 12367 1.9 12 6 5 8 7% 274996 482741 116957 14%
c } 38.64 175 73 13 23 1928 12 73745 13480 1.9 12 6 5 8 7% 274998 482741 116957 14%
c [ 38.64 175 422 13 23 1928 10 73745 13480 1.5 165 111 8 21 13% 274998 482741 116957 14%
c I 38.64 175 422 13 23 1928 10 73745 13480 1.5 165 111 8 21 13% 274998 482741 116957 14%
c - 38.90 175 393 13 24 1930 10 76759 13930 1.5 156 104 7 17 13% 275004 482741 116957 14%
c
c  seconds     switched     rate         size/glue    tier1      binary            remaining
c          MB    reductions   conflicts        size     tier2        irredundant
c            level    restarts      redundant      glue     trail            variables
c
c i 38.93 175 393 13 24 1930 10 77112 14206 1.5 155 104 7 17 13% 275007 482741 116956 14%
c - 39.28 176 360 13 25 1933 9 81659 15198 1.5 145 95 7 15 13% 274995 482741 116956 14%
c o 39.31 176 360 13 25 1933 9 81659 15198 1.5 145 95 7 15 13% 274995 482741 116956 14%
c - 40.05 177 327 13 26 1934 9 86659 16552 1.6 136 87 7 15 13% 275028 482739 116956 14%
c ] 40.47 177 309 14 26 1937 9 91006 19871 1.6 137 85 7 15 13% 275042 482739 116956 14%
c { 40.47 177 73 14 26 1937 12 91006 19871 1.9 12 6 5 8 7% 275042 482739 116956 14%
c d 40.55 178 74 14 26 1950 12 91071 19914 1.9 12 6 5 8 7% 275038 482730 116948 14%
c u 40.71 178 74 14 26 1950 12 91071 19761 1.9 12 6 5 8 7% 275034 482730 116948 14%
c v 40.79 178 74 14 26 1950 12 91071 19644 1.9 12 6 5 8 7% 275035 482730 116948 14%
c w 40.86 178 74 14 26 1950 12 91071 19624 1.9 12 6 5 8 7% 275035 482730 116948 14%
c t 41.03 178 74 14 26 1950 12 91071 19624 1.9 12 6 5 8 7% 274871 482730 116948 14%
c f 41.23 154 74 14 26 1950 12 91071 19624 1.9 12 6 5 8 7% 275121 481066 117140 14%
c u 41.54 167 74 14 26 1950 12 91071 19459 1.9 12 6 5 8 7% 275572 481066 117140 14%
c v 41.63 168 74 14 26 1950 12 91071 19338 1.9 12 6 5 8 7% 275572 481066 117140 14%
c w 41.70 169 74 14 26 1950 12 91071 19301 1.9 12 6 5 8 7% 275572 481066 117140 14%
c t 41.78 169 74 14 26 1950 12 91071 19301 1.9 12 6 5 8 7% 275566 481066 117140 14%
c f 41.85 154 74 14 26 1950 12 91071 19301 1.9 12 6 5 8 7% 275505 481033 117152 14%
c - 41.93 165 72 14 27 1982 12 91758 17182 1.9 12 6 5 8 7% 275508 481033 117152 14%
c i 42.29 165 63 14 27 2126 10 96605 20279 1.8 12 6 5 8 7% 275528 481033 117151 14%
c i 42.37 170 64 14 27 2141 10 96792 20422 1.8 12 6 5 8 7% 275554 481033 117150 14%
c
c  seconds    switched     rate         size/glue tier1    binary            remaining
c          MB   reductions   conflicts        size  tier2      irredundant
c           level    restarts      redundant    glue  trail            variables
c
c - 42.43 171 64 14 28 2167 11 96957 14515 1.8 12 6 5 8 7% 275511 481033 117150 14%
c i 42.58 172 64 14 28 2275 11 98015 15172 1.8 12 6 5 8 7% 275537 481033 117149 14%
c i 42.60 172 64 14 28 2290 11 98094 15233 1.9 12 6 5 8 7% 275543 481033 117148 14%
c i 42.78 174 64 14 28 2346 10 99415 16000 1.9 12 7 5 8 7% 275577 481032 117147 14%
c i 42.80 174 64 14 28 2354 11 99479 16038 1.9 12 7 5 8 7% 275584 481032 117146 14%
c i 42.83 175 65 14 28 2380 11 99709 16185 1.9 12 7 5 8 7% 275596 481032 117145 14%
c i 42.84 175 65 14 28 2383 11 99752 16210 1.9 12 7 5 8 7% 275601 481032 117144 14%
c i 42.90 175 63 14 28 2407 10 100701 16816 1.9 12 7 5 8 7% 275608 481032 117143 14%
c i 43.00 176 63 14 28 2449 10 101237 17148 1.9 12 7 5 8 7% 275636 481031 117142 14%
c i 43.06 176 63 14 28 2479 10 101762 17474 1.9 12 7 5 8 7% 275645 481031 117139 14%
c - 43.17 176 63 14 29 2527 10 102251 14402 1.9 12 7 5 8 7% 275510 481031 117139 14%
c i 43.47 177 62 14 29 2653 10 104049 15538 1.9 12 7 5 8 7% 275563 481031 117138 14%
c i 43.48 177 62 14 29 2656 10 104090 15562 1.9 12 7 5 8 7% 275568 481031 117137 14%
c i 43.52 177 62 14 29 2677 10 104221 15643 1.9 12 7 5 8 7% 275578 481031 117136 14%
c i 43.52 177 62 14 29 2681 10 104254 15658 1.9 13 7 5 8 7% 275583 481031 117135 14%
c i 43.68 177 63 14 29 2796 11 105004 16134 1.9 13 7 5 8 7% 275613 481031 117134 14%
c i 43.69 177 63 14 29 2811 11 105091 16197 2.0 13 7 5 8 7% 275619 481031 117133 14%
c } 43.77 178 63 15 29 2871 11 105722 16553 2.0 13 7 5 8 7% 275622 481031 117133 14%
c [ 43.77 178 309 15 29 2871 9 105722 16553 1.6 137 85 7 15 13% 275622 481031 117133 14%
c B 43.77 178 309 15 29 2871 9 105722 16553 1.6 137 85 7 15 13% 275622 481031 117133 14%
c
c  seconds     switched    rate          size/glue   tier1      binary            remaining
c          MB    reductions  conflicts         size    tier2        irredundant
c            level    restarts      redundant      glue    trail            variables
c
c - 43.96 178 306 15 30 2872 9 107637 16582 1.6 138 86 7 14 13% 275494 481031 117133 14%
c 2 44.10 178 300 15 30 2873 9 109216 17673 1.6 136 85 7 14 13% 275496 481031 117132 14%
c s 44.29 178 300 15 30 2873 9 109216 17673 1.6 136 85 7 14 13% 275581 477991 117132 14%
c e 45.25 185 300 15 30 2873 9 109216 17673 1.6 136 85 7 14 13% 273826 507752 107124 13%
c 2 45.26 185 300 15 30 2873 9 109216 17673 1.6 136 85 7 14 13% 272328 507752 107124 13%
c s 45.46 185 300 15 30 2873 9 109216 17673 1.6 136 85 7 14 13% 277039 495571 107124 13%
c e 46.74 186 300 15 30 2873 9 109216 17673 1.6 136 85 7 14 13% 276656 497904 105775 13%
c ^ 46.74 186 300 15 30 2873 9 109216 17673 1.6 136 85 7 14 13% 276656 497904 105775 13%
c - 47.12 186 286 15 31 2876 9 113114 16680 1.7 137 82 7 14 13% 276668 497904 105775 13%
c - 47.61 163 274 15 32 2877 9 118681 18313 1.7 139 83 6 13 13% 276680 497904 105775 13%
c u 47.84 166 273 15 32 2877 9 119093 18274 1.7 140 83 6 13 13% 276034 497861 105775 13%
c v 47.96 167 273 15 32 2877 9 119093 17844 1.7 140 83 6 13 13% 276034 497861 105775 13%
c w 48.02 167 273 15 32 2877 9 119093 17805 1.7 140 83 6 13 13% 276034 497861 105775 13%
c t 48.10 167 273 15 32 2877 9 119093 17805 1.7 140 83 6 13 13% 275664 497861 105775 13%
c f 48.33 168 273 15 32 2877 9 119093 17805 1.7 140 83 6 13 13% 273199 497756 105993 13%
c u 48.50 168 273 15 32 2877 9 119093 17491 1.7 140 83 6 13 13% 273199 497756 105993 13%
c v 48.59 168 273 15 32 2877 9 119093 17379 1.7 140 83 6 13 13% 273199 497756 105993 13%
c w 48.65 168 273 15 32 2877 9 119093 17376 1.7 140 83 6 13 13% 273199 497756 105993 13%
c x 48.79 172 273 15 32 2877 9 119093 17375 1.7 140 83 6 13 13% 273199 497756 105993 13%
c t 49.12 179 273 15 32 2877 9 119093 17375 1.7 140 83 6 13 13% 273192 497756 105993 13%
c
c  seconds     switched    rate          size/glue   tier1      binary            remaining
c          MB    reductions  conflicts         size    tier2        irredundant
c            level    restarts      redundant      glue    trail            variables
c
c f 49.31 154 273 15 32 2877 9 119093 17375 1.7 140 83 6 13 13% 273165 497736 105998 13%
c - 49.80 169 256 15 33 2881 8 124339 18481 1.7 135 79 6 12 13% 273171 497736 105998 13%
c W 50.11 179 251 15 33 2883 8 126636 20110 1.7 135 78 6 12 13% 273174 497736 105998 13%
c o 50.14 179 251 15 33 2883 8 126636 20110 1.7 135 78 6 12 13% 273174 497736 105998 13%
c - 50.49 181 254 15 34 2884 8 130083 20121 1.7 139 81 6 12 13% 273202 497736 105998 13%
c - 50.97 182 242 15 35 2885 8 135913 21393 1.8 140 79 6 12 13% 273213 497736 105998 13%
c ] 51.12 182 238 16 35 2885 8 137939 22923 1.8 139 78 6 12 13% 273219 497736 105998 13%
c { 51.12 182 63 16 35 2885 11 137939 22923 2.0 13 7 5 8 7% 273219 497736 105998 13%
c i 51.30 183 62 16 35 2970 11 139322 23748 2.0 13 7 5 8 7% 273242 497736 105997 13%
c - 51.50 183 59 16 36 3064 10 141830 21986 1.9 13 7 5 8 7% 273223 497736 105997 13%
c i 51.83 183 54 16 36 3205 9 146782 25195 1.9 13 7 5 8 7% 273245 497736 105996 13%
c i 51.91 183 54 16 36 3207 9 147111 25449 1.9 13 7 5 8 7% 273268 497736 105995 13%
c i 51.91 183 54 16 36 3207 9 147118 25449 1.9 13 7 5 8 7% 273269 497736 105994 13%
c i 51.91 183 54 16 36 3207 9 147119 25449 1.9 13 7 5 8 7% 273269 497736 105993 13%
c i 51.91 183 54 16 36 3207 9 147124 25449 1.9 13 7 5 8 7% 273271 497736 105992 13%
c i 51.91 183 54 16 36 3207 9 147148 25460 1.9 13 7 5 8 7% 273276 497736 105991 13%
c i 51.92 183 54 16 36 3207 9 147174 25468 1.9 13 7 5 8 7% 273279 497736 105990 13%
c i 51.92 183 54 16 36 3207 9 147213 25488 1.9 13 7 5 8 7% 273284 497736 105989 13%
c i 51.92 183 54 16 36 3207 9 147239 25493 1.9 13 7 5 8 7% 273290 497736 105988 13%
c i 51.92 183 54 16 36 3207 9 147241 25493 1.9 13 7 5 8 7% 273291 497736 105987 13%
c
c  seconds    switched    rate          size/glue tier1    binary            remaining
c          MB   reductions  conflicts         size  tier2      irredundant
c           level    restarts      redundant    glue  trail            variables
c
c i 51.92 183 54 16 36 3207 9 147248 25493 1.9 13 7 5 8 7% 273293 497736 105986 13%
c i 52.01 183 54 16 36 3231 9 147686 25836 1.9 13 7 5 8 7% 273318 497736 105985 13%
c - 52.05 183 54 16 37 3261 9 147830 18891 1.9 13 7 5 8 7% 273008 497736 105985 13%
c i 52.21 184 53 16 37 3325 9 148854 19523 1.9 13 7 5 8 7% 273048 497736 105984 13%
c i 52.26 184 54 16 37 3381 9 149283 19737 2.0 13 7 5 8 7% 273060 497736 105983 13%
c i 52.27 184 54 16 37 3398 9 149364 19789 2.0 13 7 5 8 7% 273064 497736 105982 13%
c i 52.29 184 54 16 37 3401 9 149563 19919 2.0 13 7 5 8 7% 273073 497736 105981 13%
c c 52.70 166 53 16 37 3476 9 151317 20999 2.0 13 7 5 8 7% 281888 497608 105907 13%
c d 52.74 166 53 16 37 3476 9 151317 20830 2.0 13 7 5 8 7% 281735 497556 105907 13%
c d 52.77 166 53 16 37 3476 9 151317 20829 2.0 13 7 5 8 7% 281733 497537 105906 13%
c u 52.92 169 53 16 37 3476 9 151317 20382 2.0 13 7 5 8 7% 281604 497537 105906 13%
c v 53.04 171 53 16 37 3476 9 151317 20200 2.0 13 7 5 8 7% 281604 497537 105906 13%
c w 53.10 171 53 16 37 3476 9 151317 20168 2.0 13 7 5 8 7% 281604 497537 105906 13%
c t 53.19 171 53 16 37 3476 9 151317 20168 2.0 13 7 5 8 7% 281424 497537 105906 13%
c f 53.32 154 53 16 37 3476 9 151317 20168 2.0 13 7 5 8 7% 281278 490842 106409 13%
c u 53.53 168 53 16 37 3476 9 151317 19747 2.0 13 7 5 8 7% 281280 490842 106409 13%
c v 53.65 169 53 16 37 3476 9 151317 19490 2.0 13 7 5 8 7% 281280 490842 106409 13%
c w 53.71 169 53 16 37 3476 9 151317 19468 2.0 13 7 5 8 7% 281280 490842 106409 13%
c t 53.79 169 53 16 37 3476 9 151317 19468 2.0 13 7 5 8 7% 280806 490842 106409 13%
c f 53.85 169 53 16 37 3476 9 151317 19468 2.0 13 7 5 8 7% 280809 490811 106412 13%
c
c  seconds    switched    rate          size/glue tier1    binary            remaining
c          MB   reductions  conflicts         size  tier2      irredundant
c           level    restarts      redundant    glue  trail            variables
c
c - 54.06 170 51 16 38 3516 9 153912 19422 2.0 13 7 5 8 7% 280815 490811 106412 13%
c i 54.11 170 50 16 38 3527 9 154619 19800 2.0 13 7 5 8 7% 280831 490811 106411 13%
c i 54.31 173 50 16 38 3572 8 156247 20791 1.9 13 7 5 8 7% 280860 490811 106410 13%
c } 54.32 173 50 17 38 3574 8 156277 20818 1.9 13 7 5 8 7% 280860 490811 106410 13%
c [ 54.32 173 238 17 38 3574 8 156277 20818 1.8 139 78 6 12 13% 280860 490811 106410 13%
c O 54.32 173 238 17 38 3574 8 156277 20818 1.8 139 78 6 12 13% 280860 490811 106410 13%
c - 54.64 174 233 17 39 3576 8 160080 19265 1.8 139 77 6 12 13% 280812 490810 106410 13%
c - 55.13 175 224 17 40 3580 8 166324 21221 1.9 139 75 6 12 12% 280827 490809 106410 13%
c - 55.67 176 222 17 41 3582 8 172648 22866 1.9 144 76 6 12 12% 280836 490809 106410 13%
c - 56.18 176 216 17 42 3586 8 179052 24352 1.9 144 75 6 12 12% 280848 490808 106410 13%
c s 56.44 176 216 17 42 3587 8 180065 25140 1.9 144 75 6 12 12% 281313 486842 106410 13%
c e 57.37 191 216 17 42 3587 8 180065 25140 1.9 144 75 6 12 12% 277656 587838 89121 11%
c 2 57.37 191 216 17 42 3587 8 180065 25140 1.9 144 75 6 12 12% 272631 587838 89121 11%
c s 57.70 191 216 17 42 3587 8 180065 25140 1.9 144 75 6 12 12% 288278 553655 89121 11%
c e 58.86 191 216 17 42 3587 8 180065 25140 1.9 144 75 6 12 12% 289548 556369 87943 10%
c ^ 58.86 191 216 17 42 3587 8 180065 25140 1.9 144 75 6 12 12% 289548 556369 87943 10%
c o 58.90 192 216 17 42 3587 8 180065 23338 1.9 144 75 6 12 12% 289548 556369 87943 10%
c B 59.25 166 211 17 42 3587 8 184018 26773 2.0 149 73 6 12 12% 289559 556369 87943 10%
c - 59.43 167 216 17 43 3588 8 185532 24227 2.0 151 76 6 12 12% 289564 556366 87943 10%
c d 59.65 168 214 17 43 3588 8 187796 26074 2.0 149 75 6 12 12% 289553 556366 87937 10%
c
c  seconds     switched    rate          size/glue   tier1      binary           remaining
c          MB    reductions  conflicts         size    tier2        irredundant
c            level    restarts      redundant      glue    trail            variables
c
c u 59.82 170 214 17 43 3588 8 187796 25681 2.0 149 75 6 12 12% 288209 556366 87937 10%
c v 59.92 171 214 17 43 3588 8 187796 25476 2.0 149 75 6 12 12% 288209 556366 87937 10%
c w 59.98 171 214 17 43 3588 8 187796 25420 2.0 149 75 6 12 12% 288209 556366 87937 10%
c t 60.06 171 214 17 43 3588 8 187796 25420 2.0 149 75 6 12 12% 286906 556366 87937 10%
c f 60.25 172 214 17 43 3588 8 187796 25420 2.0 149 75 6 12 12% 276525 553986 88520 11%
c u 60.43 173 214 17 43 3588 8 187796 25180 2.0 149 75 6 12 12% 276527 553986 88520 11%
c v 60.50 173 214 17 43 3588 8 187796 25124 2.0 149 75 6 12 12% 276527 553986 88520 11%
c w 60.56 173 214 17 43 3588 8 187796 25111 2.0 149 75 6 12 12% 276527 553986 88520 11%
c t 60.77 176 214 17 43 3588 8 187796 25111 2.0 149 75 6 12 12% 276426 553986 88520 11%
c f 60.95 155 214 17 43 3588 8 187796 25111 2.0 149 75 6 12 12% 275524 550834 88746 11%
c ] 61.09 170 212 18 43 3588 8 189255 26246 2.0 149 74 6 12 12% 275525 550834 88746 11%
c { 61.09 170 50 18 43 3588 8 189255 26246 1.9 13 7 5 8 7% 275525 550834 88746 11%
c i 61.11 171 50 18 43 3599 8 189297 26274 1.9 13 7 5 8 7% 275529 550834 88745 11%
c i 61.11 171 50 18 43 3604 8 189320 26279 1.9 13 7 5 8 7% 275532 550834 88744 11%
c i 61.11 171 50 18 43 3610 8 189345 26283 1.9 13 7 5 8 7% 275536 550834 88743 11%
c i 61.11 171 50 18 43 3611 8 189350 26283 1.9 13 7 5 8 7% 275538 550834 88742 11%
c i 61.11 172 50 18 43 3611 8 189376 26288 1.9 13 7 5 8 7% 275544 550834 88741 11%
c i 61.13 172 50 18 43 3611 8 189632 26470 1.9 13 7 5 8 7% 275548 550834 88740 11%
c i 61.13 172 50 18 43 3612 8 189672 26497 1.9 13 7 5 8 7% 275551 550834 88739 11%
c i 61.13 172 50 18 43 3612 8 189677 26497 1.9 13 7 5 8 7% 275552 550834 88738 11%
c
c  seconds    switched    rate          size/glue tier1    binary           remaining
c          MB   reductions  conflicts         size  tier2      irredundant
c           level    restarts      redundant    glue  trail            variables
c
c i 61.21 174 49 18 43 3642 8 190497 27126 1.9 13 7 5 8 7% 275559 550834 88737 11%
c i 61.24 174 49 18 43 3694 8 190930 27434 1.9 13 7 5 8 7% 275567 550834 88736 11%
c i 61.24 174 49 18 43 3694 8 190937 27434 1.9 13 7 5 8 7% 275570 550834 88735 11%
c i 61.24 174 49 18 43 3694 8 190942 27434 1.9 13 7 5 8 7% 275572 550834 88734 11%
c i 61.24 174 49 18 43 3694 8 190963 27434 1.9 13 7 5 8 7% 275577 550834 88733 11%
c i 61.25 174 49 18 43 3694 8 190991 27443 1.9 13 7 5 8 7% 275580 550834 88732 11%
c i 61.25 174 49 18 43 3694 8 190996 27444 1.9 13 7 5 8 7% 275582 550834 88731 11%
c i 61.25 174 49 18 43 3694 8 191022 27455 1.9 13 7 5 8 7% 275585 550834 88730 11%
c i 61.25 174 49 18 43 3694 8 191023 27455 1.9 13 7 5 8 7% 275585 550834 88729 11%
c i 61.25 174 49 18 43 3694 8 191051 27463 1.9 13 7 5 8 7% 275590 550834 88728 11%
c i 61.26 174 49 18 43 3694 8 191166 27524 1.9 13 7 5 8 7% 275596 550834 88727 11%
c i 61.26 174 49 18 43 3694 8 191170 27524 1.9 13 7 5 8 7% 275598 550834 88726 11%
c i 61.26 174 49 18 43 3694 8 191196 27532 1.9 13 7 5 8 7% 275601 550834 88725 11%
c i 61.28 174 49 18 43 3703 8 191239 27565 1.9 13 7 5 8 7% 275602 550834 88724 11%
c i 61.36 176 49 18 43 3749 8 191851 27961 1.9 13 7 5 8 7% 275609 550834 88723 11%
c i 61.36 176 49 18 43 3749 8 191869 27965 1.9 13 7 5 8 7% 275611 550834 88722 11%
c i 61.36 176 49 18 43 3749 8 191871 27965 1.9 13 7 5 8 7% 275612 550834 88721 11%
c i 61.37 176 49 18 43 3749 8 191891 27968 1.9 13 7 5 8 7% 275615 550834 88720 11%
c - 61.40 176 48 18 44 3788 8 192090 23771 1.9 13 7 5 8 7% 275060 550831 88720 11%
c i 61.41 176 48 18 44 3799 8 192228 23871 1.9 13 7 5 8 7% 275065 550831 88719 11%
c
c  seconds    switched    rate          size/glue tier1    binary           remaining
c          MB   reductions  conflicts         size  tier2      irredundant
c           level    restarts      redundant    glue  trail            variables
c
c i 61.41 176 48 18 44 3799 8 192267 23891 1.9 13 7 5 8 7% 275067 550831 88718 11%
c i 61.41 176 48 18 44 3799 8 192289 23895 1.9 13 7 5 8 7% 275071 550831 88717 11%
c i 61.41 176 48 18 44 3799 8 192334 23914 1.9 13 7 5 8 7% 275075 550831 88716 11%
c i 61.42 176 48 18 44 3800 8 192389 23945 1.9 13 7 5 8 7% 275077 550831 88715 11%
c i 61.49 177 48 18 44 3853 8 192812 24256 1.9 13 7 5 8 7% 275085 550831 88714 11%
c i 61.49 177 48 18 44 3853 8 192844 24273 1.9 13 7 5 8 7% 275088 550831 88713 11%
c i 61.51 177 48 18 44 3865 8 193049 24407 2.0 13 7 5 8 7% 275093 550831 88712 11%
c i 61.52 177 48 18 44 3866 8 193123 24449 2.0 13 7 5 8 7% 275095 550831 88711 11%
c i 61.56 177 48 18 44 3903 8 193524 24759 2.0 13 7 5 8 7% 275103 550831 88710 11%
c i 61.61 178 48 18 44 3919 8 193663 24855 2.0 13 7 5 8 7% 275108 550831 88709 11%
c i 61.63 178 48 18 44 3919 8 193936 25062 2.0 13 7 5 8 7% 275115 550831 88708 11%
c i 61.64 178 48 18 44 3921 8 194016 25116 2.0 13 7 5 8 7% 275119 550831 88707 11%
c i 61.68 178 47 18 44 3980 8 194582 25461 2.0 13 7 5 8 7% 275133 550831 88706 11%
c i 61.72 178 47 18 44 3999 8 194677 25531 2.0 13 7 5 8 7% 275139 550831 88705 11%
c i 61.72 178 47 18 44 3999 8 194678 25530 2.0 13 7 5 8 7% 275139 550831 88704 11%
c i 61.72 178 47 18 44 3999 8 194706 25542 2.0 13 7 5 8 7% 275142 550831 88703 11%
c i 61.74 178 47 18 44 4005 8 194977 25745 2.0 13 7 5 8 7% 275143 550831 88702 11%
c i 61.80 178 47 18 44 4085 8 195646 26233 2.0 13 7 5 8 7% 275147 550831 88701 11%
c i 61.86 178 47 18 44 4103 8 196307 26781 2.0 13 7 5 8 7% 275153 550831 88700 11%
c i 61.86 178 47 18 44 4103 8 196308 26781 2.0 13 7 5 8 7% 275153 550831 88699 11%
c
c  seconds    switched    rate          size/glue tier1    binary           remaining
c          MB   reductions  conflicts         size  tier2      irredundant
c           level    restarts      redundant    glue  trail            variables
c
c i 61.90 179 47 18 44 4143 8 196557 26963 2.0 13 7 5 8 7% 275155 550831 88698 11%
c i 61.93 179 46 18 44 4168 8 196922 27234 2.0 13 7 5 8 7% 275162 550831 88697 11%
c i 61.94 179 46 18 44 4168 8 197080 27343 2.0 13 7 5 8 7% 275164 550831 88696 11%
c i 61.95 179 46 18 44 4168 8 197209 27431 2.0 13 7 5 8 7% 275168 550831 88695 11%
c i 61.96 179 46 18 44 4176 8 197242 27460 2.0 13 7 5 8 7% 275170 550831 88694 11%
c i 61.96 179 46 18 44 4192 8 197300 27493 2.0 13 7 5 8 7% 275176 550831 88693 11%
c i 61.96 179 46 18 44 4193 8 197301 27493 2.0 13 7 5 8 7% 275176 550831 88692 11%
c i 62.04 179 46 18 44 4247 8 197689 27798 2.0 13 7 5 8 7% 275185 550831 88691 11%
c i 62.05 179 46 18 44 4255 8 197836 27906 2.0 13 7 5 8 7% 275186 550831 88690 11%
c i 62.10 179 46 18 44 4301 8 198251 28179 2.0 13 7 5 8 7% 275199 550831 88689 11%
c i 62.11 179 46 18 44 4301 8 198425 28296 2.0 13 7 5 8 7% 275202 550831 88688 11%
c i 62.11 179 46 18 44 4301 8 198431 28297 2.0 13 7 5 8 7% 275203 550831 88687 11%
c i 62.12 179 46 18 44 4305 8 198451 28306 2.0 13 7 5 8 7% 275207 550831 88686 11%
c i 62.12 179 46 18 44 4313 8 198578 28362 2.0 13 7 5 8 7% 275213 550831 88685 11%
c i 62.15 179 46 18 44 4323 8 198659 28409 2.0 13 7 5 8 7% 275216 550831 88684 11%
c - 62.16 179 46 18 45 4323 8 198724 23488 2.0 13 7 5 8 7% 274381 550831 88684 11%
c i 62.18 179 46 18 45 4324 8 198911 23612 2.0 13 7 5 8 7% 274383 550831 88683 11%
c i 62.19 179 46 18 45 4346 8 199002 23660 2.0 13 7 5 8 7% 274386 550831 88682 11%
c i 62.19 179 46 18 45 4347 8 199004 23659 2.0 13 7 5 8 7% 274387 550831 88681 11%
c i 62.19 179 46 18 45 4349 8 199018 23662 2.0 13 7 5 8 7% 274388 550831 88680 11%
c
c  seconds    switched    rate          size/glue tier1    binary           remaining
c          MB   reductions  conflicts         size  tier2      irredundant
c           level    restarts      redundant    glue  trail            variables
c
c i 62.20 179 46 18 45 4354 8 199103 23721 2.0 13 7 5 8 7% 274391 550831 88679 11%
c i 62.32 180 46 18 45 4449 8 199995 24425 2.0 14 7 5 8 7% 274407 550831 88678 11%
c i 62.33 180 46 18 45 4452 8 200013 24426 2.0 14 7 5 8 7% 274410 550831 88677 11%
c i 62.33 180 46 18 45 4452 8 200014 24426 2.0 14 7 5 8 7% 274410 550831 88676 11%
c i 62.33 180 46 18 45 4452 8 200048 24442 2.0 14 7 5 8 7% 274412 550831 88675 11%
c i 62.33 180 46 18 45 4452 8 200066 24457 2.0 14 7 5 8 7% 274412 550831 88674 11%
c i 62.37 180 46 18 45 4496 8 200390 24689 2.0 14 7 5 8 7% 274426 550831 88673 11%
c i 62.40 180 46 18 45 4508 8 200479 24765 2.0 14 7 5 8 7% 274433 550831 88672 11%
c i 62.40 180 46 18 45 4512 8 200510 24774 2.0 14 7 5 8 7% 274438 550831 88671 11%
c i 62.40 180 46 18 45 4512 8 200514 24774 2.0 14 7 5 8 7% 274441 550831 88670 11%
c i 62.41 180 46 18 45 4518 8 200562 24809 2.1 14 7 5 8 7% 274444 550831 88669 11%
c i 62.42 180 45 18 45 4522 8 200708 24937 2.1 14 7 5 8 7% 274446 550831 88668 11%
c i 62.42 180 45 18 45 4522 8 200713 24937 2.1 14 7 5 8 7% 274449 550831 88667 11%
c i 62.42 180 45 18 45 4522 8 200750 24956 2.1 14 7 5 8 7% 274452 550831 88666 11%
c i 62.43 180 45 18 45 4527 8 200786 24985 2.1 14 7 5 8 7% 274452 550831 88665 11%
c i 62.43 180 45 18 45 4529 8 200795 24987 2.1 14 7 5 8 7% 274454 550831 88664 11%
c i 62.44 180 45 18 45 4541 8 200844 25017 2.1 14 7 5 8 7% 274459 550831 88663 11%
c i 62.44 180 45 18 45 4541 8 200883 25033 2.1 14 7 5 8 7% 274466 550831 88662 11%
c i 62.44 180 45 18 45 4541 8 200885 25033 2.1 14 7 5 8 7% 274467 550831 88661 11%
c i 62.44 180 45 18 45 4541 8 200889 25033 2.1 14 7 5 8 7% 274468 550831 88660 11%
c
c  seconds    switched    rate          size/glue tier1    binary           remaining
c          MB   reductions  conflicts         size  tier2      irredundant
c           level    restarts      redundant    glue  trail            variables
c
c i 62.45 180 45 18 45 4542 8 201005 25115 2.1 14 7 5 8 7% 274470 550831 88659 11%
c i 62.55 180 45 18 45 4698 8 201727 25663 2.1 14 7 5 8 7% 274487 550831 88658 11%
c i 62.55 180 45 18 45 4709 8 201788 25702 2.1 14 7 5 8 7% 274491 550831 88657 11%
c i 62.55 180 45 18 45 4711 8 201798 25703 2.1 14 7 5 8 7% 274494 550831 88656 11%
c i 62.56 180 45 18 45 4719 8 201862 25740 2.1 14 7 5 8 7% 274499 550831 88655 11%
c i 62.58 180 45 18 45 4729 8 202088 25898 2.1 14 7 5 8 7% 274503 550831 88654 11%
c i 62.60 180 45 18 45 4755 8 202256 26022 2.1 14 7 5 8 7% 274510 550831 88653 11%
c i 62.63 180 45 18 45 4765 8 202445 26153 2.1 14 7 5 8 7% 274520 550831 88651 11%
c i 62.63 180 45 18 45 4765 8 202446 26153 2.1 14 7 5 8 7% 274520 550831 88649 11%
c i 62.63 180 45 18 45 4765 8 202450 26151 2.1 14 7 5 8 7% 274522 550831 88648 11%
c i 62.63 180 45 18 45 4765 8 202451 26151 2.1 14 7 5 8 7% 274522 550831 88647 11%
c i 62.63 180 45 18 45 4765 8 202456 26151 2.1 14 7 5 8 7% 274524 550831 88646 11%
c i 62.68 180 45 18 45 4801 8 202625 26282 2.1 14 7 5 8 7% 274532 550831 88645 11%
c i 62.82 180 44 18 45 4914 7 204116 27553 2.1 14 7 5 8 7% 274542 550831 88644 11%
c i 62.87 180 44 18 45 5015 7 204570 27894 2.1 14 7 5 8 7% 274547 550831 88643 11%
c i 62.88 180 44 18 45 5030 7 204626 27938 2.1 14 7 5 8 7% 274547 550831 88642 11%
c i 62.88 180 44 18 45 5037 7 204649 27945 2.1 14 7 5 8 7% 274553 550831 88641 11%
c i 62.96 181 44 18 45 5082 7 205237 28410 2.1 14 7 5 8 7% 274556 550831 88640 11%
c i 62.98 181 44 18 45 5102 7 205331 28474 2.1 14 7 5 8 7% 274562 550831 88639 11%
c i 62.98 181 44 18 45 5103 7 205338 28474 2.1 14 7 5 8 7% 274566 550831 88638 11%
c
c  seconds    switched    rate          size/glue tier1    binary           remaining
c          MB   reductions  conflicts         size  tier2      irredundant
c           level    restarts      redundant    glue  trail            variables
c
c - 63.00 181 44 18 46 5119 7 205433 24886 2.1 14 7 5 8 7% 273663 550831 88638 11%
c i 63.03 181 44 18 46 5155 7 205698 25075 2.1 14 7 5 8 7% 273670 550831 88637 11%
c i 63.15 181 43 18 46 5271 7 206961 25986 2.1 14 7 5 8 7% 273687 550831 88636 11%
c i 63.15 181 43 18 46 5271 7 206988 25997 2.1 14 7 5 8 7% 273690 550831 88635 11%
c i 63.23 181 43 18 46 5349 7 207627 26474 2.2 15 7 5 8 7% 273697 550831 88634 11%
c i 63.28 181 43 18 46 5409 7 208205 26845 2.2 15 7 5 8 7% 273704 550831 88633 11%
c i 63.28 181 43 18 46 5410 7 208206 26845 2.2 15 7 5 8 7% 273704 550831 88632 11%
c i 63.28 181 43 18 46 5410 7 208207 26845 2.2 15 7 5 8 7% 273704 550831 88631 11%
c i 63.28 181 43 18 46 5417 7 208241 26855 2.2 15 7 5 8 7% 273708 550831 88630 11%
c i 63.35 181 43 18 46 5475 7 208578 27104 2.2 15 7 5 8 7% 273713 550831 88629 11%
c i 63.35 181 43 18 46 5476 7 208579 27104 2.2 15 7 5 8 7% 273713 550831 88627 11%
c i 63.36 181 43 18 46 5485 7 208714 27172 2.2 15 7 5 8 7% 273717 550831 88626 11%
c i 63.37 181 43 18 46 5494 7 208825 27248 2.2 15 7 5 8 7% 273721 550831 88625 11%
c i 63.40 181 43 18 46 5516 7 209290 27577 2.2 15 7 5 8 7% 273731 550831 88624 11%
c i 63.47 181 43 18 46 5537 7 209736 27920 2.2 15 7 5 8 7% 273743 550831 88623 11%
c i 63.48 181 43 18 46 5544 7 209776 27949 2.2 15 7 5 8 7% 273746 550831 88622 11%
c i 63.48 181 43 18 46 5545 7 209802 27959 2.2 15 7 5 8 7% 273749 550831 88621 11%
c i 63.48 181 43 18 46 5545 7 209811 27959 2.2 15 7 5 8 7% 273751 550831 88620 11%
c i 63.48 181 43 18 46 5545 7 209812 27959 2.2 15 7 5 8 7% 273751 550831 88619 11%
c i 63.48 181 43 18 46 5545 7 209813 27959 2.2 15 7 5 8 7% 273751 550831 88617 11%
c
c  seconds    switched    rate          size/glue tier1    binary           remaining
c          MB   reductions  conflicts         size  tier2      irredundant
c           level    restarts      redundant    glue  trail            variables
c
c i 63.49 181 43 18 46 5545 7 209815 27959 2.2 15 7 5 8 7% 273752 550831 88616 11%
c i 63.49 181 43 18 46 5549 7 209899 28013 2.2 15 7 5 8 7% 273755 550831 88615 11%
c i 63.51 181 42 18 46 5550 7 210221 28256 2.2 15 7 5 8 7% 273760 550831 88614 11%
c i 63.57 181 42 18 46 5645 7 210704 28570 2.2 15 7 5 8 7% 273771 550831 88613 11%
c i 63.61 181 42 18 46 5683 7 210878 28714 2.2 15 7 5 8 7% 273778 550831 88612 11%
c } 63.66 181 42 19 46 5757 7 211600 29278 2.2 15 7 5 8 7% 273783 550831 88612 11%
c [ 63.66 181 212 19 46 5757 8 211600 29278 2.0 149 74 6 12 12% 273783 550831 88612 11%
c - 63.72 181 212 19 47 5757 8 212215 26990 2.0 149 75 6 12 12% 273305 550831 88612 11%
c i 63.83 181 210 19 47 5758 8 213810 28361 2.0 150 74 6 12 12% 273309 550831 88611 11%
c i 63.94 181 207 19 47 5759 8 215260 29595 2.0 149 73 6 12 12% 273311 550831 88610 11%
c W 64.11 182 207 19 47 5759 8 215468 29740 2.0 149 73 6 12 12% 273250 550583 88610 11%
c i 64.18 183 205 19 47 5760 8 216397 30430 2.0 148 72 6 12 12% 273251 550583 88609 11%
c i 64.27 183 204 19 47 5761 8 217780 31557 2.0 148 72 6 12 12% 273254 550583 88608 11%
c - 64.36 183 203 19 48 5762 8 219070 28408 2.0 147 72 6 11 12% 273217 550582 88608 11%
c i 64.68 184 197 19 48 5763 8 223678 32035 2.1 145 70 6 11 12% 273223 550582 88607 11%
c - 64.88 184 193 19 49 5764 8 226000 29013 2.1 144 69 6 11 12% 273193 550582 88607 11%
c i 64.92 184 192 19 49 5765 8 226634 29489 2.1 144 69 6 11 12% 273194 550582 88606 11%
c c 65.28 168 188 19 49 5766 8 228989 31424 2.1 143 68 6 11 12% 283965 550350 88523 11%
c d 65.32 168 188 19 49 5766 8 228989 31375 2.1 143 68 6 11 12% 284138 549942 88522 11%
c d 65.36 168 188 19 49 5766 8 228989 31368 2.1 143 68 6 11 12% 284094 549764 88501 11%
c
c  seconds     switched    rate          size/glue   tier1      binary           remaining
c          MB    reductions  conflicts         size    tier2        irredundant
c            level    restarts      redundant      glue    trail            variables
c
c b 65.39 168 188 19 49 5766 8 228989 31368 2.1 143 68 6 11 12% 284094 549764 88483 11%
c u 65.55 172 188 19 49 5766 8 228989 29320 2.1 143 68 6 11 12% 283886 549764 88482 11%
c v 65.69 173 188 19 49 5766 8 228989 28802 2.1 143 68 6 11 12% 283884 549764 88482 11%
c w 65.78 174 188 19 49 5766 8 228989 28627 2.1 143 68 6 11 12% 283884 549764 88482 11%
c t 65.86 174 188 19 49 5766 8 228989 28606 2.1 143 68 6 11 12% 283482 549711 88482 11%
c b 65.88 174 188 19 49 5766 8 228989 28606 2.1 143 68 6 11 12% 283482 549711 88481 11%
c f 66.10 155 188 19 49 5766 8 228989 28606 2.1 143 68 6 11 12% 282478 543171 88891 11%
c d 66.16 168 188 19 49 5766 8 228989 28594 2.1 143 68 6 11 12% 282478 543150 88888 11%
c u 66.38 171 188 19 49 5766 8 228989 27882 2.1 143 68 6 11 12% 282481 543150 88887 11%
c v 66.53 172 188 19 49 5766 8 228989 27626 2.1 143 68 6 11 12% 282485 543150 88887 11%
c w 66.61 172 188 19 49 5766 8 228989 27553 2.1 143 68 6 11 12% 282485 543150 88887 11%
c d 67.18 183 188 19 49 5766 8 228989 27141 2.1 143 68 6 11 12% 282483 543150 88886 11%
c t 67.27 183 188 19 49 5766 8 228989 27141 2.1 143 68 6 11 12% 282475 543150 88886 11%
c f 67.50 155 188 19 49 5766 8 228989 27141 2.1 143 68 6 11 12% 282496 542460 88923 11%
c i 67.52 167 188 19 49 5766 8 228989 27141 2.1 143 68 6 11 12% 282496 542460 88923 11%
c - 67.83 171 182 19 50 5769 8 233000 26511 2.1 141 66 5 11 12% 282022 542460 88923 11%
c - 68.34 172 175 19 51 5771 8 240071 28121 2.2 140 65 5 11 12% 282027 542460 88923 11%
c - 68.92 173 166 19 52 5772 8 247212 29303 2.2 137 62 5 11 12% 282031 542460 88923 11%
c o 68.99 174 166 19 52 5773 8 248134 30021 2.2 137 62 5 11 12% 282034 542459 88923 11%
c I 69.25 176 164 19 52 5774 8 250821 32286 2.3 137 61 5 11 12% 282042 542459 88923 11%
c
c  seconds     switched    rate          size/glue   tier1      binary           remaining
c          MB    reductions  conflicts         size    tier2        irredundant
c            level    restarts      redundant      glue    trail            variables
c
c - 69.51 177 160 19 53 5777 8 254428 30255 2.3 135 60 5 11 12% 282047 542459 88923 11%
c ] 69.64 177 157 20 53 5778 8 256448 31809 2.3 134 59 5 11 12% 282047 542459 88923 11%
c { 69.64 177 42 20 53 5778 7 256448 31809 2.2 15 7 5 8 7% 282047 542459 88923 11%
c i 69.73 178 42 20 53 5801 7 257515 32547 2.2 15 7 5 8 7% 282070 542458 88922 11%
c i 69.94 180 42 20 53 5921 7 258872 33409 2.2 15 7 5 8 7% 282108 542458 88921 11%
c i 69.96 180 42 20 53 5928 7 258979 33479 2.2 15 7 5 8 7% 282110 542458 88920 11%
c i 69.96 180 42 20 53 5930 7 259098 33541 2.2 15 7 5 8 7% 282115 542458 88919 11%
c i 69.99 180 42 20 53 5952 7 259460 33782 2.2 15 7 5 8 7% 282120 542458 88918 11%
c i 70.04 180 41 20 53 5959 7 260359 34359 2.2 15 7 5 8 7% 282133 542458 88917 11%
c - 70.19 180 41 20 54 5978 7 261708 29324 2.2 15 7 5 8 7% 281978 542458 88917 11%
c i 70.52 180 38 20 54 6112 6 267355 33101 2.1 14 7 5 8 7% 281993 542458 88916 11%
c i 70.55 181 38 20 54 6115 6 267534 33173 2.1 14 7 5 8 7% 282017 542458 88915 11%
c i 70.59 181 38 20 54 6138 6 267823 33381 2.1 14 7 5 8 7% 282019 542458 88914 11%
c i 70.62 181 38 20 54 6159 6 268105 33543 2.2 15 7 5 8 7% 282024 542458 88913 11%
c i 70.62 181 38 20 54 6164 6 268126 33549 2.2 15 7 5 8 7% 282025 542458 88912 11%
c i 70.62 181 38 20 54 6165 6 268183 33569 2.2 15 7 5 8 7% 282030 542458 88911 11%
c i 70.62 181 38 20 54 6165 6 268184 33569 2.2 15 7 5 8 7% 282030 542458 88910 11%
c i 70.63 181 38 20 54 6165 6 268210 33578 2.2 15 7 5 8 7% 282031 542458 88909 11%
c - 70.73 181 39 20 55 6219 6 269057 26487 2.2 15 7 5 8 7% 281807 542458 88909 11%
c d 71.10 181 36 20 55 6321 6 274635 30183 2.1 14 7 5 8 7% 281842 542415 88903 11%
c
c  seconds    switched    rate          size/glue tier1    binary           remaining
c          MB   reductions  conflicts         size  tier2      irredundant
c           level    restarts      redundant    glue  trail            variables
c
c d 71.13 181 36 20 55 6321 6 274635 30183 2.1 14 7 5 8 7% 281835 542401 88901 11%
c b 71.17 181 36 20 55 6321 6 274635 30183 2.1 14 7 5 8 7% 281835 542401 88900 11%
c u 71.33 182 36 20 55 6321 6 274635 29352 2.1 14 7 5 8 7% 281879 542401 88893 11%
c v 71.46 182 36 20 55 6321 6 274635 27476 2.1 14 7 5 8 7% 281879 542401 88893 11%
c w 71.53 182 36 20 55 6321 6 274635 27262 2.1 14 7 5 8 7% 281879 542401 88893 11%
c t 71.62 182 36 20 55 6321 6 274635 26528 2.1 14 7 5 8 7% 281418 542361 88893 11%
c d 71.80 182 36 20 55 6321 6 274635 26527 2.1 14 7 5 8 7% 281412 542334 88891 11%
c u 72.01 182 36 20 55 6321 6 274635 26020 2.1 14 7 5 8 7% 281418 542334 88891 11%
c v 72.14 182 36 20 55 6321 6 274635 25758 2.1 14 7 5 8 7% 281418 542334 88891 11%
c w 72.21 182 36 20 55 6321 6 274635 25637 2.1 14 7 5 8 7% 281418 542334 88891 11%
c t 72.30 182 36 20 55 6321 6 274635 25637 2.1 14 7 5 8 7% 281394 542334 88891 11%
c i 72.37 182 36 20 55 6321 6 274635 25637 2.1 14 7 5 8 7% 281394 542334 88891 11%
c s 72.76 183 36 20 55 6354 6 274874 25790 2.1 14 7 5 8 7% 282106 529874 88891 11%
c e 75.24 203 36 20 55 6354 6 274874 25790 2.1 14 7 5 8 7% 291451 685189 74822 9%
c 2 75.24 203 36 20 55 6354 6 274874 25790 2.1 14 7 5 8 7% 282025 685189 74822 9%
c s 75.68 203 36 20 55 6354 6 274874 25790 2.1 14 7 5 8 7% 302213 628769 74822 9%
c e 77.12 204 36 20 55 6354 6 274874 25790 2.1 14 7 5 8 7% 302897 638157 73484 9%
c ! 77.12 204 36 20 55 6354 6 274874 25790 2.1 14 7 5 8 7% 302897 638157 73484 9%
c - 77.37 180 36 20 56 6428 6 276473 21715 2.1 14 7 5 8 7% 302904 638156 73484 9%
c i 77.44 182 36 20 56 6450 6 276860 22028 2.1 14 7 5 8 7% 302915 638156 73483 9%
c
c  seconds    switched    rate          size/glue tier1    binary          remaining
c          MB   reductions  conflicts         size  tier2      irredundant
c           level    restarts      redundant    glue  trail            variables
c
c i 77.48 182 36 20 56 6462 6 277645 22561 2.1 14 7 5 8 7% 302925 638156 73482 9%
c i 77.54 182 36 20 56 6492 6 278870 23354 2.1 14 7 5 8 7% 302927 638156 73481 9%
c i 77.59 183 36 20 56 6517 6 278985 23447 2.1 14 7 5 8 7% 302934 638156 73480 9%
c i 77.60 183 36 20 56 6530 6 279149 23538 2.1 14 7 5 8 7% 302939 638156 73479 9%
c } 77.80 183 35 21 56 6656 6 283187 26244 2.1 14 7 5 8 7% 302946 638156 73479 9%
c [ 77.80 183 157 21 56 6656 8 283187 26244 2.3 134 59 5 11 12% 302946 638156 73479 9%
c - 77.85 183 156 21 57 6656 8 283958 25139 2.3 133 58 5 11 12% 302752 638156 73479 9%
c i 77.89 183 154 21 57 6657 8 285009 25926 2.3 131 58 5 11 12% 302755 638156 73478 9%
c B 78.20 184 149 21 57 6661 8 290261 30025 2.3 129 56 5 11 12% 302764 638156 73478 9%
c - 78.29 184 150 21 58 6661 8 291507 24473 2.3 130 57 5 11 12% 302722 638156 73478 9%
c - 78.80 185 143 21 59 6665 8 299122 26804 2.3 127 55 5 10 12% 302730 638156 73478 9%
c - 79.28 185 139 21 60 6669 8 306807 28327 2.3 124 54 5 10 12% 302732 638156 73478 9%
c - 79.80 186 133 21 61 6670 7 314552 29500 2.3 120 52 5 10 12% 302736 638156 73478 9%
c - 80.36 186 133 21 62 6674 7 322363 30296 2.3 121 53 5 10 11% 302736 638156 73478 9%
c d 80.56 186 132 21 62 6676 7 324847 32186 2.3 120 53 5 10 11% 302761 638116 73473 9%
c b 80.63 186 132 21 62 6676 7 324847 32186 2.3 120 53 5 10 11% 302761 638116 73471 9%
c u 80.73 187 132 21 62 6676 7 324847 31832 2.3 120 53 5 10 11% 301163 638116 73471 9%
c v 80.83 187 132 21 62 6676 7 324847 31670 2.3 120 53 5 10 11% 301163 638116 73471 9%
c w 80.89 187 132 21 62 6676 7 324847 31496 2.3 120 53 5 10 11% 301163 638116 73471 9%
c x 81.03 188 132 21 62 6676 7 324847 31496 2.3 120 53 5 10 11% 301167 638111 73471 9%
c
c  seconds     switched    rate          size/glue   tier1      binary          remaining
c          MB    reductions  conflicts         size    tier2        irredundant
c            level    restarts      redundant      glue    trail            variables
c
c t 81.12 188 132 21 62 6676 7 324847 31496 2.3 120 53 5 10 11% 299946 638111 73471 9%
c f 81.33 164 132 21 62 6676 7 324847 31496 2.3 120 53 5 10 11% 275559 625988 75021 9%
c c 81.57 176 132 21 62 6676 7 324847 30584 2.3 120 53 5 10 11% 288902 625659 74899 9%
c d 81.61 176 132 21 62 6676 7 324847 30584 2.3 120 53 5 10 11% 288506 625658 74898 9%
c u 81.81 180 132 21 62 6676 7 324847 30178 2.3 120 53 5 10 11% 288308 625658 74898 9%
c v 81.93 181 132 21 62 6676 7 324847 30004 2.3 120 53 5 10 11% 288308 625658 74898 9%
c w 82.00 181 132 21 62 6676 7 324847 29940 2.3 120 53 5 10 11% 288308 625658 74898 9%
c t 82.08 181 132 21 62 6676 7 324847 29940 2.3 120 53 5 10 11% 288040 625658 74898 9%
c f 82.28 162 132 21 62 6676 7 324847 29940 2.3 120 53 5 10 11% 283205 615922 75621 9%
c o 82.33 176 132 21 62 6676 7 324847 29940 2.3 120 53 5 10 11% 283205 615922 75621 9%
c ] 82.45 178 132 22 62 6676 7 326051 30997 2.3 121 53 5 10 12% 283207 615922 75621 9%
c { 82.45 178 35 22 62 6676 6 326051 30997 2.1 14 7 5 8 7% 283207 615922 75621 9%
c i 82.66 183 34 22 62 6728 6 327761 32254 2.1 14 7 5 8 7% 283245 615922 75620 9%
c - 82.95 186 34 22 63 6795 6 330237 30214 2.1 14 7 5 8 7% 283257 615922 75620 9%
c i 83.01 186 34 22 63 6837 6 330749 30524 2.1 14 7 5 8 7% 283269 615922 75618 9%
c i 83.04 186 34 22 63 6854 6 331058 30713 2.1 14 7 5 8 7% 283271 615922 75617 9%
c i 83.08 187 34 22 63 6869 6 331252 30835 2.1 14 7 5 8 7% 283292 615922 75616 9%
c i 83.14 187 34 22 63 6903 5 331776 31190 2.1 14 7 5 8 7% 283304 615922 75615 9%
c i 83.16 187 34 22 63 6912 5 331947 31324 2.1 14 7 5 8 7% 283310 615922 75614 9%
c i 83.35 188 33 22 63 6935 5 333603 32190 2.1 14 7 5 8 7% 283340 615922 75613 9%
c
c  seconds    switched    rate          size/glue tier1    binary          remaining
c          MB   reductions  conflicts         size  tier2      irredundant
c           level    restarts      redundant    glue  trail            variables
c
c i 83.52 188 33 22 63 6953 5 335307 33115 2.2 14 7 5 8 7% 283366 615922 75612 9%
c i 83.55 188 32 22 63 6973 5 335586 33250 2.2 14 7 5 8 7% 283378 615922 75611 9%
c i 83.60 188 32 22 63 6975 5 336577 33678 2.2 14 7 5 8 7% 283393 615922 75610 9%
c i 83.69 189 32 22 63 6999 5 336904 33868 2.2 14 7 5 8 7% 283417 615922 75609 9%
c i 83.70 189 32 22 63 7000 5 336918 33878 2.2 14 7 5 8 7% 283418 615922 75608 9%
c - 83.86 189 32 22 64 7043 5 338175 30523 2.2 14 7 5 8 7% 283090 615922 75608 9%
c i 83.89 189 32 22 64 7057 5 338460 30644 2.2 14 7 5 8 7% 283100 615922 75607 9%
c i 83.90 189 32 22 64 7066 5 338505 30676 2.2 14 7 5 8 7% 283102 615922 75606 9%
c i 83.92 189 32 22 64 7083 5 338696 30775 2.2 14 7 5 8 7% 283111 615922 75605 9%
c i 83.96 189 31 22 64 7122 5 338881 30894 2.2 15 7 5 8 7% 283115 615922 75604 9%
c i 83.96 189 31 22 64 7123 5 338932 30916 2.2 15 7 5 8 7% 283116 615922 75603 9%
c i 84.29 190 30 22 64 7162 5 344132 33627 2.2 14 6 5 8 7% 283149 615921 75602 9%
c i 84.38 190 30 22 64 7198 5 344464 33853 2.2 14 6 5 8 7% 283167 615921 75601 9%
c i 84.38 190 30 22 64 7204 5 344502 33859 2.2 14 6 5 8 7% 283176 615921 75600 9%
c i 84.39 190 30 22 64 7213 5 344595 33921 2.2 14 6 5 8 7% 283184 615921 75599 9%
c i 84.43 190 30 22 64 7240 5 345048 34143 2.2 14 6 5 8 7% 283194 615921 75598 9%
c - 84.52 190 29 22 65 7257 5 346175 27476 2.2 14 6 5 8 7% 282855 615921 75598 9%
c i 84.76 190 28 22 65 7257 5 350527 29693 2.2 14 6 5 8 7% 282879 615921 75597 9%
c i 84.80 190 28 22 65 7257 5 350574 29717 2.2 14 6 5 8 7% 282897 615921 75596 9%
c i 84.98 190 27 22 65 7273 4 353538 31491 2.2 14 6 5 8 7% 282910 615921 75595 9%
c
c  seconds    switched    rate          size/glue tier1    binary          remaining
c          MB   reductions  conflicts         size  tier2      irredundant
c           level    restarts      redundant    glue  trail            variables
c
c i 85.05 190 27 22 65 7285 4 353748 31653 2.2 14 6 5 8 7% 282929 615921 75594 9%
c i 85.06 190 27 22 65 7289 4 353860 31730 2.2 14 6 5 8 7% 282932 615921 75593 9%
c - 85.10 190 27 22 66 7301 4 354237 20362 2.2 14 6 4 8 7% 282734 615921 75593 9%
c } 85.31 190 26 23 66 7463 4 357567 23041 2.2 14 6 4 8 7% 282750 615921 75593 9%
c [ 85.31 190 132 23 66 7463 7 357567 23041 2.3 121 53 5 10 12% 282750 615921 75593 9%
c W 85.48 192 132 23 66 7463 7 357567 23041 2.3 121 53 5 10 12% 282748 615833 75593 9%
c - 85.79 193 129 23 67 7466 7 362361 22793 2.3 119 52 5 10 12% 282750 615833 75593 9%
c - 86.34 194 124 23 68 7469 7 370547 25132 2.3 117 51 5 10 12% 282755 615833 75593 9%
c - 86.88 194 117 23 69 7475 7 378794 25479 2.3 113 48 5 10 12% 282757 615833 75593 9%
c d 87.03 195 116 23 69 7476 7 380303 26571 2.3 113 48 5 10 12% 282823 615735 75581 9%
c b 87.10 195 116 23 69 7476 7 380303 26571 2.3 113 48 5 10 12% 282823 615735 75580 9%
c u 87.27 195 116 23 69 7476 7 380303 26021 2.3 113 48 5 10 12% 282776 615735 75580 9%
c v 87.43 195 116 23 69 7476 7 380303 25494 2.3 113 48 5 10 12% 282775 615735 75580 9%
c w 87.51 195 116 23 69 7476 7 380303 25442 2.3 113 48 5 10 12% 282775 615735 75580 9%
c t 87.61 195 116 23 69 7476 7 380303 25442 2.3 113 48 5 10 12% 282017 615733 75580 9%
c f 87.86 161 116 23 69 7476 7 380303 25442 2.3 113 48 5 10 12% 280943 612546 75816 9%
c u 88.14 179 116 23 69 7476 7 380303 24796 2.3 113 48 5 10 12% 280960 612546 75816 9%
c v 88.29 179 116 23 69 7476 7 380303 24551 2.3 113 48 5 10 12% 280960 612546 75816 9%
c w 88.37 179 116 23 69 7476 7 380303 24383 2.3 113 48 5 10 12% 280960 612546 75816 9%
c d 88.41 179 116 23 69 7476 7 380303 24383 2.3 113 48 5 10 12% 280958 612544 75815 9%
c
c  seconds     switched    rate          size/glue   tier1      binary          remaining
c          MB    reductions  conflicts         size    tier2        irredundant
c            level    restarts      redundant      glue    trail            variables
c
c t 88.48 179 116 23 69 7476 7 380303 24383 2.3 113 48 5 10 12% 280866 612544 75815 9%
c f 88.73 161 116 23 69 7476 7 380303 24383 2.3 113 48 5 10 12% 280636 611591 75881 9%
c - 89.16 179 113 23 70 7477 7 387101 24715 2.4 112 47 5 10 12% 280591 611591 75881 9%
c - 89.75 180 108 23 71 7480 7 395469 25529 2.4 110 45 4 10 12% 280594 611591 75881 9%
c s 90.16 180 107 23 71 7480 7 396297 26255 2.4 110 45 4 10 12% 281851 595647 75881 9%
c e 91.04 194 107 23 71 7480 7 396297 26255 2.4 110 45 4 10 12% 287839 601017 74418 9%
c 2 91.05 194 107 23 71 7480 7 396297 26255 2.4 110 45 4 10 12% 286060 601017 74418 9%
c s 91.29 194 107 23 71 7480 7 396297 26255 2.4 110 45 4 10 12% 294840 581015 74418 9%
c e 92.71 196 107 23 71 7480 7 396297 26255 2.4 110 45 4 10 12% 295566 587134 73286 9%
c - 93.22 196 103 23 72 7484 7 403897 25218 2.5 109 44 4 10 12% 295567 587134 73286 9%
c O 93.34 196 102 23 72 7485 7 405728 26575 2.5 108 43 4 10 12% 295567 587134 73286 9%
c o 93.36 196 102 23 72 7485 7 405728 26575 2.5 108 43 4 10 12% 295567 587134 73286 9%
c - 93.85 197 106 23 73 7490 6 412382 26061 2.5 110 45 4 10 12% 295573 587134 73286 9%
c ] 93.90 197 105 24 73 7490 6 413082 26618 2.5 110 45 4 10 12% 295573 587134 73286 9%
c { 93.90 197 26 24 73 7490 4 413082 26618 2.2 14 6 4 8 7% 295573 587134 73286 9%
c - 94.52 199 26 24 74 7839 4 420926 27053 2.1 13 6 4 8 7% 295612 587134 73286 9%
c i 94.60 199 25 24 74 7873 4 422275 27905 2.1 13 6 4 8 7% 295622 587134 73285 9%
c i 94.82 199 26 24 74 8057 4 424302 29179 2.1 13 6 4 8 7% 295650 587134 73284 9%
c i 94.87 199 26 24 74 8091 4 424506 29317 2.1 13 6 4 8 7% 295668 587134 73283 9%
c - 95.24 200 26 24 75 8356 4 429530 24750 2.1 13 6 4 7 7% 295583 587134 73283 9%
c
c  seconds    switched    rate          size/glue tier1    binary          remaining
c          MB   reductions  conflicts         size  tier2      irredundant
c           level    restarts      redundant    glue  trail            variables
c
c i 95.43 177 26 24 75 8413 4 431409 26019 2.1 13 6 4 7 7% 295608 587134 73282 9%
c i 95.45 177 26 24 75 8433 4 431549 26118 2.1 13 6 4 7 7% 295614 587134 73281 9%
c i 95.58 179 26 24 75 8516 4 433056 27036 2.1 13 6 4 7 7% 295630 587134 73280 9%
c i 95.59 179 26 24 75 8538 4 433158 27072 2.1 13 6 4 7 7% 295639 587134 73279 9%
c i 95.63 179 26 24 75 8539 4 433977 27648 2.1 13 6 4 7 7% 295648 587134 73278 9%
c i 95.67 180 26 24 75 8559 4 434072 27704 2.1 13 6 4 7 7% 295664 587132 73277 9%
c i 95.83 182 26 24 75 8694 4 435957 28968 2.1 13 6 4 7 7% 295685 587132 73276 9%
c i 95.88 182 26 24 75 8714 4 436943 29658 2.1 13 6 4 7 7% 295692 587132 73275 9%
c - 96.01 182 26 24 76 8805 4 438190 25628 2.1 13 6 4 7 7% 295465 587132 73275 9%
c i 96.02 182 26 24 76 8805 4 438465 25802 2.1 13 6 4 7 7% 295472 587132 73274 9%
c c 96.37 176 25 24 76 8919 4 440470 27027 2.1 13 6 4 7 7% 305725 586704 73132 9%
c d 96.40 176 25 24 76 8919 4 440470 26374 2.1 13 6 4 7 7% 305276 586689 73129 9%
c d 96.43 176 25 24 76 8919 4 440470 26374 2.1 13 6 4 7 7% 305274 586688 73128 9%
c b 96.47 176 25 24 76 8919 4 440470 26374 2.1 13 6 4 7 7% 305274 586688 73124 9%
c u 96.63 180 25 24 76 8919 4 440470 25715 2.1 13 6 4 7 7% 304856 586688 73124 9%
c v 96.78 181 25 24 76 8919 4 440470 23868 2.1 13 6 4 7 7% 304857 586688 73124 9%
c w 96.85 181 25 24 76 8919 4 440470 23520 2.1 13 6 4 7 7% 304857 586688 73124 9%
c t 97.54 194 25 24 76 8919 4 440470 23520 2.1 13 6 4 7 7% 303465 586674 73124 9%
c b 97.57 194 25 24 76 8919 4 440470 23520 2.1 13 6 4 7 7% 303465 586674 73122 9%
c f 97.81 162 25 24 76 8919 4 440470 23520 2.1 13 6 4 7 7% 293772 576035 73966 9%
c
c  seconds    switched    rate          size/glue tier1    binary          remaining
c          MB   reductions  conflicts         size  tier2      irredundant
c           level    restarts      redundant    glue  trail            variables
c
c u 98.15 179 25 24 76 8919 4 440470 22851 2.1 13 6 4 7 7% 293788 576033 73965 9%
c v 98.31 179 25 24 76 8919 4 440470 21717 2.1 13 6 4 7 7% 293788 576033 73965 9%
c w 98.38 179 25 24 76 8919 4 440470 21329 2.1 13 6 4 7 7% 293788 576033 73965 9%
c d 98.43 179 25 24 76 8919 4 440470 21293 2.1 13 6 4 7 7% 293786 576031 73964 9%
c t 98.52 179 25 24 76 8919 4 440470 21293 2.1 13 6 4 7 7% 293560 576031 73964 9%
c b 98.54 179 25 24 76 8919 4 440470 21293 2.1 13 6 4 7 7% 293560 576031 73963 9%
c f 98.80 161 25 24 76 8919 4 440470 21293 2.1 13 6 4 7 7% 293130 574848 74050 9%
c i 98.82 174 25 24 76 8919 4 440470 21293 2.1 13 6 4 7 7% 293130 574848 74050 9%
c i 98.89 178 26 24 76 8952 4 440812 21513 2.1 13 6 4 7 7% 293153 574848 74049 9%
c i 98.89 178 26 24 76 8963 4 440845 21533 2.1 13 6 4 7 7% 293156 574848 74048 9%
c i 98.89 178 26 24 76 8966 4 440863 21533 2.1 13 6 4 7 7% 293164 574848 74047 9%
c i 98.90 179 26 24 76 8966 4 441018 21618 2.1 13 6 4 7 7% 293171 574848 74046 9%
c i 98.90 179 26 24 76 8966 4 441027 21619 2.1 13 6 4 7 7% 293172 574848 74045 9%
c i 98.91 179 26 24 76 8980 4 441221 21733 2.1 13 6 4 7 7% 293176 574848 74044 9%
c i 99.03 181 26 24 76 9057 4 442592 22615 2.1 13 6 4 7 7% 293192 574847 74043 9%
c i 99.16 182 26 24 76 9139 4 443513 23231 2.1 13 6 4 7 7% 293203 574847 74042 9%
c i 99.20 182 26 24 76 9148 4 444392 23837 2.0 13 6 4 7 7% 293212 574847 74041 9%
c - 99.38 183 26 24 77 9281 4 446907 21729 2.0 13 6 4 7 7% 292693 574847 74041 9%
c } 99.54 183 25 25 77 9346 4 449760 23463 2.0 13 6 4 7 7% 292700 574847 74041 9%
c [ 99.54 183 105 25 77 9346 6 449760 23463 2.5 110 45 4 10 12% 292700 574847 74041 9%
c
c  seconds     switched    rate          size/glue   tier1      binary          remaining
c          MB    reductions  conflicts         size    tier2        irredundant
c            level    restarts      redundant      glue    trail            variables
c
c i 99.60 183 104 25 77 9346 6 450790 24090 2.5 109 44 4 10 11% 292707 574847 74040 9%
c - 99.94 184 105 25 78 9350 6 455682 21257 2.5 110 45 4 10 11% 292676 574847 74040 9%
c B 100.14 184 105 25 78 9352 6 458516 23612 2.4 109 45 4 10 11% 292676 574847 74040 9%
c - 100.61 184 101 25 79 9354 6 464515 23206 2.5 106 43 4 10 11% 292677 574846 74040 9%
c - 101.25 185 96 25 80 9359 6 473403 24604 2.5 104 42 4 10 11% 292678 574846 74040 9%
c i 101.59 185 93 25 80 9360 6 478498 28524 2.5 102 41 4 10 11% 292681 574846 74039 9%
c i 101.62 185 93 25 80 9360 6 479048 28839 2.5 102 41 4 10 11% 292681 574846 74038 9%
c i 101.76 185 92 25 80 9360 6 481112 30467 2.5 102 40 4 10 11% 292682 574846 74037 9%
c - 101.85 185 92 25 81 9360 6 482347 26267 2.5 102 40 4 10 11% 292606 574846 74037 9%
c - 102.53 186 89 25 82 9366 6 491347 28189 2.6 101 39 4 10 11% 292608 574846 74037 9%
c ] 103.22 186 85 26 82 9370 6 500132 34658 2.6 99 38 4 10 11% 292610 574846 74037 9%
c { 103.22 186 25 26 82 9370 4 500132 34658 2.0 13 6 4 7 7% 292610 574846 74037 9%
c o 103.28 186 25 26 82 9379 4 500182 34699 2.0 13 6 4 7 7% 292615 574846 74037 9%
c - 103.31 186 25 26 83 9401 4 500403 27905 2.0 13 6 4 7 7% 292615 574846 74037 9%
c i 103.35 186 25 26 83 9416 4 500894 28179 2.0 13 6 4 7 7% 292621 574846 74036 9%
c i 103.35 186 25 26 83 9416 4 500919 28189 2.0 13 6 4 7 7% 292624 574846 74035 9%
c i 103.38 186 25 26 83 9419 4 501131 28300 2.0 13 6 4 7 7% 292629 574846 74034 9%
c i 103.38 186 25 26 83 9419 4 501143 28302 2.0 13 6 4 7 7% 292633 574846 74033 9%
c i 103.43 187 25 26 83 9448 4 501419 28495 2.0 13 6 4 7 7% 292646 574846 74032 9%
c c 103.85 176 24 26 83 9585 4 505233 30859 2.0 12 6 4 7 7% 293178 574834 74030 9%
c
c  seconds     switched    rate          size/glue tier1    binary          remaining
c           MB   reductions  conflicts         size  tier2      irredundant
c            level    restarts      redundant    glue  trail            variables
c
c d 103.89 176 24 26 83 9585 4 505233 30634 2.0 12 6 4 7 7% 293188 574820 74030 9%
c b 103.96 176 24 26 83 9585 4 505233 30634 2.0 12 6 4 7 7% 293188 574820 74028 9%
c u 104.13 180 24 26 83 9585 4 505233 29955 2.0 12 6 4 7 7% 293202 574820 74028 9%
c v 104.26 180 24 26 83 9585 4 505233 29484 2.0 12 6 4 7 7% 293202 574820 74028 9%
c w 104.33 180 24 26 83 9585 4 505233 29442 2.0 12 6 4 7 7% 293202 574820 74028 9%
c x 104.53 184 24 26 83 9585 4 505233 29442 2.0 12 6 4 7 7% 293204 574808 74028 9%
c d 104.57 184 24 26 83 9585 4 505233 29441 2.0 12 6 4 7 7% 293202 574808 74027 9%
c t 104.67 184 24 26 83 9585 4 505233 29441 2.0 12 6 4 7 7% 292668 574808 74027 9%
c b 104.69 184 24 26 83 9585 4 505233 29441 2.0 12 6 4 7 7% 292668 574808 74026 9%
c f 104.95 161 24 26 83 9585 4 505233 29441 2.0 12 6 4 7 7% 292518 574279 74063 9%
c u 105.29 181 24 26 83 9585 4 505233 28269 2.0 12 6 4 7 7% 292579 574279 74059 9%
c v 105.48 181 24 26 83 9585 4 505233 27845 2.0 12 6 4 7 7% 292579 574279 74059 9%
c w 105.56 181 24 26 83 9585 4 505233 27737 2.0 12 6 4 7 7% 292579 574279 74059 9%
c d 105.60 181 24 26 83 9585 4 505233 27639 2.0 12 6 4 7 7% 292580 574278 74058 9%
c t 105.69 181 24 26 83 9585 4 505233 27639 2.0 12 6 4 7 7% 292568 574278 74058 9%
c i 105.77 181 24 26 83 9585 4 505233 27639 2.0 12 6 4 7 7% 292560 574278 74058 9%
c i 105.84 183 25 26 83 9609 4 505404 27754 2.0 12 6 4 7 7% 292569 574278 74057 9%
c i 106.14 184 25 26 83 9874 4 508133 29438 2.0 13 6 4 7 7% 292588 574278 74056 9%
c i 106.16 184 25 26 83 9895 4 508224 29495 2.0 13 6 4 7 7% 292592 574278 74055 9%
c i 106.18 184 25 26 83 9900 4 508378 29579 2.0 13 6 4 7 7% 292598 574278 74054 9%
c
c  seconds     switched    rate          size/glue tier1    binary          remaining
c           MB   reductions  conflicts         size  tier2      irredundant
c            level    restarts      redundant    glue  trail            variables
c
c - 106.26 184 25 26 84 9951 4 509514 26564 2.0 13 6 4 7 7% 292293 574278 74054 9%
c i 106.52 184 24 26 84 10061 4 513976 29427 2.0 12 6 4 7 7% 292311 574278 74053 9%
c i 106.73 185 24 26 84 10172 4 515594 30502 2.0 12 6 4 7 7% 292334 574278 74052 9%
c i 106.74 185 24 26 84 10187 4 515685 30564 2.0 12 6 4 7 7% 292335 574278 74051 9%
c - 106.97 185 24 26 85 10290 4 518680 24990 2.0 12 6 4 7 7% 292238 574278 74051 9%
c i 107.04 185 24 26 85 10318 4 519852 25705 2.0 12 6 4 7 7% 292242 574278 74050 9%
c i 107.18 186 24 26 85 10397 4 521597 26762 2.0 12 6 4 7 7% 292254 574278 74049 9%
c i 107.25 186 24 26 85 10416 4 521776 26881 2.0 12 6 4 7 7% 292270 574278 74048 9%
c - 107.58 186 23 26 86 10618 4 527901 24298 1.9 12 6 4 7 7% 292176 574278 74048 9%
c i 107.58 186 23 26 86 10618 4 528029 24367 1.9 12 6 4 7 7% 292181 574278 74047 9%
c i 107.69 186 23 26 86 10685 4 528823 24870 1.9 12 6 4 7 7% 292197 574278 74046 9%
c i 107.69 186 23 26 86 10689 4 528848 24882 1.9 12 6 4 7 7% 292198 574278 74045 9%
c i 108.03 186 22 26 86 10911 4 534612 28401 1.9 12 6 4 7 7% 292219 574278 74044 9%
c i 108.09 186 23 26 86 10953 4 535023 28639 1.9 12 6 4 7 7% 292234 574278 74043 9%
c i 108.10 186 23 26 86 10956 4 535043 28647 1.9 12 6 4 7 7% 292236 574278 74042 9%
c - 108.29 187 23 26 87 11092 4 537175 20104 1.9 12 6 4 7 7% 292045 574278 74042 9%
c i 108.32 187 22 26 87 11105 4 537856 20516 1.9 12 6 4 7 7% 292054 574278 74041 9%
c i 108.55 187 23 26 87 11258 4 539470 21572 1.9 12 6 4 7 7% 292070 574278 74040 9%
c i 108.62 187 23 26 87 11335 4 540034 21938 1.9 12 6 4 7 7% 292081 574278 74039 9%
c i 108.73 187 23 26 87 11387 4 540649 22367 1.9 12 6 4 7 7% 292096 574278 74038 9%
c
c  seconds     switched     rate          size/glue tier1    binary          remaining
c           MB   reductions   conflicts         size  tier2      irredundant
c            level    restarts       redundant    glue  trail            variables
c
c i 108.74 187 24 26 87 11396 4 540693 22389 1.9 12 6 4 7 7% 292099 574278 74037 9%
c i 108.88 187 24 26 87 11493 4 541878 23107 1.9 12 6 4 7 7% 292106 574278 74036 9%
c } 108.92 187 24 27 87 11527 4 542350 23430 1.9 12 6 4 7 7% 292107 574278 74036 9%
c [ 108.92 187 85 27 87 11527 6 542350 23430 2.6 99 38 4 10 11% 292107 574278 74036 9%
c W 109.15 191 85 27 87 11527 6 542350 23430 2.6 99 38 4 10 11% 291933 574250 74036 9%
c s 109.61 191 85 27 87 11528 6 543573 24433 2.6 99 38 4 10 11% 292028 562096 74036 9%
c e 110.24 192 85 27 87 11528 6 543573 24433 2.6 99 38 4 10 11% 295967 567365 72917 9%
c 2 110.24 192 85 27 87 11528 6 543573 24433 2.6 99 38 4 10 11% 294688 567365 72917 9%
c s 110.52 192 85 27 87 11528 6 543573 24433 2.6 99 38 4 10 11% 301547 550139 72917 9%
c e 111.57 193 85 27 87 11528 6 543573 24433 2.6 99 38 4 10 11% 302253 555331 72040 9%
c i 111.72 194 84 27 87 11529 6 545134 23440 2.6 98 38 4 10 11% 302253 555331 72039 9%
c - 111.83 194 85 27 88 11529 6 546503 22316 2.6 98 38 4 10 11% 302218 555331 72039 9%
c - 112.49 195 80 27 89 11534 6 555883 24994 2.6 93 36 4 10 11% 302219 555331 72039 9%
c - 113.09 195 76 27 90 11540 6 565316 26497 2.6 89 34 4 10 11% 302219 555331 72039 9%
c - 113.67 196 73 27 91 11541 6 574802 28054 2.6 87 33 4 10 11% 302223 555331 72039 9%
c d 113.71 196 73 27 91 11541 6 574879 28123 2.6 87 33 4 10 11% 302230 555321 72038 9%
c b 113.78 196 73 27 91 11541 6 574879 28123 2.6 87 33 4 10 11% 302230 555321 72037 9%
c u 113.96 196 73 27 91 11541 6 574879 27203 2.6 87 33 4 10 11% 301077 555321 72037 9%
c v 114.13 196 73 27 91 11541 6 574879 26364 2.6 87 33 4 10 11% 301076 555321 72037 9%
c w 114.21 196 73 27 91 11541 6 574879 25809 2.6 87 33 4 10 11% 301076 555321 72037 9%
c
c  seconds     switched     rate          size/glue  tier1      binary          remaining
c           MB   reductions   conflicts         size   tier2        irredundant
c            level    restarts       redundant     glue    trail            variables
c
c t 114.31 196 73 27 91 11541 6 574879 25809 2.6 87 33 4 10 11% 300443 555321 72037 9%
c f 114.61 161 73 27 91 11541 6 574879 25809 2.6 87 33 4 10 11% 296283 550098 72489 9%
c c 114.83 175 73 27 91 11541 6 574879 25444 2.6 87 33 4 10 11% 304758 549977 72449 9%
c d 114.86 175 73 27 91 11541 6 574879 25444 2.6 87 33 4 10 11% 304644 549977 72449 9%
c u 115.07 178 73 27 91 11541 6 574879 25135 2.6 87 33 4 10 11% 304542 549977 72449 9%
c v 115.20 178 73 27 91 11541 6 574879 24811 2.6 87 33 4 10 11% 304542 549977 72449 9%
c w 115.26 178 73 27 91 11541 6 574879 24695 2.6 87 33 4 10 11% 304542 549977 72449 9%
c x 115.46 183 73 27 91 11541 6 574879 24695 2.6 87 33 4 10 11% 304542 549962 72449 9%
c t 115.56 183 73 27 91 11541 6 574879 24695 2.6 87 33 4 10 11% 304479 549962 72449 9%
c f 115.85 161 73 27 91 11541 6 574879 24695 2.6 87 33 4 10 11% 303296 544276 72791 9%
c - 116.45 179 69 27 92 11547 5 584341 26885 2.6 83 32 4 10 11% 303297 544275 72791 9%
c - 117.07 180 68 27 93 11551 5 593932 28567 2.6 82 31 4 10 11% 303302 544275 72791 9%
c ] 117.56 181 65 28 93 11555 5 601748 34283 2.6 79 30 4 10 11% 303303 544275 72791 9%
c { 117.56 181 24 28 93 11555 4 601748 34283 1.9 12 6 4 7 7% 303303 544275 72791 9%
c o 117.60 181 24 28 93 11562 4 601791 34314 1.9 12 6 4 7 7% 303304 544275 72791 9%
c i 117.68 181 23 28 93 11577 4 603027 35121 1.9 12 6 4 7 7% 303313 544275 72790 9%
c - 117.77 183 24 28 94 11608 4 603576 26861 1.9 12 6 4 7 7% 303302 544275 72790 9%
c i 117.94 184 23 28 94 11739 4 605857 28542 1.9 12 6 4 7 7% 303315 544275 72789 9%
c i 118.01 185 23 28 94 11759 4 606607 29046 1.9 12 6 4 7 7% 303326 544275 72788 9%
c - 118.37 185 22 28 95 11939 4 613271 27033 1.9 12 6 4 7 7% 303271 544275 72788 9%
c
c  seconds     switched     rate          size/glue tier1    binary          remaining
c           MB   reductions   conflicts         size  tier2      irredundant
c            level    restarts       redundant    glue  trail            variables
c
c i 118.38 185 22 28 95 11939 4 613476 27146 1.9 12 6 4 7 7% 303277 544275 72787 9%
c i 118.40 185 23 28 95 11942 4 613522 27184 1.9 12 6 4 7 7% 303281 544275 72786 9%
c i 118.41 185 23 28 95 11947 4 613573 27213 1.9 12 6 4 7 7% 303286 544275 72785 9%
c i 118.65 186 23 28 95 12068 4 616167 28817 1.9 12 6 4 7 7% 303307 544275 72784 9%
c i 118.76 186 22 28 95 12105 4 617840 29944 1.9 12 6 4 7 7% 303322 544275 72781 9%
c i 118.81 186 22 28 95 12130 4 618673 30460 1.9 12 6 4 7 7% 303337 544275 72780 9%
c i 118.85 186 22 28 95 12139 4 618832 30585 1.9 12 6 4 7 7% 303344 544275 72779 9%
c i 118.85 186 23 28 95 12150 4 618910 30626 1.9 12 6 4 7 7% 303347 544275 72778 9%
c i 118.90 187 23 28 95 12169 4 619185 30775 1.9 12 6 4 7 7% 303352 544275 72777 9%
c i 118.90 187 23 28 95 12169 4 619221 30789 1.9 12 6 4 7 7% 303358 544275 72776 9%
c i 118.95 187 23 28 95 12173 4 620134 31381 1.9 12 6 4 7 7% 303364 544275 72775 9%
c i 118.99 187 23 28 95 12193 4 620421 31559 1.9 12 6 4 7 7% 303373 544275 72774 9%
c i 119.03 187 23 28 95 12223 4 621353 32210 1.9 12 6 4 7 7% 303377 544275 72773 9%
c i 119.05 187 23 28 95 12228 4 621405 32241 1.9 12 6 4 7 7% 303383 544275 72772 9%
c i 119.16 187 22 28 95 12276 4 622976 33206 1.9 12 6 4 7 7% 303394 544275 72771 9%
c - 119.20 187 23 28 96 12278 4 623017 19570 1.9 12 6 4 7 7% 302879 544275 72771 9%
c i 119.47 187 22 28 96 12451 4 628382 23002 1.9 12 6 4 7 7% 302891 544275 72768 9%
c i 119.69 188 22 28 96 12542 4 630589 24396 1.9 12 6 4 7 7% 302943 544275 72767 9%
c i 119.78 188 22 28 96 12591 4 631581 24991 1.9 12 6 4 7 7% 302957 544275 72766 9%
c i 119.85 188 22 28 96 12609 4 632626 25644 1.9 12 6 4 7 7% 302980 544275 72765 9%
c
c  seconds     switched     rate          size/glue tier1    binary          remaining
c           MB   reductions   conflicts         size  tier2      irredundant
c            level    restarts       redundant    glue  trail            variables
c
c i 119.88 188 22 28 96 12631 4 632810 25774 1.9 12 6 4 7 7% 302990 544275 72764 9%
c i 119.88 188 22 28 96 12631 4 632811 25774 1.9 12 6 4 7 7% 302990 544275 72763 9%
c - 119.90 188 22 28 97 12632 4 632820 18957 1.9 12 6 4 7 7% 302783 544275 72763 9%
c i 120.27 188 22 28 97 12817 4 638565 22532 1.9 12 6 4 7 7% 302813 544275 72762 9%
c i 120.31 188 22 28 97 12831 4 638754 22656 1.9 12 6 4 7 7% 302831 544275 72761 9%
c i 120.36 188 22 28 97 12877 4 639720 23254 1.9 12 6 4 7 7% 302832 544275 72759 9%
c i 120.43 188 22 28 97 12893 4 640622 23834 1.8 12 6 4 7 7% 302849 544275 72758 9%
c - 120.59 188 22 28 98 12980 4 642668 19293 1.9 12 6 4 7 7% 302725 544275 72758 9%
c i 120.84 188 21 28 98 13159 3 647313 22092 1.8 12 6 4 7 7% 302741 544275 72757 9%
c d 121.03 188 21 28 98 13224 3 649266 19371 1.8 12 6 4 7 7% 302768 544242 72751 9%
c b 121.10 188 21 28 98 13224 3 649266 19371 1.8 12 6 4 7 7% 302768 544242 72746 9%
c u 121.31 189 21 28 98 13224 3 649266 18405 1.8 12 6 4 7 7% 302769 544242 72746 9%
c v 121.50 189 21 28 98 13224 3 649266 16518 1.8 12 6 4 7 7% 302770 544242 72746 9%
c w 121.60 189 21 28 98 13224 3 649266 16145 1.8 12 6 4 7 7% 302770 544242 72746 9%
c t 121.71 189 21 28 98 13224 3 649266 16145 1.8 12 6 4 7 7% 302339 544238 72746 9%
c b 121.73 189 21 28 98 13224 3 649266 16145 1.8 12 6 4 7 7% 302339 544238 72745 9%
c f 121.82 161 21 28 98 13224 3 649266 16145 1.8 12 6 4 7 7% 302336 544139 72751 9%
c u 122.07 177 21 28 98 13224 3 649266 15863 1.8 12 6 4 7 7% 302344 544139 72751 9%
c v 122.17 177 21 28 98 13224 3 649266 15785 1.8 12 6 4 7 7% 302344 544139 72751 9%
c w 122.25 178 21 28 98 13224 3 649266 15767 1.8 12 6 4 7 7% 302344 544139 72751 9%
c
c  seconds     switched     rate          size/glue tier1    binary          remaining
c           MB   reductions   conflicts         size  tier2      irredundant
c            level    restarts       redundant    glue  trail            variables
c
c x 122.57 181 21 28 98 13224 3 649266 15767 1.8 12 6 4 7 7% 302344 543726 72751 9%
c t 122.68 181 21 28 98 13224 3 649266 15767 1.8 12 6 4 7 7% 301565 543726 72751 9%
c f 122.74 161 21 28 98 13224 3 649266 15767 1.8 12 6 4 7 7% 301566 543708 72752 9%
c } 122.86 178 21 29 98 13251 4 649886 16155 1.8 12 6 4 7 7% 301588 543708 72752 9%
c [ 122.86 178 65 29 98 13251 5 649886 16155 2.6 79 30 4 10 11% 301588 543708 72752 9%
c I 122.86 178 65 29 98 13251 5 649886 16155 2.6 79 30 4 10 11% 301588 543708 72752 9%
c - 123.04 179 65 29 99 13253 5 652567 16780 2.6 79 30 4 10 11% 301393 543708 72752 9%
c - 123.75 181 63 29 100 13257 5 662516 21158 2.7 78 29 4 10 11% 301398 543708 72752 9%
c - 124.45 181 61 29 101 13264 5 672518 24411 2.7 77 29 4 10 11% 301400 543708 72752 9%
c - 125.21 182 60 29 102 13265 5 682567 26222 2.8 78 28 4 10 11% 301402 543707 72752 9%
c - 125.90 183 60 29 103 13271 5 692666 27242 2.8 78 28 4 10 11% 301405 543707 72752 9%
c - 126.61 183 59 29 104 13277 5 702814 27394 2.8 79 29 4 9 11% 301405 543707 72752 9%
c ] 127.17 183 57 30 104 13280 4 711379 34055 2.8 77 28 4 9 11% 301408 543707 72752 9%
c { 127.17 183 21 30 104 13280 4 711379 34055 1.8 12 6 4 7 7% 301408 543707 72752 9%
c i 127.22 184 21 30 104 13305 4 711736 34250 1.8 12 6 4 7 7% 301432 543707 72751 9%
c i 127.23 184 21 30 104 13310 4 711859 34310 1.8 12 6 4 7 7% 301439 543707 72750 9%
c o 127.25 184 21 30 104 13310 4 711859 34310 1.8 12 6 4 7 7% 301439 543707 72750 9%
c i 127.26 185 21 30 104 13316 4 711893 34333 1.8 12 6 4 7 7% 301443 543707 72749 9%
c i 127.26 185 21 30 104 13316 4 711916 34344 1.8 12 6 4 7 7% 301445 543707 72748 9%
c i 127.26 185 21 30 104 13316 4 711917 34344 1.8 12 6 4 7 7% 301445 543707 72747 9%
c
c  seconds     switched      rate          size/glue tier1    binary          remaining
c           MB   reductions    conflicts         size  tier2      irredundant
c            level     restarts       redundant    glue  trail            variables
c
c - 127.37 185 21 30 105 13395 4 713012 27509 1.8 12 6 4 7 7% 301303 543707 72747 9%
c i 127.48 186 21 30 105 13500 4 714225 28279 1.8 12 6 4 7 7% 301314 543707 72746 9%
c i 127.59 186 21 30 105 13557 4 715859 29245 1.8 12 6 4 7 7% 301330 543707 72745 9%
c i 127.72 186 21 30 105 13625 4 717283 30152 1.8 12 6 4 7 7% 301348 543707 72744 9%
c 2 127.81 186 21 30 105 13678 4 718709 30977 1.8 12 6 4 7 7% 301349 543707 72743 9%
c s 128.03 186 21 30 105 13678 4 718709 30977 1.8 12 6 4 7 7% 301663 530698 72743 9%
c e 128.78 196 21 30 105 13678 4 718709 30977 1.8 12 6 4 7 7% 304537 535810 71615 9%
c 2 128.79 196 21 30 105 13678 4 718709 30977 1.8 12 6 4 7 7% 303331 535810 71615 9%
c s 128.96 196 21 30 105 13678 4 718709 30977 1.8 12 6 4 7 7% 311574 517063 71615 9%
c e 129.82 197 21 30 105 13678 4 718709 30977 1.8 12 6 4 7 7% 312502 521857 70835 8%
c i 130.05 170 21 30 105 13857 4 721329 31424 1.8 12 6 4 7 7% 312517 521857 70833 8%
c - 130.17 170 21 30 106 13941 4 723260 27447 1.8 12 6 4 7 7% 312472 521857 70833 8%
c i 130.39 170 21 30 106 14044 3 727339 29953 1.8 11 6 4 7 7% 312487 521857 70832 8%
c d 130.55 173 21 30 106 14091 3 728624 26850 1.8 11 6 4 7 7% 312504 521846 70831 8%
c b 130.62 173 21 30 106 14091 3 728624 26850 1.8 11 6 4 7 7% 312504 521846 70828 8%
c u 130.77 175 21 30 106 14091 3 728624 26021 1.8 11 6 4 7 7% 311435 521846 70827 8%
c v 130.93 176 21 30 106 14091 3 728624 25548 1.8 11 6 4 7 7% 311435 521846 70827 8%
c w 131.00 176 21 30 106 14091 3 728624 25398 1.8 11 6 4 7 7% 311435 521846 70827 8%
c x 131.23 179 21 30 106 14091 3 728624 25398 1.8 11 6 4 7 7% 311443 521330 70827 8%
c = 131.99 189 21 30 106 14091 3 728624 25398 1.8 11 6 4 7 7% 311731 521329 70683 8%
c
c  seconds     switched      rate          size/glue tier1    binary          remaining
c           MB   reductions    conflicts         size  tier2      irredundant
c            level     restarts       redundant    glue  trail            variables
c
c d 132.03 189 21 30 106 14091 3 728624 25379 1.8 11 6 4 7 7% 311301 521329 70683 8%
c t 132.14 189 21 30 106 14091 3 728624 25379 1.8 11 6 4 7 7% 310549 521329 70683 8%
c f 132.47 162 21 30 106 14091 3 728624 25379 1.8 11 6 4 7 7% 306260 516397 71115 8%
c c 132.68 174 21 30 106 14091 3 728624 24956 1.8 11 6 4 7 7% 314259 516359 71102 8%
c d 132.72 174 21 30 106 14091 3 728624 24956 1.8 11 6 4 7 7% 314217 516359 71102 8%
c u 132.96 179 21 30 106 14091 3 728624 24405 1.8 11 6 4 7 7% 314185 516359 71102 8%
c v 133.11 179 21 30 106 14091 3 728624 23652 1.8 11 6 4 7 7% 314186 516359 71102 8%
c w 133.18 179 21 30 106 14091 3 728624 23589 1.8 11 6 4 7 7% 314186 516359 71102 8%
c x 133.40 181 21 30 106 14091 3 728624 23589 1.8 11 6 4 7 7% 314186 515837 71102 8%
c t 133.50 181 21 30 106 14091 3 728624 23589 1.8 11 6 4 7 7% 312111 515837 71102 8%
c f 133.83 162 21 30 106 14091 3 728624 23589 1.8 11 6 4 7 7% 311122 510295 71427 8%
c i 133.85 174 21 30 106 14091 3 728624 23589 1.8 11 6 4 7 7% 311122 510295 71427 8%
c i 133.90 177 21 30 106 14105 3 728730 23644 1.8 11 6 4 7 7% 311130 510295 71425 8%
c i 134.16 177 20 30 106 14232 3 733330 26465 1.8 11 6 4 7 7% 311146 510295 71424 8%
c i 134.22 179 20 30 106 14245 3 733398 26510 1.8 11 6 4 7 7% 311159 510295 71423 8%
c i 134.22 179 20 30 106 14245 3 733403 26510 1.8 11 6 4 7 7% 311160 510295 71422 8%
c i 134.22 179 20 30 106 14245 3 733418 26510 1.8 11 6 4 7 7% 311163 510295 71420 8%
c - 134.24 179 20 30 107 14249 3 733555 19104 1.8 11 6 4 7 7% 310998 510295 71420 8%
c i 134.27 179 20 30 107 14249 3 733947 19359 1.8 11 6 4 7 7% 311004 510295 71419 8%
c i 134.35 180 20 30 107 14319 3 734880 19930 1.8 11 6 4 7 7% 311010 510295 71416 8%
c
c  seconds     switched      rate          size/glue tier1    binary          remaining
c           MB   reductions    conflicts         size  tier2      irredundant
c            level     restarts       redundant    glue  trail            variables
c
c i 134.43 181 21 30 107 14422 3 735607 20339 1.8 11 6 4 7 7% 311021 510295 71415 8%
c i 134.47 181 21 30 107 14427 4 736114 20715 1.8 11 6 4 7 7% 311024 510295 71414 8%
c i 134.64 181 20 30 107 14468 3 738965 22450 1.8 11 6 4 7 7% 311038 510295 71413 8%
c i 134.68 181 20 30 107 14486 3 739124 22541 1.8 11 6 4 7 7% 311050 510295 71412 8%
c i 134.70 181 20 30 107 14489 3 739499 22758 1.8 11 6 4 7 7% 311055 510295 71408 8%
c - 135.00 182 20 30 108 14756 3 743902 19494 1.8 11 6 4 7 7% 310813 510295 71408 8%
c - 135.66 182 19 30 109 15223 3 754295 24327 1.7 11 6 4 7 7% 310823 510295 71408 8%
c i 135.87 182 19 30 109 15299 3 757586 26329 1.7 11 6 4 7 7% 310838 510295 71400 8%
c i 135.95 182 19 30 109 15350 3 758468 26908 1.7 11 6 4 7 7% 310846 510295 71399 8%
c i 136.02 183 19 30 109 15388 3 759105 27332 1.7 11 6 4 7 7% 310855 510294 71398 8%
c i 136.07 183 19 30 109 15401 3 759166 27371 1.7 11 6 4 7 7% 310860 510294 71397 8%
c i 136.07 183 19 30 109 15404 3 759187 27370 1.7 11 6 4 7 7% 310867 510294 71395 8%
c i 136.07 183 19 30 109 15404 3 759188 27370 1.7 11 6 4 7 7% 310867 510294 71394 8%
c i 136.12 183 19 30 109 15417 3 759981 27892 1.7 11 6 4 7 7% 310880 510294 71392 8%
c i 136.12 183 19 30 109 15421 3 760019 27914 1.7 11 6 4 7 7% 310884 510294 71389 8%
c i 136.13 183 19 30 109 15427 3 760051 27928 1.7 11 6 4 7 7% 310885 510294 71388 8%
c i 136.39 184 19 30 109 15565 3 762917 29849 1.7 11 6 4 7 7% 310900 510294 71387 8%
c i 136.39 184 19 30 109 15573 3 763043 29910 1.7 11 6 4 7 7% 310905 510294 71385 8%
c - 136.49 184 19 30 110 15659 3 764736 18523 1.7 11 6 4 7 7% 310461 510294 71385 8%
c } 136.56 184 19 31 110 15704 3 765813 19149 1.7 11 6 4 7 7% 310463 510294 71385 8%
c
c  seconds     switched      rate          size/glue  tier1     binary          remaining
c           MB   reductions    conflicts         size   tier2       irredundant
c            level     restarts       redundant     glue   trail            variables
c
c [ 136.56 184 57 31 110 15704 4 765813 19149 2.8 77 28 4 9 11% 310463 510294 71385 8%
c B 136.56 184 57 31 110 15704 4 765813 19149 2.8 77 28 4 9 11% 310463 510294 71385 8%
c i 137.02 185 56 31 110 15709 4 772469 24783 2.8 78 27 4 9 11% 310469 510294 71384 8%
c - 137.22 185 56 31 111 15710 4 775225 22889 2.8 77 27 4 9 11% 310429 510294 71384 8%
c - 137.96 185 54 31 112 15716 4 785763 24420 2.9 76 26 4 9 11% 310432 510294 71384 8%
c i 138.10 185 53 31 112 15717 4 787780 25952 2.9 76 26 4 9 11% 310434 510294 71381 8%
c - 138.70 186 53 31 113 15718 5 796346 25724 2.9 75 26 4 9 11% 310404 510294 71381 8%
c - 139.47 186 52 31 114 15724 4 806977 26603 2.8 73 26 3 9 11% 310405 510294 71381 8%
c b 139.94 186 52 31 114 15725 4 812730 31155 2.8 72 25 3 9 11% 310457 510160 71377 8%
c u 140.12 186 52 31 114 15725 4 812730 30362 2.8 72 25 3 9 11% 310478 510160 71377 8%
c v 140.29 187 52 31 114 15725 4 812730 30086 2.8 72 25 3 9 11% 310478 510160 71377 8%
c w 140.37 187 52 31 114 15725 4 812730 29697 2.8 72 25 3 9 11% 310478 510160 71377 8%
c x 140.62 187 52 31 114 15725 4 812730 29697 2.8 72 25 3 9 11% 310482 509527 71377 8%
c d 140.66 187 52 31 114 15725 4 812730 29697 2.8 72 25 3 9 11% 310480 509527 71376 8%
c t 140.77 187 52 31 114 15725 4 812730 29697 2.8 72 25 3 9 11% 309880 509527 71376 8%
c b 140.80 187 52 31 114 15725 4 812730 29697 2.8 72 25 3 9 11% 309880 509527 71375 8%
c f 140.85 162 52 31 114 15725 4 812730 29697 2.8 72 25 3 9 11% 309878 509491 71377 8%
c b 140.94 174 52 31 114 15725 4 812730 29657 2.8 72 25 3 9 11% 309883 509491 71376 8%
c u 141.13 178 52 31 114 15725 4 812730 28856 2.8 72 25 3 9 11% 309911 509491 71375 8%
c v 141.30 179 52 31 114 15725 4 812730 28716 2.8 72 25 3 9 11% 309911 509491 71375 8%
c
c  seconds     switched      rate          size/glue  tier1     binary          remaining
c           MB   reductions    conflicts         size   tier2       irredundant
c            level     restarts       redundant     glue   trail            variables
c
c w 141.39 179 52 31 114 15725 4 812730 28457 2.8 72 25 3 9 11% 309911 509491 71375 8%
c x 141.65 181 52 31 114 15725 4 812730 28457 2.8 72 25 3 9 11% 309911 508760 71375 8%
c d 141.69 181 52 31 114 15725 4 812730 28385 2.8 72 25 3 9 11% 309909 508760 71374 8%
c t 141.80 181 52 31 114 15725 4 812730 28385 2.8 72 25 3 9 11% 309880 508760 71374 8%
c i 141.88 181 52 31 114 15725 4 812730 28385 2.8 72 25 3 9 11% 309879 508760 71374 8%
c - 142.25 181 51 31 115 15729 4 817655 25110 2.9 72 25 3 9 10% 309736 508760 71374 8%
c - 142.91 182 49 31 116 15733 4 828380 26358 2.8 69 25 3 9 10% 309743 508760 71374 8%
c ] 143.46 182 49 32 116 15734 4 836696 33004 2.9 69 24 3 9 10% 309752 508760 71374 8%
c { 143.46 182 19 32 116 15734 3 836696 33004 1.7 11 6 4 7 7% 309752 508760 71374 8%
c o 143.49 182 19 32 116 15740 3 836720 33024 1.7 11 6 4 7 7% 309754 508760 71374 8%
c - 143.64 183 19 32 117 15858 3 839150 27610 1.7 11 6 4 7 7% 309764 508760 71374 8%
c i 143.88 183 18 32 117 15952 3 843742 30458 1.7 11 6 4 7 7% 309783 508760 71373 8%
c i 143.94 183 18 32 117 15998 3 844101 30662 1.7 11 6 4 7 7% 309794 508760 71372 8%
c i 144.07 184 19 32 117 16083 3 845506 31468 1.7 11 6 4 7 7% 309806 508760 71371 8%
c i 144.14 184 19 32 117 16132 3 846211 31964 1.7 11 6 4 7 7% 309814 508760 71370 8%
c i 144.14 184 19 32 117 16135 3 846225 31966 1.7 11 6 4 7 7% 309816 508760 71369 8%
c i 144.14 184 19 32 117 16138 3 846242 31968 1.7 11 6 4 7 7% 309820 508760 71368 8%
c - 144.44 184 19 32 118 16298 3 849966 25403 1.7 11 6 4 7 7% 309632 508760 71368 8%
c i 144.52 184 19 32 118 16315 3 851221 26230 1.7 11 6 4 7 7% 309641 508760 71367 8%
c i 144.68 185 19 32 118 16404 3 852415 27008 1.7 11 6 4 7 7% 309660 508760 71366 8%
c
c  seconds     switched      rate          size/glue tier1    binary          remaining
c           MB   reductions    conflicts         size  tier2      irredundant
c            level     restarts       redundant    glue  trail            variables
c
c i 144.83 185 20 32 118 16480 3 853633 27802 1.7 11 6 4 7 7% 309667 508760 71365 8%
c i 144.91 185 20 32 118 16550 3 854488 28334 1.8 11 6 4 7 7% 309676 508760 71364 8%
c - 145.33 186 19 32 119 16720 3 860828 24610 1.7 11 6 4 7 7% 309569 508760 71364 8%
c i 145.34 186 19 32 119 16720 3 860917 24641 1.7 11 6 4 7 7% 309575 508760 71363 8%
c i 145.38 186 20 32 119 16730 3 860968 24682 1.7 11 6 4 7 7% 309579 508760 71362 8%
c i 145.38 186 20 32 119 16735 3 861065 24726 1.7 11 6 4 7 7% 309584 508760 71361 8%
c i 145.40 186 20 32 119 16735 3 861478 25056 1.7 11 6 4 7 7% 309585 508760 71359 8%
c i 145.40 186 20 32 119 16735 3 861496 25061 1.7 11 6 4 7 7% 309586 508760 71358 8%
c i 145.41 186 20 32 119 16735 3 861519 25068 1.7 11 6 4 7 7% 309589 508760 71357 8%
c i 145.41 186 20 32 119 16735 3 861520 25068 1.7 11 6 4 7 7% 309589 508760 71354 8%
c i 145.42 186 20 32 119 16744 3 861716 25177 1.7 11 6 4 7 7% 309591 508760 71350 8%
c i 145.75 186 19 32 119 16912 3 867776 28967 1.7 11 6 4 7 7% 309609 508760 71349 8%
c i 145.79 186 19 32 119 16917 3 867884 29049 1.7 11 6 4 7 7% 309613 508760 71348 8%
c i 145.84 186 19 32 119 16969 3 868265 29294 1.7 11 6 4 7 7% 309614 508760 71344 8%
c - 146.04 186 19 32 120 17126 3 871736 20894 1.7 11 6 4 7 7% 309255 508760 71344 8%
c i 146.13 186 19 32 120 17181 3 872821 21612 1.7 11 6 4 7 7% 309267 508760 71343 8%
c i 146.18 187 19 32 120 17184 3 873320 22039 1.7 11 6 4 7 7% 309269 508760 71339 8%
c i 146.22 187 19 32 120 17223 3 873596 22237 1.7 11 6 4 7 7% 309274 508760 71334 8%
c i 146.28 187 19 32 120 17269 3 873945 22430 1.7 11 6 4 7 7% 309285 508760 71328 8%
c i 146.35 187 20 32 120 17333 3 874784 22919 1.7 11 6 4 7 7% 309292 508759 71327 8%
c
c  seconds     switched      rate          size/glue tier1    binary          remaining
c           MB   reductions    conflicts         size  tier2      irredundant
c            level     restarts       redundant    glue  trail            variables
c
c i 146.35 187 20 32 120 17344 3 874847 22937 1.7 11 6 4 7 7% 309299 508759 71326 8%
c i 146.45 187 19 32 120 17403 3 876371 23869 1.7 11 6 4 7 7% 309306 508759 71323 8%
c i 146.55 187 20 32 120 17449 3 877225 24409 1.7 11 6 4 7 7% 309320 508759 71322 8%
c i 146.81 187 20 32 120 17639 3 879826 26074 1.8 11 6 4 7 7% 309344 508759 71319 8%
c - 146.99 187 20 32 121 17772 3 882691 23031 1.7 11 6 4 7 7% 309060 508759 71319 8%
c i 147.11 187 19 32 121 17804 3 884920 24494 1.7 11 6 4 7 7% 309069 508759 71318 8%
c i 147.29 187 20 32 121 17886 3 886479 25619 1.8 11 6 4 7 7% 309099 508759 71317 8%
c i 147.33 187 20 32 121 17927 3 887009 25926 1.8 11 6 4 7 7% 309107 508759 71315 8%
c i 147.38 187 20 32 121 17989 3 887441 26217 1.8 11 6 4 7 7% 309108 508759 71313 8%
c i 147.43 187 20 32 121 18017 3 887962 26536 1.8 11 6 4 7 7% 309116 508759 71305 8%
c i 147.44 187 20 32 121 18021 3 887990 26561 1.8 11 6 4 7 7% 309116 508759 71304 8%
c i 147.66 188 21 32 121 18196 3 890301 27972 1.8 12 6 4 7 7% 309138 508759 71303 8%
c i 147.70 188 21 32 121 18200 4 890417 28048 1.8 12 6 4 7 7% 309146 508759 71300 8%
c - 147.90 188 21 32 122 18306 3 893691 22650 1.8 12 6 4 7 7% 308864 508759 71300 8%
c i 148.01 188 20 32 122 18340 3 895676 23895 1.8 11 6 4 7 7% 308873 508759 71299 8%
c } 148.24 188 21 33 122 18487 3 897800 25331 1.8 12 6 4 7 7% 308885 508759 71299 8%
c [ 148.24 188 49 33 122 18487 4 897800 25331 2.9 69 24 3 9 10% 308885 508759 71299 8%
c W 148.46 188 49 33 122 18487 4 897800 25331 2.9 69 24 3 9 10% 308834 508691 71299 8%
c d 148.80 189 48 33 122 18489 4 901890 25537 2.9 69 24 3 9 10% 308916 508606 71294 8%
c d 148.83 189 48 33 122 18489 4 901890 25537 2.9 69 24 3 9 10% 308910 508606 71291 8%
c
c  seconds     switched      rate          size/glue  tier1     binary          remaining
c           MB   reductions    conflicts         size   tier2       irredundant
c            level     restarts       redundant     glue   trail            variables
c
c b 148.87 189 48 33 122 18489 4 901890 25537 2.9 69 24 3 9 10% 308910 508606 71285 8%
c u 149.08 190 48 33 122 18489 4 901890 23912 2.9 69 24 3 9 10% 308960 508606 71280 8%
c v 149.26 190 48 33 122 18489 4 901890 23070 2.9 69 24 3 9 10% 308956 508606 71280 8%
c w 149.35 190 48 33 122 18489 4 901890 22797 2.9 69 24 3 9 10% 308956 508606 71280 8%
c x 149.62 191 48 33 122 18489 4 901890 22797 2.9 69 24 3 9 10% 308963 507739 71280 8%
c d 149.87 191 48 33 122 18489 4 901890 22502 2.9 69 24 3 9 10% 308970 507738 71279 8%
c t 149.99 191 48 33 122 18489 4 901890 22502 2.9 69 24 3 9 10% 308393 507738 71279 8%
c f 150.06 191 48 33 122 18489 4 901890 22502 2.9 69 24 3 9 10% 308349 507738 71281 8%
c u 150.36 192 48 33 122 18489 4 901890 21761 2.9 69 24 3 9 10% 308393 507738 71280 8%
c v 150.55 192 48 33 122 18489 4 901890 20527 2.9 69 24 3 9 10% 308393 507738 71280 8%
c w 150.64 192 48 33 122 18489 4 901890 20442 2.9 69 24 3 9 10% 308393 507738 71280 8%
c x 150.90 192 48 33 122 18489 4 901890 20442 2.9 69 24 3 9 10% 308410 506775 71280 8%
c d 150.94 192 48 33 122 18489 4 901890 20387 2.9 69 24 3 9 10% 308410 506774 71279 8%
c t 151.06 192 48 33 122 18489 4 901890 20387 2.9 69 24 3 9 10% 308361 506774 71279 8%
c i 151.14 192 48 33 122 18489 4 901890 20387 2.9 69 24 3 9 10% 308355 506774 71279 8%
c - 151.36 192 48 33 123 18492 4 904739 19020 2.9 68 24 3 9 10% 308081 506774 71279 8%
c - 152.12 192 46 33 124 18497 4 915830 22129 2.9 66 23 3 9 10% 308085 506774 71279 8%
c s 152.86 193 45 33 124 18500 4 923045 27979 2.9 65 23 3 9 10% 308407 471745 71279 8%
c e 154.33 195 45 33 124 18500 4 923045 27979 2.9 65 23 3 9 10% 311055 490693 67583 8%
c 2 154.34 195 45 33 124 18500 4 923045 27979 2.9 65 23 3 9 10% 308274 490693 67583 8%
c
c  seconds     switched      rate          size/glue  tier1     binary          remaining
c           MB   reductions    conflicts         size   tier2       irredundant
c            level     restarts       redundant     glue   trail            variables
c
c s 154.59 195 45 33 124 18500 4 923045 27979 2.9 65 23 3 9 10% 337305 443136 67583 8%
c e 155.41 196 45 33 124 18500 4 923045 27979 2.9 65 23 3 9 10% 338929 448947 66593 8%
c - 155.73 171 45 33 125 18501 4 926967 23430 2.9 65 23 3 9 10% 338933 448947 66593 8%
c - 156.44 173 44 33 126 18507 4 938147 25368 2.9 64 22 3 9 10% 338938 448947 66593 8%
c - 157.17 174 43 33 127 18512 4 949371 26552 2.9 63 22 3 9 10% 338943 448947 66593 8%
c i 157.66 174 42 33 127 18515 4 957084 32511 2.9 62 21 3 9 10% 338947 448947 66592 8%
c - 157.93 175 42 33 128 18516 4 960641 27856 2.9 62 21 3 9 10% 338912 448947 66592 8%
c i 158.09 175 42 33 128 18516 4 962933 29802 2.9 62 21 3 9 10% 338917 448947 66591 8%
c i 158.34 175 41 33 128 18517 4 966850 33071 3.0 62 21 3 9 10% 338919 448947 66587 8%
c o 158.36 175 41 33 128 18517 4 966850 33071 3.0 62 21 3 9 10% 338919 448947 66587 8%
c - 158.78 176 43 33 129 18517 4 971955 28893 3.0 62 21 3 9 11% 338850 448947 66587 8%
c ] 158.86 176 43 34 129 18517 4 973075 29821 3.0 62 21 3 9 11% 338851 448947 66587 8%
c { 158.86 176 21 34 129 18517 3 973075 29821 1.8 12 6 4 7 7% 338851 448947 66587 8%
c i 159.00 177 21 34 129 18558 3 974840 31240 1.8 12 6 4 7 7% 338853 448947 66583 8%
c i 159.37 180 20 34 129 18753 3 978565 34164 1.8 12 6 4 7 7% 338874 448947 66582 8%
c i 159.56 181 20 34 129 18872 3 980520 35431 1.8 12 6 4 7 7% 338889 448947 66581 8%
c i 159.60 181 20 34 129 18894 3 981217 35984 1.8 12 6 4 7 7% 338895 448947 66574 8%
c i 159.67 181 20 34 129 18921 3 981794 36450 1.8 12 6 4 7 7% 338902 448947 66572 8%
c i 159.67 181 20 34 129 18921 3 981799 36449 1.8 12 6 4 7 7% 338905 448947 66568 8%
c i 159.76 181 20 34 129 18991 3 983022 37285 1.9 12 6 4 7 7% 338908 448947 66567 8%
c
c  seconds     switched      rate          size/glue tier1    binary          remaining
c           MB   reductions    conflicts         size  tier2      irredundant
c            level     restarts       redundant    glue  trail            variables
c
c i 159.76 181 20 34 129 18991 3 983023 37285 1.9 12 6 4 7 7% 338908 448947 66566 8%
c i 159.78 181 20 34 129 18999 3 983060 37319 1.9 12 6 4 7 7% 338908 448947 66561 8%
c i 159.79 181 20 34 129 19008 3 983190 37376 1.9 12 6 4 7 7% 338916 448947 66557 8%
c - 159.81 181 20 34 130 19021 3 983313 30843 1.9 12 6 4 7 7% 338553 448947 66557 8%
c i 159.83 181 20 34 130 19029 3 983662 31078 1.9 12 6 4 7 7% 338555 448947 66552 8%
c i 160.07 182 20 34 130 19180 3 986045 32892 1.9 12 6 4 7 7% 338576 448947 66548 8%
c i 160.07 182 20 34 130 19186 3 986071 32906 1.9 12 6 4 7 7% 338582 448947 66547 8%
c i 160.20 182 20 34 130 19230 3 987533 34009 1.9 12 6 4 7 7% 338589 448947 66544 8%
c i 160.24 182 20 34 130 19274 3 988028 34348 1.9 12 6 4 7 7% 338595 448947 66543 8%
c i 160.52 183 19 34 130 19439 3 991244 36745 1.9 12 6 4 7 7% 338612 448947 66542 8%
c i 160.60 183 19 34 130 19452 3 991799 37225 1.9 12 6 4 7 7% 338613 448947 66541 8%
c i 160.60 183 19 34 130 19458 3 991835 37251 1.9 12 6 4 7 7% 338614 448947 66539 8%
c i 160.64 183 19 34 130 19501 3 992418 37618 1.9 12 6 4 7 7% 338619 448947 66538 8%
c i 160.65 183 19 34 130 19501 3 992432 37619 1.9 12 6 4 7 7% 338621 448947 66535 8%
c i 160.66 183 19 34 130 19509 3 992790 37847 1.9 12 6 4 7 7% 338626 448947 66530 8%
c i 160.71 183 19 34 130 19530 3 993035 38041 1.9 12 6 4 7 7% 338631 448947 66527 8%
c i 160.78 183 19 34 130 19588 3 993907 38701 1.9 12 6 4 7 7% 338634 448947 66526 8%
c i 160.78 183 19 34 130 19588 3 993912 38701 1.9 12 6 4 7 7% 338635 448947 66525 8%
c i 160.78 183 19 34 130 19588 3 993915 38701 1.9 12 6 4 7 7% 338636 448947 66524 8%
c i 160.79 183 19 34 130 19588 3 994052 38775 1.9 12 6 4 7 7% 338645 448947 66523 8%
c
c  seconds     switched      rate          size/glue tier1    binary          remaining
c           MB   reductions    conflicts         size  tier2      irredundant
c            level     restarts       redundant    glue  trail            variables
c
c i 160.80 183 19 34 130 19589 3 994134 38825 1.9 12 6 4 7 7% 338651 448947 66517 8%
c - 160.87 183 19 34 131 19625 3 994714 31577 1.9 12 6 4 7 8% 338052 448947 66517 8%
c i 160.97 183 19 34 131 19732 3 995471 32056 1.9 12 6 4 7 8% 338058 448947 66516 8%
c i 160.97 183 19 34 131 19732 3 995590 32132 1.9 12 6 4 7 8% 338062 448947 66513 8%
c c 161.20 174 19 34 131 19741 3 996147 32574 1.9 12 6 4 7 8% 357412 448781 66503 8%
c d 161.23 174 19 34 131 19741 3 996147 32249 1.9 12 6 4 7 8% 357468 448717 66503 8%
c d 161.26 174 19 34 131 19741 3 996147 32249 1.9 12 6 4 7 8% 357454 448717 66496 8%
c b 161.30 174 19 34 131 19741 3 996147 32249 1.9 12 6 4 7 8% 357454 448717 66462 8%
c u 161.49 177 19 34 131 19741 3 996147 29217 1.9 12 6 4 7 8% 357473 448717 66462 8%
c v 161.68 177 19 34 131 19741 3 996147 27734 1.9 12 6 4 7 8% 357474 448717 66462 8%
c w 161.76 178 19 34 131 19741 3 996147 27493 1.9 12 6 4 7 8% 357474 448717 66462 8%
c x 162.03 181 19 34 131 19741 3 996147 27493 1.9 12 6 4 7 8% 357485 447826 66462 8%
c d 162.06 181 19 34 131 19741 3 996147 27493 1.9 12 6 4 7 8% 357471 447826 66455 8%
c t 162.17 181 19 34 131 19741 3 996147 27493 1.9 12 6 4 7 8% 354772 447826 66455 8%
c b 162.19 181 19 34 131 19741 3 996147 27493 1.9 12 6 4 7 8% 354772 447826 66454 8%
c f 162.61 164 19 34 131 19741 3 996147 27493 1.9 12 6 4 7 8% 339180 429649 68018 8%
c u 162.89 177 19 34 131 19741 3 996147 26979 1.9 12 6 4 7 8% 339184 429649 68017 8%
c v 163.08 177 19 34 131 19741 3 996147 26154 1.9 12 6 4 7 8% 339186 429649 68017 8%
c w 163.16 177 19 34 131 19741 3 996147 26015 1.9 12 6 4 7 8% 339187 429649 68017 8%
c x 163.42 179 19 34 131 19741 3 996147 26015 1.9 12 6 4 7 8% 339188 428663 68017 8%
c
c  seconds     switched      rate          size/glue tier1    binary          remaining
c           MB   reductions    conflicts         size  tier2      irredundant
c            level     restarts       redundant    glue  trail            variables
c
c t 163.53 179 19 34 131 19741 3 996147 25765 1.9 12 6 4 7 8% 339014 428663 68017 8%
c f 163.77 163 19 34 131 19741 3 996147 25765 1.9 12 6 4 7 8% 338881 428278 68046 8%
c i 163.79 173 19 34 131 19741 3 996147 25765 1.9 12 6 4 7 8% 338881 428278 68046 8%
c i 164.14 177 19 34 131 20017 3 1001121 28842 1.9 12 6 4 7 8% 338898 428278 68045 8%
c i 164.44 179 19 34 131 20138 3 1004093 30966 1.9 12 6 4 7 8% 338911 428278 68038 8%
c i 164.44 179 19 34 131 20138 3 1004124 30973 1.9 12 6 4 7 8% 338915 428278 68036 8%
c - 164.65 180 18 34 132 20365 3 1006159 25542 1.9 12 6 4 7 8% 338474 428278 68036 8%
c i 164.71 180 18 34 132 20399 3 1006709 25867 1.9 12 6 4 7 8% 338478 428278 68034 8%
c i 164.74 180 18 34 132 20427 3 1006978 26066 1.9 12 6 4 7 8% 338482 428278 68033 8%
c i 164.74 180 18 34 132 20427 3 1006982 26066 1.9 12 6 4 7 8% 338483 428278 68027 8%
c i 164.78 180 18 34 132 20449 3 1007372 26369 1.9 12 6 4 7 8% 338484 428278 68017 8%
c i 164.92 180 18 34 132 20453 3 1010279 28226 1.9 12 6 4 7 8% 338500 428278 68016 8%
c i 164.97 180 18 34 132 20508 3 1010572 28451 1.9 12 6 4 7 8% 338500 428278 68009 8%
c i 164.97 180 18 34 132 20509 3 1010584 28452 1.9 12 6 4 7 8% 338504 428278 68002 8%
c i 164.97 180 18 34 132 20509 3 1010585 28452 1.9 12 6 4 7 8% 338504 428278 67985 8%
c i 165.01 180 18 34 132 20516 3 1011373 29146 1.9 12 6 4 7 8% 338507 428278 67978 8%
c i 165.01 180 18 34 132 20516 3 1011381 29146 1.9 12 6 4 7 8% 338511 428278 67969 8%
c i 165.16 180 18 34 132 20716 3 1013031 30328 1.9 12 6 4 7 8% 338514 428278 67962 8%
c - 165.53 181 18 34 133 20987 3 1017649 25606 1.9 12 6 4 7 8% 338025 428278 67962 8%
c i 165.62 181 17 34 133 21044 3 1019658 26834 1.9 12 6 4 7 8% 338037 428278 67961 8%
c
c  seconds     switched      rate           size/glue tier1    binary          remaining
c           MB   reductions     conflicts         size  tier2      irredundant
c            level     restarts        redundant    glue  trail            variables
c
c i 166.17 181 17 34 133 21484 3 1025799 30850 1.9 12 6 4 7 8% 338055 428278 67960 8%
c i 166.32 182 17 34 133 21616 3 1027034 31757 1.9 12 6 4 7 8% 338062 428278 67957 8%
c - 166.53 182 17 34 134 21807 3 1029182 26081 1.9 12 6 4 7 8% 337989 428277 67957 8%
c i 166.98 182 17 34 134 22325 3 1035676 30289 1.9 12 6 4 7 8% 338007 428277 67956 8%
c - 167.31 182 16 34 135 22569 3 1040757 27448 1.8 12 6 4 7 8% 338000 428277 67956 8%
c } 167.34 182 16 35 135 22612 3 1041221 27697 1.8 12 6 4 7 8% 338001 428277 67956 8%
c [ 167.34 182 43 35 135 22612 4 1041221 27697 3.0 62 21 3 9 11% 338001 428277 67956 8%
c O 167.34 182 43 35 135 22612 4 1041221 27697 3.0 62 21 3 9 11% 338001 428277 67956 8%
c i 167.99 182 42 35 135 22618 4 1051174 36169 3.0 59 20 3 9 11% 338006 428277 67945 8%
c i 168.05 182 42 35 135 22618 4 1052087 36947 2.9 59 20 3 9 11% 338008 428277 67944 8%
c - 168.08 182 42 35 136 22618 4 1052378 29664 2.9 59 20 3 9 11% 337936 428277 67944 8%
c i 168.77 183 40 35 136 22625 4 1063129 38355 2.9 56 19 3 9 11% 337936 428277 67941 8%
c - 168.84 183 40 35 137 22625 4 1064039 31555 2.9 55 19 3 10 11% 337899 428277 67941 8%
c - 169.58 184 39 35 138 22627 3 1075743 33223 2.8 53 19 3 10 10% 337900 428276 67941 8%
c - 170.45 184 38 35 139 22633 3 1087491 33403 2.8 51 18 3 10 10% 337900 428276 67941 8%
c d 170.99 184 38 35 139 22639 3 1094868 39664 2.7 50 18 3 10 10% 337956 428114 67939 8%
c d 171.02 184 38 35 139 22639 3 1094868 39664 2.7 50 18 3 10 10% 337946 428113 67934 8%
c b 171.06 184 38 35 139 22639 3 1094868 39664 2.7 50 18 3 10 10% 337946 428113 67933 8%
c u 171.27 184 38 35 139 22639 3 1094868 39104 2.7 50 18 3 10 10% 337940 428113 67933 8%
c v 171.48 185 38 35 139 22639 3 1094868 37351 2.7 50 18 3 10 10% 337943 428113 67933 8%
c
c  seconds     switched      rate           size/glue  tier1      binary          remaining
c           MB   reductions     conflicts         size   tier2        irredundant
c            level     restarts        redundant     glue    trail            variables
c
c w 171.58 185 38 35 139 22639 3 1094868 35559 2.7 50 18 3 10 10% 337943 428113 67933 8%
c x 171.86 185 38 35 139 22639 3 1094868 35559 2.7 50 18 3 10 10% 337943 427253 67933 8%
c t 171.99 185 38 35 139 22639 3 1094868 35559 2.7 50 18 3 10 10% 336349 427253 67933 8%
c b 172.01 185 38 35 139 22639 3 1094868 35559 2.7 50 18 3 10 10% 336349 427253 67932 8%
c u 172.36 185 38 35 139 22639 3 1094868 34480 2.7 50 18 3 10 10% 336363 427253 67932 8%
c v 172.57 185 38 35 139 22639 3 1094868 34062 2.7 50 18 3 10 10% 336362 427253 67932 8%
c w 172.67 186 38 35 139 22639 3 1094868 33886 2.7 50 18 3 10 10% 336362 427253 67932 8%
c x 172.95 186 38 35 139 22639 3 1094868 33886 2.7 50 18 3 10 10% 336362 426230 67932 8%
c = 173.79 192 38 35 139 22639 3 1094868 33886 2.7 50 18 3 10 10% 336370 426227 67928 8%
c d 173.83 192 38 35 139 22639 3 1094868 33886 2.7 50 18 3 10 10% 336358 426227 67928 8%
c t 173.96 192 38 35 139 22639 3 1094868 33886 2.7 50 18 3 10 10% 336291 426227 67924 8%
c b 173.98 192 38 35 139 22639 3 1094868 33886 2.7 50 18 3 10 10% 336291 426227 67922 8%
c - 174.36 192 38 35 140 22640 3 1099280 29339 2.7 49 18 3 10 10% 336228 426227 67922 8%
c - 175.20 192 37 35 141 22642 3 1111112 29916 2.6 47 18 3 10 10% 336234 426227 67922 8%
c ] 175.96 192 35 36 141 22642 3 1122634 38869 2.6 44 17 3 10 10% 336238 426226 67922 8%
c { 175.96 192 16 36 141 22642 3 1122634 38869 1.8 12 6 4 7 8% 336238 426226 67922 8%
c o 175.99 192 16 36 141 22646 3 1122658 38885 1.8 12 6 4 7 8% 336243 426226 67922 8%
c i 176.01 192 16 36 141 22660 3 1122806 38972 1.8 12 6 4 7 8% 336248 426226 67919 8%
c - 176.03 192 16 36 142 22663 3 1122986 31337 1.8 12 6 4 7 8% 336213 426226 67919 8%
c i 176.13 192 16 36 142 22741 3 1124449 32150 1.8 12 6 4 7 8% 336228 426226 67913 8%
c
c  seconds     switched      rate           size/glue tier1    binary          remaining
c           MB   reductions     conflicts         size  tier2      irredundant
c            level     restarts        redundant    glue  trail            variables
c
c i 176.37 192 16 36 142 22987 3 1128575 34440 1.8 12 6 4 7 8% 336248 426226 67907 8%
c i 176.42 192 16 36 142 23000 3 1128714 34529 1.8 12 6 4 7 8% 336252 426226 67897 8%
c i 176.59 193 16 36 142 23114 3 1131339 36002 1.8 12 6 4 7 8% 336266 426226 67895 8%
c i 176.65 193 16 36 142 23129 3 1131519 36128 1.8 12 6 4 7 8% 336269 426226 67894 8%
c i 176.66 193 16 36 142 23143 3 1131617 36191 1.8 12 6 4 7 8% 336270 426226 67883 8%
c i 176.68 193 16 36 142 23165 3 1131842 36357 1.8 12 6 4 7 8% 336270 426226 67870 8%
c - 176.89 193 16 36 143 23285 3 1134902 23957 1.8 12 6 4 7 8% 335960 426226 67870 8%
c i 176.90 171 16 36 143 23285 3 1134961 23974 1.8 12 6 4 7 8% 335966 426226 67857 8%
c i 177.03 173 16 36 143 23378 3 1136715 24972 1.8 12 6 4 7 8% 335975 426226 67844 8%
c i 177.16 175 16 36 143 23459 3 1138168 25908 1.8 11 6 4 7 8% 335994 426226 67840 8%
c i 177.27 176 16 36 143 23530 3 1139757 26884 1.8 11 6 4 7 8% 336005 426226 67828 8%
c i 177.66 178 17 36 143 23895 3 1144048 29496 1.8 11 6 4 7 8% 336033 426226 67827 8%
c i 177.66 178 17 36 143 23896 3 1144056 29499 1.8 11 6 4 7 8% 336034 426226 67812 8%
c i 177.66 178 17 36 143 23896 3 1144057 29499 1.8 11 6 4 7 8% 336034 426226 67811 8%
c i 177.67 178 17 36 143 23908 3 1144152 29580 1.8 11 6 4 7 8% 336034 426226 67808 8%
c - 177.86 178 17 36 144 23992 3 1146860 20104 1.8 11 6 4 7 8% 335646 426226 67808 8%
c i 178.00 178 17 36 144 24066 3 1149442 21844 1.8 11 6 4 7 8% 335659 426226 67807 8%
c i 178.07 179 17 36 144 24094 3 1149955 22210 1.8 11 6 4 7 8% 335661 426226 67801 8%
c i 178.16 179 17 36 144 24152 3 1150981 22845 1.8 11 6 4 7 8% 335670 426226 67800 8%
c i 178.35 179 17 36 144 24287 3 1153449 24337 1.7 11 6 4 7 8% 335682 426226 67791 8%
c
c  seconds     switched      rate           size/glue tier1    binary          remaining
c           MB   reductions     conflicts         size  tier2      irredundant
c            level     restarts        redundant    glue  trail            variables
c
c i 178.48 179 17 36 144 24414 3 1155335 25460 1.7 11 6 4 7 8% 335696 426226 67788 8%
c s 178.85 179 17 36 144 24485 3 1157012 26455 1.7 11 6 4 7 8% 337422 386455 67788 8%
c e 180.52 189 17 36 144 24485 3 1157012 26455 1.7 11 6 4 7 8% 342243 404534 64146 8%
c 2 180.52 189 17 36 144 24485 3 1157012 26455 1.7 11 6 4 7 8% 339380 404534 64146 8%
c s 180.77 189 17 36 144 24485 3 1157012 26455 1.7 11 6 4 7 8% 368928 355049 64146 8%
c e 181.63 190 17 36 144 24485 3 1157012 26455 1.7 11 6 4 7 8% 370461 360932 63162 8%
c - 181.83 174 17 36 145 24622 3 1158861 17121 1.7 11 6 4 7 8% 370464 360932 63162 8%
c i 181.83 174 17 36 145 24622 3 1158868 17122 1.7 11 6 4 7 8% 370466 360932 63161 8%
c i 181.87 174 17 36 145 24673 3 1159660 17617 1.7 11 6 4 7 8% 370468 360932 63160 8%
c i 181.87 174 17 36 145 24673 3 1159692 17633 1.7 11 6 4 7 8% 370474 360932 63153 8%
c i 182.20 175 17 36 145 24996 3 1164757 20547 1.7 11 6 4 7 8% 370495 360932 63143 7%
c i 182.32 176 17 36 145 25034 3 1166026 21362 1.7 11 6 4 7 8% 370500 360932 63142 7%
c i 182.49 176 17 36 145 25172 3 1169222 23245 1.7 11 6 4 7 8% 370510 360932 63131 7%
c i 182.51 176 17 36 145 25175 3 1169281 23283 1.7 11 6 4 7 8% 370517 360932 63130 7%
c - 182.64 176 17 36 146 25253 3 1170902 15704 1.7 11 6 4 7 8% 370254 360932 63130 7%
c i 182.87 176 17 36 146 25342 3 1174736 18205 1.7 11 6 4 7 8% 370273 360932 63128 7%
c i 183.06 177 17 36 146 25438 3 1178138 20365 1.7 11 6 4 7 8% 370289 360932 63121 7%
c i 183.18 177 17 36 146 25474 3 1179848 21388 1.7 11 6 4 7 8% 370302 360932 63112 7%
c i 183.21 177 17 36 146 25494 3 1180054 21537 1.7 11 6 4 7 8% 370303 360932 63099 7%
c - 183.40 177 17 36 147 25680 3 1182987 13091 1.7 11 6 4 7 8% 369984 360932 63099 7%
c
c  seconds     switched      rate           size/glue tier1    binary          remaining
c           MB   reductions     conflicts         size  tier2      irredundant
c            level     restarts        redundant    glue  trail            variables
c
c i 183.69 177 17 36 147 25927 3 1187587 16135 1.7 11 6 4 7 8% 370003 360932 63085 7%
c i 183.79 178 17 36 147 25965 3 1189101 17087 1.7 11 6 4 7 8% 370013 360932 63084 7%
c i 183.98 178 17 36 147 26030 3 1192148 18983 1.7 11 6 4 7 8% 370030 360932 63083 7%
c i 184.00 178 17 36 147 26038 3 1192321 19090 1.7 11 6 4 7 8% 370038 360932 63082 7%
c i 184.08 178 17 36 147 26091 3 1193669 19890 1.7 10 6 4 7 8% 370055 360932 63081 7%
c i 184.15 178 17 36 147 26129 3 1194475 20452 1.7 10 6 4 7 8% 370061 360932 63080 7%
c - 184.20 178 17 36 148 26152 3 1195111 11886 1.7 10 6 4 7 8% 369714 360932 63080 7%
c i 184.20 178 17 36 148 26152 3 1195164 11927 1.7 10 6 4 7 8% 369714 360932 63070 7%
c i 184.25 178 17 36 148 26160 3 1195704 12237 1.7 10 6 4 7 8% 369721 360932 63056 7%
c i 184.26 178 17 36 148 26167 3 1195867 12386 1.7 10 6 4 7 8% 369721 360932 63045 7%
c i 184.34 178 17 36 148 26254 3 1197578 13558 1.6 10 6 4 7 8% 369733 360932 63044 7%
c i 184.38 178 17 36 148 26265 3 1197915 13836 1.6 10 6 4 7 8% 369738 360932 63043 7%
c } 184.39 178 17 37 148 26277 3 1198190 14017 1.6 10 6 4 7 8% 369739 360932 63043 7%
c [ 184.39 178 35 37 148 26277 3 1198190 14017 2.6 44 17 3 10 10% 369739 360932 63043 7%
c B 184.39 178 35 37 148 26277 3 1198190 14017 2.6 44 17 3 10 10% 369739 360932 63043 7%
c d 184.46 178 35 37 148 26277 3 1198733 11143 2.6 44 17 3 10 10% 369883 360440 63040 7%
c d 184.49 178 35 37 148 26277 3 1198733 11143 2.6 44 17 3 10 10% 369854 360320 63026 7%
c b 184.52 178 35 37 148 26277 3 1198733 11143 2.6 44 17 3 10 10% 369854 360320 63008 7%
c u 184.72 178 35 37 148 26277 3 1198733 9340 2.6 44 17 3 10 10% 368896 360320 62981 7%
c v 184.91 178 35 37 148 26277 3 1198733 8268 2.6 44 17 3 10 10% 368899 360320 62981 7%
c
c  seconds     switched      rate          size/glue  tier1      binary          remaining
c           MB   reductions     conflicts        size   tier2        irredundant
c            level     restarts       redundant     glue    trail            variables
c
c w 184.99 178 35 37 148 26277 3 1198733 7969 2.6 44 17 3 10 10% 368899 360320 62981 7%
c x 185.27 179 35 37 148 26277 3 1198733 7969 2.6 44 17 3 10 10% 368923 359321 62981 7%
c d 185.31 179 35 37 148 26277 3 1198733 7484 2.6 44 17 3 10 10% 368923 359133 62974 7%
c t 185.43 179 35 37 148 26277 3 1198733 7484 2.6 44 17 3 10 10% 367450 359133 62973 7%
c b 185.46 179 35 37 148 26277 3 1198733 7484 2.6 44 17 3 10 10% 367450 359133 62969 7%
c f 185.95 164 35 37 148 26277 3 1198733 7484 2.6 44 17 3 10 10% 356830 348125 64024 8%
c b 186.02 172 35 37 148 26277 3 1198733 7484 2.6 44 17 3 10 10% 356833 348122 64021 8%
c u 186.23 175 35 37 148 26277 3 1198733 6438 2.6 44 17 3 10 10% 356901 348122 64018 8%
c v 186.37 175 35 37 148 26277 3 1198733 6192 2.6 44 17 3 10 10% 356902 348122 64018 8%
c w 186.42 175 35 37 148 26277 3 1198733 6137 2.6 44 17 3 10 10% 356902 348122 64018 8%
c x 186.77 177 35 37 148 26277 3 1198733 6137 2.6 44 17 3 10 10% 356939 346905 63998 8%
c d 186.81 177 35 37 148 26277 3 1198733 6135 2.6 44 17 3 10 10% 356922 346040 63980 8%
c t 186.93 177 35 37 148 26277 3 1198733 6135 2.6 44 17 3 10 10% 356782 346040 63980 8%
c b 186.95 177 35 37 148 26277 3 1198733 6135 2.6 44 17 3 10 10% 356782 346040 63965 8%
c f 187.02 177 35 37 148 26277 3 1198733 6135 2.6 44 17 3 10 10% 356761 346040 63966 8%
c i 187.04 177 35 37 148 26277 3 1198733 6135 2.6 44 17 3 10 10% 356761 346040 63966 8%
c i 187.06 177 35 37 148 26277 3 1199103 6378 2.6 44 17 3 10 10% 356767 346040 63965 8%
c i 187.13 177 35 37 148 26279 3 1200317 7442 2.6 44 17 3 10 10% 356768 346040 63950 8%
c i 187.30 177 34 37 148 26280 3 1203419 9906 2.5 43 17 3 10 9% 356775 346040 62655 7%
c i 187.34 177 34 37 148 26281 3 1204130 10371 2.5 43 17 3 10 9% 356780 346040 61963 7%
c
c  seconds     switched      rate           size/glue  tier1     binary          remaining
c           MB   reductions     conflicts         size   tier2       irredundant
c            level     restarts        redundant     glue   trail            variables
c
c i 187.34 177 34 37 148 26281 3 1204258 10430 2.5 43 17 3 10 9% 356783 346040 61337 7%
c i 187.35 177 34 37 148 26281 3 1204274 10431 2.5 43 17 3 10 9% 356787 346040 60590 7%
c ] 187.35 177 34 37 148 26281 3 1204278 10430 2.5 43 17 3 10 9% 356788 346040 60020 7%
c 0 187.35 177 17 37 148 26281 3 1204278 10430 1.6 10 6 4 7 8% 356788 346040 60020 7%
c
c ---- [ result ] ------------------------------------------------------------
c
s UNSATISFIABLE
c
c ---- [ profiling ] ---------------------------------------------------------
c
c          96.13   51.31 %  search
c          79.88   42.64 %  simplify
c          49.75   26.56 %  stable
c          48.94   26.13 %  probe
c          46.37   24.75 %  focused
c          32.33   17.26 %  eliminate
c          20.85   11.13 %  vivify
c          10.71    5.72 %  preprocess
c           9.66    5.15 %  factor
c           8.17    4.36 %  fastel
c           6.90    3.68 %  substitute
c           5.10    2.72 %  subsume
c           4.16    2.22 %  sweep
c           3.06    1.63 %  congruence
c           2.37    1.26 %  backbone
c           2.02    1.08 %  reduce
c           1.94    1.04 %  transitive
c           1.05    0.56 %  walking
c           0.36    0.19 %  lucky
c           0.28    0.15 %  parse
c =============================================
c         187.35  100.00 %  total
c
c ---- [ statistics ] --------------------------------------------------------
c
c chronological:                        23806                2 %  conflicts
c conflicts:                          1204278             6428.09 per second
c congruent:                             7069                1 %  variables
c decisions:                          5427320                4.51 per conflict
c eliminated:                          875304              104 %  variables
c factored:                            106822               13 %  variables
c fast_eliminated:                     784612               90 %  eliminated
c fast_strengthened:                     4557                1 %  per strengthened
c fast_subsumed:                         6781                2 %  per subsumed
c iterations:                             512                0 %  variables
c propagations:                    1617079490          8631507    per second
c reductions:                             148             8137    interval
c reordered:                               15            80285    interval
c rephased:                                25            48171    interval
c restarts:                             26281               46    interval
c strengthened:                        587285                0 %  checks
c substituted:                           7683                1 %  variables
c subsumed:                            291889                0 %  checks
c switched:                                37            32548    interval
c vivified:                             98071               58 %  checks
c walks:                                    8           150535    interval
c
c ---- [ glue usage ] --------------------------------------------------------
c
c focused glue 4 used 256178 clauses 19.94% accumulated 55.34% tier1
c focused glue 5 used 213339 clauses 16.61% accumulated 71.95%
c focused glue 6 used 153862 clauses 11.98% accumulated 83.93%
c focused glue 7 used  94905 clauses  7.39% accumulated 91.31% tier2
c
c stable glue 3   used 1637012 clauses 16.29% accumulated 52.21% tier1
c stable glue 4   used 1204039 clauses 11.98% accumulated 64.19%
c stable glue 5-8 used 2285546 clauses 22.74% accumulated 86.93%
c stable glue 9   used  258448 clauses  2.57% accumulated 89.50%
c stable glue 10  used  181978 clauses  1.81% accumulated 91.31% tier2
c
c ---- [ resources ] ---------------------------------------------------------
c
c maximum-resident-set-size:        391995392 bytes        374 MB
c process-time:                          3m 7s             187.35 seconds
c
c ---- [ shutting down ] -----------------------------------------------------
c
c exit 20
