c ---- [ banner ] ------------------------------------------------------------
c
c Kissat SAT Solver
c
c Copyright (c) 2021-2024 Armin Biere University of Freiburg
c Copyright (c) 2019-2021 Armin Biere Johannes Kepler University Linz
c
c Version 4.0.4 8af8e56f174b778aef3aa45af9f739b2a5f492c2
c gcc (Ubuntu 11.4.0-1ubuntu1~22.04.3) 11.4.0 -W -Wall -O3 -DNDEBUG
c Sat Apr 11 08:59:08 EDT 2026 Linux ubuntu-desktop 6.8.0-107-generic x86_64
c
c ---- [ parsing ] -----------------------------------------------------------
c
c opened and reading DIMACS file:
c
c   log/analyzesat-2026-05-26-branch-phase-chrono/instances/sudoku.cnf
c
c parsed 'p cnf 842008 2262677' header
c closing input after reading 45772291 bytes (44 MB)
c finished parsing after 0.29 seconds
c
c ---- [ solving ] -----------------------------------------------------------
c
c seconds  switched rate     size/glue tier1    binary            remaining
c         MB reductions conflicts size  tier2       irredundant
c          level restarts redundant glue  trail             variables
c
c *  0.29 122 0 0 0  0 0   0   0 0.0 0 0 0 0 0% 1531668 730280 841279 100%
c (  0.61 143 0 0 0  0 0   0   0 0.0 0 0 0 0 0% 1531668 730280 841279 100%
c .  0.70 143 0 0 0  0 0   0   0 0.0 0 0 0 0 0% 1530939 730280 841279 100%
c c  1.14 155 0 0 0  0 0   0   0 0.0 0 0 0 0 0% 1554477 729770 835939 99%
c d  1.28 168 0 0 0  0 0   0   0 0.0 0 0 0 0 0% 1533937 729770 835939 99%
c =  1.55 191 0 0 0  0 0   0   0 0.0 0 0 0 0 0% 1534243 729770 835784 99%
c d  1.69 191 0 0 0  0 0   0   0 0.0 0 0 0 0 0% 1533780 729770 835784 99%
c )  1.83 191 0 0 0  0 0   0   0 0.0 0 0 0 0 0% 1533780 729770 835784 99%
c {  2.14 193 0 0 0  0 0   0   0 0.0 0 0 2 6 0% 1533780 729770 835784 99%
c -  3.62 194 403 0 1 219 34 1190 808 3.3 8 2 4 10 50% 1534116 729770 835784 99%
c }  3.62 194 403 1 1 219 34 1190 808 3.3 8 2 4 10 50% 1534116 729770 835784 99%
c [  3.62 194 0 1 1 219 0 1190 808 0.0 0 0 2 6 0% 1534116 729770 835784 99%
c B  3.65 194 0 1 1 219 0 1190 808 0.0 0 0 2 6 0% 1534116 729770 835784 99%
c -  5.37 223 17468 1 2 219 27 2190 1368 118.3 8583 73 2 18 92% 1534254 729770 835784 99%
c W  5.79 218 17468 1 2 219 27 2191 1368 118.3 8573 72 2 18 92% 1534255 729770 835784 99%
c c  6.89 234 15751 1 2 220 46 3326 1666 16.0 4151 259 2 18 77% 1546708 729768 835714 99%
c d  7.03 234 15751 1 2 220 46 3326 1666 16.0 4151 259 2 18 77% 1546611 729725 835712 99%
c u  7.20 236 15751 1 2 220 46 3326 1600 16.0 4151 259 2 18 77% 1546603 729725 835712 99%
c v  7.32 237 15751 1 2 220 46 3326 1581 16.0 4151 259 2 18 77% 1546603 729725 835712 99%
c w  7.49 238 15751 1 2 220 46 3326 1581 16.0 4151 259 2 18 77% 1546603 729725 835712 99%
c
c seconds      switched   rate       size/glue      tier1       binary            remaining
c         MB    reductions conflicts         size     tier2         irredundant
c            level  restarts    redundant        glue     trail             variables
c
c =  7.88 218 15751 1 2 220 46 3326 1581 16.0 4151 259 2 18 77% 1548917 729724 834554 99%
c d  8.03 221 15751 1 2 220 46 3326 1581 16.0 4151 259 2 18 77% 1545791 729702 834554 99%
c t  8.12 221 15751 1 2 220 46 3326 1581 16.0 4151 259 2 18 77% 1545674 729702 834554 99%
c u  8.54 221 15751 1 2 220 46 3326 1282 16.0 4151 259 2 18 77% 1545383 729702 834554 99%
c v  8.69 221 15751 1 2 220 46 3326 1248 16.0 4151 259 2 18 77% 1545384 729702 834554 99%
c w  8.82 222 15751 1 2 220 46 3326 1248 16.0 4151 259 2 18 77% 1545384 729702 834554 99%
c =  9.13 225 15751 1 2 220 46 3326 1248 16.0 4151 259 2 18 77% 1549120 729702 832686 99%
c d  9.29 225 15751 1 2 220 46 3326 1248 16.0 4151 259 2 18 77% 1543615 729702 832686 99%
c -  9.70 225 14327 1 3 221 49 3605 1254 15.7 3709 236 2 51 74% 1543681 729702 832686 99%
c ]  9.88 225 12306 2 3 221 44 4004 1474 15.6 3157 202 2 51 68% 1543847 729702 832686 99%
c {  9.88 225 403 2 3 221 34 4004 1474 3.3 8 2 4 10 50% 1543847 729702 832686 99%
c i 11.43 226 335 2 3 365 29 4661 1869 6.7 18 3 3 7 41% 1544046 729702 832685 99%
c } 11.90 226 288 3 3 419 26 5004 2077 7.4 20 3 3 7 37% 1544160 729702 832685 99%
c [ 11.90 226 12306 3 3 419 44 5004 2077 15.6 3157 202 2 51 68% 1544160 729702 832685 99%
c I 11.90 226 12306 3 3 419 44 5004 2077 15.6 3157 202 2 51 68% 1544160 729702 832685 99%
c - 12.21 227 10993 3 4 419 40 5337 2137 15.6 2811 180 2 46 62% 1544208 729702 832685 99%
c - 14.39 227 6879 3 5 420 27 7338 2821 15.0 2430 162 2 46 68% 1544773 729702 832685 99%
c ] 14.70 227 6818 4 5 420 27 7389 2847 15.0 2442 162 2 46 68% 1544793 729702 832685 99%
c { 14.70 227 288 4 5 420 26 7389 2847 7.4 20 3 3 7 37% 1544793 729702 832685 99%
c i 16.52 227 248 4 5 589 30 8402 3522 15.9 60 4 3 7 34% 1545104 729702 832684 99%
c
c seconds    switched   rate       size/glue  tier1      binary            remaining
c         MB  reductions conflicts        size  tier2        irredundant
c           level restarts    redundant     glue   trail             variables
c
c i 16.67 227 236 4 5 615 29 8607 3652 15.1 57 4 3 7 33% 1545161 729702 832682 99%
c i 17.11 228 220 4 5 679 27 8985 3932 13.9 52 4 3 7 30% 1545224 729702 832681 99%
c - 17.92 228 207 4 6 769 28 9581 3897 16.0 60 4 2 6 31% 1545225 729702 832681 99%
c } 19.21 228 205 5 6 821 29 9743 4030 23.6 104 4 2 6 32% 1545251 729702 832681 99%
c [ 19.21 228 6818 5 6 821 27 9743 4030 15.0 2442 162 2 46 68% 1545251 729702 832681 99%
c B 19.22 228 6818 5 6 821 27 9743 4030 15.0 2442 162 2 46 68% 1545251 729702 832681 99%
c c 21.03 211 6347 5 6 821 25 10250 4198 14.3 2424 169 2 46 68% 1555110 729602 832631 99%
c d 21.17 217 6347 5 6 821 25 10250 4198 14.3 2424 169 2 46 68% 1555129 729488 832629 99%
c u 21.70 226 6347 5 6 821 25 10250 3734 14.3 2424 169 2 46 68% 1555023 729488 832629 99%
c v 22.02 227 6347 5 6 821 25 10250 3654 14.3 2424 169 2 46 68% 1555026 729488 832626 99%
c w 22.27 228 6347 5 6 821 25 10250 3654 14.3 2424 169 2 46 68% 1555026 729488 832626 99%
c = 23.33 233 6347 5 6 821 25 10250 3654 14.3 2424 169 2 46 68% 1562510 729479 828882 98%
c d 23.49 239 6347 5 6 821 25 10250 3634 14.3 2424 169 2 46 68% 1552391 729303 828876 98%
c t 23.63 239 6347 5 6 821 25 10250 3634 14.3 2424 169 2 46 68% 1552223 729303 828876 98%
c b 23.83 239 6347 5 6 821 25 10250 3634 14.3 2424 169 2 46 68% 1552223 729303 828763 98%
c u 24.66 240 6347 5 6 821 25 10250 3219 14.3 2424 169 2 46 68% 1550915 729282 828763 98%
c v 25.08 240 6347 5 6 821 25 10250 3158 14.3 2424 169 2 46 68% 1550917 729282 828763 98%
c w 25.33 240 6347 5 6 821 25 10250 3158 14.3 2424 169 2 46 68% 1550917 729282 828763 98%
c = 26.05 241 6347 5 6 821 25 10250 3158 14.3 2424 169 2 46 68% 1557737 729218 825381 98%
c d 26.21 241 6347 5 6 821 25 10250 3158 14.3 2424 169 2 46 68% 1548695 729218 825381 98%
c
c seconds     switched   rate        size/glue      tier1       binary            remaining
c         MB   reductions  conflicts         size     tier2         irredundant
c           level  restarts     redundant        glue     trail             variables
c
c t 26.34 241 6347 5 6 821 25 10250 3158 14.3 2424 169 2 46 68% 1548691 729218 825381 98%
c b 26.56 241 6347 5 6 821 25 10250 3158 14.3 2424 169 2 46 68% 1548691 729218 825380 98%
c i 26.56 241 6347 5 6 821 25 10250 3158 14.3 2424 169 2 46 68% 1548691 729218 825380 98%
c o 26.68 241 6347 5 6 821 25 10250 3158 14.3 2424 169 2 46 68% 1548691 729218 825380 98%
c ] 33.24 241 5320 6 6 822 22 11539 4012 16.3 2682 165 2 46 71% 1548846 729218 825380 98%
c { 33.24 241 205 6 6 822 29 11539 4012 23.6 104 4 2 6 32% 1548846 729218 825380 98%
c i 33.44 242 204 6 6 862 30 11635 4070 22.5 106 5 2 5 31% 1548866 729218 825379 98%
c - 34.11 242 196 6 7 885 28 12030 3695 21.7 102 5 2 5 30% 1548465 729218 825379 98%
c i 34.12 242 194 6 7 885 28 12089 3736 21.6 101 5 2 5 30% 1548472 729218 825348 98%
c i 34.74 242 187 6 7 916 25 12942 4332 19.1 88 5 2 5 27% 1548652 729218 825347 98%
c i 35.27 243 170 6 7 978 23 13786 4959 16.9 78 5 2 5 25% 1548760 729218 825346 98%
c i 35.55 243 168 6 7 992 22 14183 5267 17.2 78 5 2 5 25% 1548823 729218 825345 98%
c - 36.18 243 163 6 8 1026 21 14714 4966 18.4 83 4 2 5 26% 1548559 729218 825345 98%
c } 37.37 243 154 7 8 1054 20 15608 5620 19.3 86 4 2 5 24% 1548750 729218 825345 98%
c [ 37.37 243 5320 7 8 1054 22 15608 5620 16.3 2682 165 2 46 71% 1548750 729218 825345 98%
c W 37.84 233 5320 7 8 1054 22 15608 5620 16.3 2682 165 2 46 71% 1547414 729189 825345 98%
c s 43.29 234 4767 7 8 1054 20 16651 6029 19.2 3386 177 2 46 73% 1555453 685006 825345 98%
c e 49.43 315 4767 7 8 1054 20 16651 6029 19.2 3386 177 2 46 73% 842734 899986 395090 47%
c 2 49.44 315 4767 7 8 1054 20 16651 6029 19.2 3386 177 2 46 73% 834539 899986 395090 47%
c s 49.80 315 4767 7 8 1054 20 16651 6029 19.2 3386 177 2 46 73% 862175 866812 395090 47%
c
c seconds     switched    rate        size/glue      tier1      binary            remaining
c         MB   reductions   conflicts         size     tier2        irredundant
c           level   restarts     redundant        glue     trail            variables
c
c e 50.68 338 4767 7 8 1054 20 16651 6029 19.2 3386 177 2 46 73% 846838 877730 393130 47%
c ^ 50.68 338 4767 7 8 1054 20 16651 6029 19.2 3386 177 2 46 73% 846838 877730 393130 47%
c - 51.49 312 4388 7 9 1055 19 17543 2113 17.9 3030 170 2 92 71% 846885 877729 393130 47%
c ] 51.49 312 4388 8 9 1055 19 17543 2113 17.9 3030 170 2 92 71% 846885 877729 393130 47%
c { 51.49 312 154 8 9 1055 20 17543 2113 19.3 86 4 2 5 24% 846885 877729 393130 47%
c i 51.65 313 153 8 9 1091 21 17745 2246 18.7 85 5 2 5 24% 846914 877729 393129 47%
c i 51.76 313 149 8 9 1113 20 17980 2422 18.3 82 5 2 5 24% 846941 877727 393065 47%
c i 51.91 313 150 8 9 1139 20 18182 2599 17.7 81 5 2 5 23% 846957 877727 393064 47%
c i 52.23 314 149 8 9 1189 21 18454 2778 17.2 79 5 2 5 23% 847017 877726 393004 47%
c i 52.39 314 147 8 9 1238 21 18724 2980 16.5 78 5 2 5 22% 847053 877725 393003 47%
c i 52.70 315 143 8 9 1303 21 19271 3437 15.8 74 5 2 5 22% 847095 877723 392873 47%
c i 52.75 315 143 8 9 1309 21 19310 3465 15.8 74 5 2 5 22% 847101 877723 392872 47%
c i 52.99 315 141 8 9 1343 21 19571 3667 15.4 73 5 2 5 21% 847131 877723 392821 47%
c i 53.02 315 140 8 9 1346 20 19690 3752 15.3 73 5 2 5 21% 847148 877722 392712 47%
c i 53.44 315 150 8 9 1375 21 20014 3982 14.9 71 5 2 6 21% 847229 877722 392711 47%
c i 53.44 315 150 8 9 1376 21 20017 3983 14.9 71 5 2 6 21% 847230 877722 392710 47%
c i 53.61 316 150 8 9 1396 21 20141 4087 14.8 70 5 2 6 21% 847242 877722 392709 47%
c o 53.77 316 149 8 9 1414 21 20252 4191 14.7 70 5 2 6 21% 847249 877722 392709 47%
c i 54.12 316 149 8 9 1449 21 20468 4354 14.4 69 5 2 6 21% 847276 877722 392708 47%
c - 54.23 316 149 8 10 1473 21 20543 4098 14.3 69 5 2 6 21% 845866 877722 392708 47%
c
c seconds    switched     rate        size/glue  tier1     binary            remaining
c         MB   reductions   conflicts        size  tier2       irredundant
c           level   restarts     redundant     glue   trail            variables
c
c i 54.51 316 147 8 10 1534 21 20884 4360 13.8 68 5 2 6 20% 845915 877721 392689 47%
c d 54.67 316 146 8 10 1554 21 21007 4450 13.6 67 5 2 6 20% 847231 875091 392680 47%
c b 54.89 316 146 8 10 1554 21 21007 4450 13.6 67 5 2 6 20% 847231 875091 392665 47%
c u 55.32 316 146 8 10 1554 21 21007 3148 13.6 67 5 2 6 20% 846754 875091 392665 47%
c v 55.96 317 146 8 10 1554 21 21007 2707 13.6 67 5 2 6 20% 846778 875091 392665 47%
c w 56.64 317 146 8 10 1554 21 21007 2700 13.6 67 5 2 6 20% 846778 875091 392665 47%
c = 57.99 317 146 8 10 1554 21 21007 2700 13.6 67 5 2 6 20% 847106 875006 392489 47%
c d 58.09 317 146 8 10 1554 21 21007 2698 13.6 67 5 2 6 20% 846646 874998 392484 47%
c t 58.29 317 146 8 10 1554 21 21007 2698 13.6 67 5 2 6 20% 844866 874998 392484 47%
c f 60.22 255 146 8 10 1554 21 21007 2698 13.6 67 5 2 6 20% 579685 567270 442681 53%
c c 60.55 273 146 8 10 1554 21 21007 2693 13.6 67 5 2 6 20% 581643 566407 442259 53%
c d 60.63 273 146 8 10 1554 21 21007 2693 13.6 67 5 2 6 20% 579992 566397 442249 53%
c u 61.08 280 146 8 10 1554 21 21007 2511 13.6 67 5 2 6 20% 579588 566397 442249 53%
c v 61.49 281 146 8 10 1554 21 21007 2384 13.6 67 5 2 6 20% 579591 566397 442249 53%
c w 62.01 283 146 8 10 1554 21 21007 2310 13.6 67 5 2 6 20% 579591 566397 442249 53%
c = 63.85 290 146 8 10 1554 21 21007 2310 13.6 67 5 2 6 20% 579595 566396 442247 53%
c d 63.95 290 146 8 10 1554 21 21007 2310 13.6 67 5 2 6 20% 579589 566396 442247 53%
c t 64.20 290 146 8 10 1554 21 21007 2310 13.6 67 5 2 6 20% 578951 566396 442247 53%
c f 64.66 260 146 8 10 1554 21 21007 2310 13.6 67 5 2 6 20% 595623 534492 448260 53%
c i 64.77 275 145 8 10 1566 21 21148 2416 13.5 66 5 2 6 20% 595639 534492 448259 53%
c
c seconds    switched     rate        size/glue  tier1     binary            remaining
c         MB   reductions   conflicts        size  tier2       irredundant
c           level   restarts     redundant     glue   trail            variables
c
c i 65.17 281 144 8 10 1615 21 21362 2572 13.4 67 5 2 6 20% 595680 534491 448168 53%
c i 65.85 284 139 8 10 1696 21 22311 3316 12.5 64 5 2 6 19% 595785 534491 448167 53%
c i 65.85 284 139 8 10 1697 21 22315 3316 12.5 64 5 2 6 19% 595788 534491 448066 53%
c i 65.85 284 139 8 10 1698 21 22318 3316 12.5 64 5 2 6 19% 595790 534491 448065 53%
c i 65.94 284 137 8 10 1723 21 22536 3448 12.3 63 5 2 6 19% 595836 534490 448064 53%
c i 66.04 284 137 8 10 1730 21 22607 3507 12.2 62 5 2 6 19% 595846 534490 448063 53%
c i 66.04 284 137 8 10 1730 21 22632 3518 12.2 62 5 2 6 19% 595854 534486 448062 53%
c i 66.57 285 133 8 10 1805 20 23304 4066 11.8 61 5 2 6 18% 595935 534485 448061 53%
c i 66.68 285 130 8 10 1836 20 23659 4323 11.5 59 5 2 6 18% 595972 534483 448011 53%
c } 66.76 286 132 9 10 1839 20 23702 4348 11.5 59 5 2 6 18% 595986 534483 448011 53%
c [ 66.76 286 4388 9 10 1839 19 23702 4348 17.9 3030 170 2 92 71% 595986 534483 448011 53%
c O 66.76 286 4388 9 10 1839 19 23702 4348 17.9 3030 170 2 92 71% 595986 534483 448011 53%
c - 66.80 286 4386 9 11 1839 19 23705 4039 17.9 3029 170 2 92 71% 595657 534388 448011 53%
c - 70.88 287 3228 9 12 1841 16 27023 5327 15.5 2240 145 4 103 57% 595983 534388 448011 53%
c - 71.82 287 2538 9 13 1843 14 30487 6005 13.9 1764 127 6 91 47% 596228 534388 448011 53%
c s 72.46 287 2245 9 13 1844 13 32594 7453 13.3 1569 118 6 91 43% 596395 530160 448011 53%
c e 74.12 200 2245 9 13 1844 13 32594 7453 13.3 1569 118 6 91 43% 292137 555730 157049 19%
c 2 74.13 200 2245 9 13 1844 13 32594 7453 13.3 1569 118 6 91 43% 292115 555730 157049 19%
c s 74.34 200 2245 9 13 1844 13 32594 7453 13.3 1569 118 6 91 43% 292761 552025 157049 19%
c e 74.68 200 2245 9 13 1844 13 32594 7453 13.3 1569 118 6 91 43% 292591 552207 156953 19%
c
c seconds     switched     rate        size/glue      tier1      binary            remaining
c         MB    reductions   conflicts         size     tier2        irredundant
c           level    restarts     redundant        glue     trail            variables
c
c ^ 74.68 200 2245 9 13 1844 13 32594 7453 13.3 1569 118 6 91 43% 292591 552207 156953 19%
c i 74.71 203 2244 9 13 1844 13 32602 994 13.3 1568 118 6 91 43% 292592 552207 156952 19%
c B 74.83 204 2141 9 13 1844 13 33463 1648 13.2 1486 113 6 91 41% 292646 552206 156952 19%
c ] 74.86 204 2140 10 13 1844 13 33472 1653 13.2 1486 113 6 91 41% 292647 552206 156952 19%
c { 74.86 204 132 10 13 1844 20 33472 1653 11.5 59 5 2 6 18% 292647 552206 156952 19%
c i 75.02 205 132 10 13 1882 20 33657 1774 11.1 59 5 2 6 18% 292674 552204 156929 19%
c i 75.04 205 131 10 13 1887 20 33770 1851 11.0 59 5 2 6 18% 292687 552204 156920 19%
c i 75.18 206 130 10 13 1931 20 34070 2082 10.8 58 5 2 6 18% 292709 552204 156919 19%
c - 75.25 199 129 10 14 1938 20 34092 1814 10.8 58 5 2 7 18% 292633 551833 156919 19%
c i 75.27 199 128 10 14 1939 20 34287 1951 10.7 57 5 2 7 17% 292638 551833 156905 19%
c d 75.39 200 128 10 14 1953 20 34353 1870 10.7 57 5 2 7 17% 292643 551733 156891 19%
c b 75.50 200 128 10 14 1953 20 34353 1870 10.7 57 5 2 7 17% 292643 551733 156882 19%
c u 75.59 200 128 10 14 1953 20 34353 1758 10.7 57 5 2 7 17% 292633 551733 156881 19%
c v 75.78 200 128 10 14 1953 20 34353 1618 10.7 57 5 2 7 17% 292637 551733 156881 19%
c w 75.98 200 128 10 14 1953 20 34353 1478 10.7 57 5 2 7 17% 292637 551733 156881 19%
c d 76.04 200 128 10 14 1953 20 34353 1478 10.7 57 5 2 7 17% 292661 551515 156878 19%
c t 76.17 200 128 10 14 1953 20 34353 1478 10.7 57 5 2 7 17% 291869 551515 156878 19%
c b 76.21 200 128 10 14 1953 20 34353 1478 10.7 57 5 2 7 17% 291869 551515 156876 19%
c f 76.53 134 128 10 14 1953 20 34353 1478 10.7 57 5 2 7 17% 293189 548168 157493 19%
c u 76.75 149 128 10 14 1953 20 34353 1451 10.7 57 5 2 7 17% 293194 548168 157493 19%
c
c seconds     switched     rate        size/glue  tier1     binary            remaining
c         MB    reductions   conflicts        size  tier2       irredundant
c           level    restarts     redundant     glue   trail            variables
c
c v 76.89 151 128 10 14 1953 20 34353 1401 10.7 57 5 2 7 17% 293194 548168 157493 19%
c w 77.07 153 128 10 14 1953 20 34353 1353 10.7 57 5 2 7 17% 293194 548168 157493 19%
c = 77.80 162 128 10 14 1953 20 34353 1353 10.7 57 5 2 7 17% 293284 548157 157448 19%
c d 77.86 162 128 10 14 1953 20 34353 1353 10.7 57 5 2 7 17% 293149 548157 157448 19%
c t 77.99 162 128 10 14 1953 20 34353 1353 10.7 57 5 2 7 17% 293147 548157 157448 19%
c f 78.08 134 128 10 14 1953 20 34353 1353 10.7 57 5 2 7 17% 293141 548149 157450 19%
c i 78.10 146 128 10 14 1953 20 34353 1353 10.7 57 5 2 7 17% 293141 548149 157450 19%
c i 78.14 149 127 10 14 1962 20 34457 1429 10.6 57 5 2 7 17% 293154 548149 157437 19%
c i 78.15 149 127 10 14 1969 20 34510 1467 10.6 57 5 2 7 17% 293162 548149 157425 19%
c i 78.23 153 125 10 14 1992 20 34726 1591 10.5 56 5 2 7 17% 293172 548149 157424 19%
c i 78.33 153 118 10 14 2015 18 35764 2235 9.9 53 5 2 7 16% 293193 548149 157422 19%
c i 78.62 157 115 10 14 2078 18 36422 2738 9.6 51 5 3 7 16% 293257 548148 157416 19%
c i 78.75 158 114 10 14 2106 18 36754 2960 9.5 51 5 3 7 16% 293301 548146 157403 19%
c i 78.83 159 114 10 14 2146 18 36959 3101 9.4 50 5 3 7 16% 293332 548145 157400 19%
c i 78.92 159 112 10 14 2171 18 37360 3359 9.3 50 5 3 7 16% 293367 548145 157397 19%
c i 79.06 160 111 10 14 2218 18 37617 3550 9.0 49 5 3 7 15% 293409 548145 157396 19%
c - 79.15 160 110 10 15 2234 18 37833 2814 9.0 49 5 3 7 15% 293117 548138 157396 19%
c i 79.18 160 108 10 15 2234 18 38247 3116 8.8 48 5 3 7 15% 293130 548138 157364 19%
c i 79.26 160 108 10 15 2248 18 38315 3162 8.8 48 5 3 7 15% 293148 548138 157362 19%
c i 79.42 161 102 10 15 2322 17 39591 3966 8.3 45 5 3 7 14% 293170 548138 157355 19%
c
c seconds    switched     rate        size/glue tier1     binary            remaining
c         MB   reductions   conflicts       size  tier2       irredundant
c          level    restarts     redundant    glue   trail            variables
c
c o 79.75 161 99 10 15 2424 16 40577 4624 8.0 44 5 3 7 14% 293216 548138 157355 19%
c i 79.93 162 99 10 15 2456 16 40738 4746 8.0 44 5 3 7 14% 293231 548138 157354 19%
c - 80.12 162 96 10 16 2535 16 41707 4050 7.7 42 5 3 7 14% 293134 548138 157354 19%
c i 80.14 162 95 10 16 2536 16 41935 4189 7.7 42 5 3 7 14% 293143 548138 157350 19%
c } 80.18 162 95 11 16 2539 16 42099 4307 7.6 42 5 3 7 13% 293154 548138 157350 19%
c [ 80.18 162 2140 11 16 2539 13 42099 4307 13.2 1486 113 6 91 41% 293154 548138 157350 19%
c i 80.21 162 2106 11 16 2539 13 42375 4491 13.2 1458 111 6 91 41% 293160 548138 157320 19%
c i 80.24 162 2094 11 16 2539 13 42506 4601 13.1 1447 111 6 91 41% 293174 548138 157319 19%
c i 80.29 162 2053 11 16 2539 13 42965 4996 12.7 1408 111 6 91 40% 293218 548138 157318 19%
c i 80.30 162 2051 11 16 2539 13 42986 5013 12.7 1407 111 6 91 40% 293221 548138 157316 19%
c i 80.44 163 1970 11 16 2540 12 43954 5836 11.8 1334 113 6 91 38% 293286 548136 157314 19%
c W 80.80 177 1838 11 16 2541 12 45687 7268 10.4 1223 118 6 91 36% 293209 547492 157314 19%
c - 80.92 178 1836 11 17 2541 12 45707 5213 10.4 1222 118 6 81 36% 293210 547492 157314 19%
c i 81.02 178 1808 11 17 2541 11 46056 5506 10.3 1204 117 6 81 36% 293221 547492 157313 19%
c i 81.07 178 1772 11 17 2542 11 46577 5910 10.1 1178 116 6 81 35% 293257 547492 157311 19%
c i 81.08 178 1766 11 17 2542 11 46668 5977 10.1 1173 116 6 81 35% 293263 547492 157310 19%
c - 81.39 179 1561 11 18 2544 11 49831 6998 9.4 1026 109 6 42 32% 293361 547492 157310 19%
c d 81.56 179 1512 11 18 2545 11 50884 7861 8.7 988 113 6 42 31% 293475 547348 157302 19%
c d 81.61 179 1512 11 18 2545 11 50884 7860 8.7 988 113 6 42 31% 293461 547255 157295 19%
c b 81.66 179 1512 11 18 2545 11 50884 7860 8.7 988 113 6 42 31% 293461 547255 157293 19%
c
c seconds      switched     rate        size/glue    tier1      binary            remaining
c         MB     reductions   conflicts       size     tier2        irredundant
c           level     restarts     redundant      glue     trail            variables
c
c u 81.81 179 1512 11 18 2545 11 50884 7688 8.7 988 113 6 42 31% 293461 547255 157293 19%
c v 81.95 180 1512 11 18 2545 11 50884 7597 8.7 988 113 6 42 31% 293461 547255 157293 19%
c w 82.01 180 1512 11 18 2545 11 50884 7584 8.7 988 113 6 42 31% 293461 547255 157293 19%
c = 82.41 181 1512 11 18 2545 11 50884 7584 8.7 988 113 6 42 31% 293463 547244 157292 19%
c d 82.47 181 1512 11 18 2545 11 50884 7584 8.7 988 113 6 42 31% 293476 547226 157291 19%
c t 82.58 181 1512 11 18 2545 11 50884 7584 8.7 988 113 6 42 31% 293315 547226 157291 19%
c f 82.68 150 1512 11 18 2545 11 50884 7584 8.7 988 113 6 42 31% 293327 547156 157309 19%
c c 82.88 163 1512 11 18 2545 11 50884 7556 8.7 988 113 6 42 31% 293491 547139 157301 19%
c d 82.94 163 1512 11 18 2545 11 50884 7556 8.7 988 113 6 42 31% 293473 547139 157301 19%
c u 83.15 167 1512 11 18 2545 11 50884 7401 8.7 988 113 6 42 31% 293468 547139 157300 19%
c v 83.25 168 1512 11 18 2545 11 50884 7270 8.7 988 113 6 42 31% 293468 547139 157300 19%
c w 83.31 169 1512 11 18 2545 11 50884 7253 8.7 988 113 6 42 31% 293468 547139 157300 19%
c x 83.46 172 1512 11 18 2545 11 50884 7251 8.7 988 113 6 42 31% 293489 546882 157300 19%
c t 83.58 172 1512 11 18 2545 11 50884 7251 8.7 988 113 6 42 31% 293463 546882 157300 19%
c f 83.67 150 1512 11 18 2545 11 50884 7251 8.7 988 113 6 42 31% 293472 546806 157309 19%
c i 83.70 162 1512 11 18 2545 11 50884 7251 8.7 988 113 6 42 31% 293472 546806 157309 19%
c - 84.01 166 1351 11 19 2545 10 54079 7755 8.4 884 105 6 18 29% 293489 546804 157309 19%
c - 84.51 167 1170 11 20 2548 9 58438 8787 8.2 770 93 6 13 27% 293529 546798 157309 19%
c I 84.77 167 1096 11 20 2549 9 60591 10368 8.1 725 89 6 13 26% 293548 546796 157309 19%
c - 85.06 168 1032 11 21 2551 9 62910 9732 7.8 685 88 6 12 25% 293580 546795 157309 19%
c
c seconds      switched    rate         size/glue   tier1      binary            remaining
c         MB     reductions  conflicts        size    tier2        irredundant
c           level     restarts     redundant      glue    trail            variables
c
c ] 85.20 169 1009 12 21 2551 9 63835 10456 7.6 672 89 6 12 25% 293587 546795 157309 19%
c { 85.20 169 95 12 21 2551 16 63835 10456 7.6 42 5 3 7 13% 293587 546795 157309 19%
c s 85.44 170 95 12 21 2566 16 63883 10489 7.6 42 5 3 7 13% 293611 542241 157309 19%
c e 86.18 179 95 12 21 2566 16 63883 10489 7.6 42 5 3 7 13% 278955 570485 149742 18%
c 2 86.19 179 95 12 21 2566 16 63883 10489 7.6 42 5 3 7 13% 278950 570485 149742 18%
c s 86.40 179 95 12 21 2566 16 63883 10489 7.6 42 5 3 7 13% 279423 565655 149742 18%
c e 86.74 180 95 12 21 2566 16 63883 10489 7.6 42 5 3 7 13% 279176 566091 149608 18%
c ^ 86.74 180 95 12 21 2566 16 63883 10489 7.6 42 5 3 7 13% 279176 566091 149608 18%
c i 86.84 180 94 12 21 2588 16 64069 6550 7.6 42 5 3 7 13% 279188 566091 149607 18%
c i 86.88 180 94 12 21 2604 16 64139 6599 7.6 42 5 3 7 13% 279201 566091 149605 18%
c i 86.94 181 94 12 21 2613 16 64232 6677 7.5 42 6 3 7 13% 279209 566091 149604 18%
c i 86.94 181 94 12 21 2614 16 64236 6677 7.5 42 6 3 7 13% 279211 566090 149598 18%
c i 86.98 181 94 12 21 2632 16 64308 6719 7.5 42 6 3 7 13% 279222 566090 149595 18%
c i 87.09 181 90 12 21 2693 15 65411 7419 7.2 40 6 3 7 13% 279235 566090 149593 18%
c i 87.24 182 89 12 21 2770 15 66089 7882 7.0 39 6 3 7 13% 279252 566090 149591 18%
c i 87.25 182 89 12 21 2773 15 66131 7918 7.0 39 6 3 7 13% 279256 566090 149590 18%
c i 87.28 182 89 12 21 2783 15 66165 7945 7.0 39 6 3 7 13% 279261 566090 149588 18%
c i 87.70 183 87 12 21 2955 15 67288 8631 6.8 38 6 3 7 13% 279302 566090 149587 18%
c - 87.87 183 87 12 22 2987 15 67493 6404 6.8 38 6 3 7 13% 279215 566066 149587 18%
c i 87.96 183 84 12 22 2998 15 68278 6961 6.7 37 6 3 7 12% 279229 566066 149586 18%
c
c seconds    switched     rate        size/glue tier1     binary            remaining
c         MB   reductions   conflicts       size  tier2       irredundant
c          level    restarts     redundant    glue   trail            variables
c
c i 88.11 183 84 12 22 3043 15 68553 7161 6.6 37 6 3 7 12% 279245 566065 149572 18%
c i 88.16 183 84 12 22 3076 15 68716 7278 6.6 37 6 3 7 12% 279250 566065 149571 18%
c i 88.31 183 83 12 22 3143 15 69041 7536 6.5 37 6 3 7 12% 279270 566065 149565 18%
c i 88.34 183 83 12 22 3148 15 69205 7632 6.5 37 6 3 7 12% 279277 566065 149562 18%
c i 88.40 183 83 12 22 3156 15 69305 7697 6.5 37 6 3 7 12% 279297 566065 149561 18%
c i 88.53 183 82 12 22 3175 14 69840 8087 6.4 36 6 3 7 12% 279311 566065 149555 18%
c i 88.76 184 82 12 22 3233 15 70178 8353 6.4 36 6 3 7 12% 279350 566065 149550 18%
c o 88.96 184 80 12 22 3321 14 71138 8927 6.2 35 6 3 7 12% 279363 566065 149550 18%
c i 89.02 184 81 12 22 3330 14 71182 8956 6.2 35 6 3 7 12% 279374 566065 149549 18%
c i 89.04 184 80 12 22 3335 14 71219 8974 6.2 35 6 3 7 12% 279379 566065 149548 18%
c d 89.10 184 80 12 22 3335 14 71225 7901 6.2 35 6 3 7 12% 279453 565553 149541 18%
c d 89.15 184 80 12 22 3335 14 71225 7878 6.2 35 6 3 7 12% 279435 565424 149532 18%
c b 89.21 184 80 12 22 3335 14 71225 7878 6.2 35 6 3 7 12% 279435 565424 149524 18%
c u 89.38 184 80 12 22 3335 14 71225 7647 6.2 35 6 3 7 12% 279454 565424 149523 18%
c v 89.54 184 80 12 22 3335 14 71225 7387 6.2 35 6 3 7 12% 279456 565424 149523 18%
c w 89.62 184 80 12 22 3335 14 71225 7372 6.2 35 6 3 7 12% 279456 565424 149523 18%
c d 90.10 184 80 12 22 3335 14 71225 7369 6.2 35 6 3 7 12% 279448 565385 149519 18%
c t 90.21 184 80 12 22 3335 14 71225 7369 6.2 35 6 3 7 12% 279069 565385 149519 18%
c b 90.26 184 80 12 22 3335 14 71225 7369 6.2 35 6 3 7 12% 279069 565385 149518 18%
c f 90.48 150 80 12 22 3335 14 71225 7369 6.2 35 6 3 7 12% 279876 560844 150250 18%
c
c seconds    switched     rate        size/glue tier1     binary            remaining
c         MB   reductions   conflicts       size  tier2       irredundant
c          level    restarts     redundant    glue   trail            variables
c
c u 90.72 166 80 12 22 3335 14 71225 7290 6.2 35 6 3 7 12% 279898 560817 150250 18%
c v 90.83 167 80 12 22 3335 14 71225 7181 6.2 35 6 3 7 12% 279901 560817 150250 18%
c w 90.89 167 80 12 22 3335 14 71225 7177 6.2 35 6 3 7 12% 279901 560817 150250 18%
c x 91.05 169 80 12 22 3335 14 71225 7177 6.2 35 6 3 7 12% 279901 560367 150250 18%
c t 91.18 169 80 12 22 3335 14 71225 7177 6.2 35 6 3 7 12% 279792 560367 150250 18%
c f 91.38 150 80 12 22 3335 14 71225 7177 6.2 35 6 3 7 12% 279821 560298 150258 18%
c i 91.40 163 80 12 22 3335 14 71225 7177 6.2 35 6 3 7 12% 279821 560298 150258 18%
c i 91.48 168 80 12 22 3349 14 71435 7301 6.2 35 6 3 7 12% 279840 560298 150256 18%
c - 91.89 173 80 12 23 3483 14 72183 6573 6.1 35 6 3 7 12% 279608 560298 150256 18%
c i 91.92 174 80 12 23 3497 14 72304 6666 6.1 35 6 3 7 12% 279613 560298 150254 18%
c i 91.93 174 80 12 23 3500 14 72359 6688 6.1 35 6 3 7 12% 279626 560298 150253 18%
c i 92.24 175 78 12 23 3610 14 73526 7429 5.9 34 6 3 7 12% 279648 560298 150252 18%
c i 92.34 175 75 12 23 3628 14 74543 8085 5.8 33 6 3 7 11% 279664 560298 150251 18%
c } 92.57 176 74 13 23 3745 14 75314 8661 5.7 33 6 3 7 11% 279698 560298 150251 18%
c [ 92.57 176 1009 13 23 3745 9 75314 8661 7.6 672 89 6 12 25% 279698 560298 150251 18%
c - 92.76 176 962 13 24 3746 9 76979 7616 7.6 637 84 6 12 24% 279673 560298 150251 18%
c B 92.89 176 925 13 24 3747 8 78396 8652 7.5 611 81 6 12 23% 279675 560298 150251 18%
c i 93.16 176 887 13 24 3748 8 80562 10584 7.1 587 83 6 12 23% 279701 560298 150250 18%
c - 93.30 177 864 13 25 3750 8 81877 9230 6.9 569 82 6 12 22% 279696 560297 150250 18%
c - 93.87 177 770 13 26 3751 8 86879 9732 6.8 511 76 6 12 21% 279724 560295 150250 18%
c
c seconds     switched    rate         size/glue   tier1      binary            remaining
c         MB    reductions  conflicts        size    tier2        irredundant
c           level    restarts     redundant      glue    trail            variables
c
c i 94.07 177 741 13 26 3752 8 88987 11549 6.5 492 75 6 12 21% 279748 560295 150248 18%
c i 94.21 177 721 13 26 3753 8 90294 12547 6.5 480 74 6 12 21% 279758 560292 150247 18%
c - 94.40 177 698 13 27 3754 8 91980 10322 6.5 465 72 6 11 20% 279727 560292 150247 18%
c d 94.81 177 658 13 27 3756 8 95515 12989 6.2 440 71 6 11 20% 279759 560222 150242 18%
c b 94.91 177 658 13 27 3756 8 95515 12989 6.2 440 71 6 11 20% 279759 560222 150237 18%
c u 95.03 178 658 13 27 3756 8 95515 12866 6.2 440 71 6 11 20% 279761 560222 150236 18%
c v 95.13 178 658 13 27 3756 8 95515 12688 6.2 440 71 6 11 20% 279761 560222 150236 18%
c w 95.19 178 658 13 27 3756 8 95515 12625 6.2 440 71 6 11 20% 279761 560222 150236 18%
c x 95.34 178 658 13 27 3756 8 95515 12625 6.2 440 71 6 11 20% 279764 559745 150236 18%
c t 95.46 178 658 13 27 3756 8 95515 12613 6.2 440 71 6 11 20% 279497 559745 150236 18%
c f 95.56 150 658 13 27 3756 8 95515 12613 6.2 440 71 6 11 20% 279504 559694 150244 18%
c u 95.82 167 658 13 27 3756 8 95515 12573 6.2 440 71 6 11 20% 279504 559694 150244 18%
c v 95.92 168 658 13 27 3756 8 95515 12497 6.2 440 71 6 11 20% 279504 559694 150244 18%
c w 95.99 168 658 13 27 3756 8 95515 12492 6.2 440 71 6 11 20% 279504 559694 150244 18%
c x 96.13 169 658 13 27 3756 8 95515 12492 6.2 440 71 6 11 20% 279504 559399 150244 18%
c i 96.71 178 658 13 27 3756 8 95515 12492 6.2 440 71 6 11 20% 279504 559399 150244 18%
c - 96.92 178 638 13 28 3757 8 97178 11009 6.1 427 70 5 11 20% 279474 559399 150244 18%
c i 96.97 178 631 13 28 3757 8 97804 11430 6.1 423 70 5 11 20% 279475 559398 150243 18%
c W 97.31 177 615 13 28 3758 8 99309 12639 6.0 414 69 5 11 19% 279475 559398 150243 18%
c - 97.73 178 582 13 29 3759 8 102470 11803 5.8 396 68 5 11 19% 279498 559398 150243 18%
c
c seconds     switched    rate          size/glue   tier1      binary            remaining
c         MB    reductions  conflicts         size    tier2        irredundant
c           level    restarts      redundant      glue    trail            variables
c
c ] 98.12 178 552 14 29 3759 8 106013 14670 5.7 378 67 5 11 19% 279514 559396 150243 18%
c { 98.12 178 74 14 29 3759 14 106013 14670 5.7 33 6 3 7 11% 279514 559396 150243 18%
c i 98.36 181 74 14 29 3807 14 106470 14975 5.6 32 6 3 7 11% 279573 559396 150241 18%
c i 98.54 181 73 14 29 3898 14 107156 15429 5.5 32 6 3 7 11% 279600 559396 150229 18%
c i 98.84 182 74 14 29 3981 14 107624 15769 5.5 32 6 3 7 11% 279629 559396 150228 18%
c i 98.87 182 74 14 29 4001 14 107725 15856 5.5 32 6 3 7 11% 279633 559396 150227 18%
c - 98.95 182 74 14 30 4037 14 107856 13209 5.5 32 6 4 7 11% 279557 559396 150227 18%
c i 99.50 183 74 14 30 4219 14 109339 14198 5.3 32 6 4 7 11% 279620 559396 150226 18%
c i 99.58 183 72 14 30 4244 14 110136 14668 5.3 31 6 4 7 11% 279631 559396 150221 18%
c i 99.84 183 72 14 30 4275 14 110558 14963 5.2 31 6 4 7 11% 279677 559396 150220 18%
c i 99.88 183 72 14 30 4289 14 110662 15047 5.2 31 6 4 7 11% 279684 559396 150216 18%
c o 100.18 183 72 14 30 4356 14 111150 15429 5.2 31 6 4 7 11% 279729 559396 150216 18%
c i 100.36 184 73 14 30 4403 14 111394 15612 5.2 31 6 4 7 11% 279771 559396 150214 18%
c i 100.36 184 73 14 30 4403 14 111405 15621 5.2 31 6 4 7 11% 279771 559396 150213 18%
c i 100.77 184 71 14 30 4555 14 112955 16600 5.0 30 6 4 7 11% 279805 559396 150212 18%
c - 100.90 184 71 14 31 4599 14 113335 13995 5.0 30 6 4 7 11% 279732 559396 150212 18%
c i 101.06 184 71 14 31 4638 14 113671 14222 5.0 30 6 4 7 11% 279752 559396 150197 18%
c 2 101.20 184 70 14 31 4688 14 114284 14611 4.9 30 6 4 7 11% 279757 559396 150196 18%
c s 101.36 184 70 14 31 4688 14 114284 14611 4.9 30 6 4 7 11% 280072 554464 150196 18%
c e 102.17 185 70 14 31 4688 14 114284 14611 4.9 30 6 4 7 11% 267488 594899 141534 17%
c
c seconds     switched     rate          size/glue tier1     binary            remaining
c          MB   reductions   conflicts         size  tier2       irredundant
c           level    restarts       redundant    glue   trail            variables
c
c 2 102.18 185 70 14 31 4688 14 114284 14611 4.9 30 6 4 7 11% 267449 594899 141534 17%
c s 102.36 185 70 14 31 4688 14 114284 14611 4.9 30 6 4 7 11% 270163 589853 141534 17%
c e 102.58 185 70 14 31 4688 14 114284 14611 4.9 30 6 4 7 11% 270077 590204 141426 17%
c ^ 102.58 185 70 14 31 4688 14 114284 14611 4.9 30 6 4 7 11% 270077 590204 141426 17%
c i 102.78 186 69 14 31 4777 14 114940 11453 4.8 29 6 4 7 11% 270102 590204 141425 17%
c i 103.19 186 66 14 31 4925 13 117440 12920 4.6 28 6 4 7 10% 270135 590204 141419 17%
c i 103.31 186 66 14 31 4999 13 117936 13235 4.6 28 6 4 7 10% 270155 590204 141417 17%
c - 103.50 186 65 14 32 5063 13 118903 11560 4.5 28 6 4 7 10% 270131 590153 141417 17%
c } 103.70 186 63 15 32 5152 12 120730 12653 4.4 27 6 4 7 10% 270134 590153 141417 17%
c [ 103.70 186 552 15 32 5152 8 120730 12653 5.7 378 67 5 11 19% 270134 590153 141417 17%
c O 103.97 186 523 15 32 5154 8 123534 14699 5.7 358 63 5 11 18% 270136 590153 141417 17%
c c 104.22 164 521 15 32 5154 8 123896 15000 5.6 357 63 5 11 18% 272617 590072 141407 17%
c d 104.27 164 521 15 32 5154 8 123896 14999 5.6 357 63 5 11 18% 272595 590072 141405 17%
c b 104.36 164 521 15 32 5154 8 123896 14999 5.6 357 63 5 11 18% 272595 590072 141403 17%
c u 104.51 168 521 15 32 5154 8 123896 14786 5.6 357 63 5 11 18% 272587 590072 141403 17%
c v 104.66 169 521 15 32 5154 8 123896 13977 5.6 357 63 5 11 18% 272588 590072 141403 17%
c w 104.73 169 521 15 32 5154 8 123896 12912 5.6 357 63 5 11 18% 272588 590072 141403 17%
c x 104.95 172 521 15 32 5154 8 123896 12912 5.6 357 63 5 11 18% 272617 589650 141403 17%
c d 105.01 172 521 15 32 5154 8 123896 12912 5.6 357 63 5 11 18% 272615 589650 141402 17%
c t 105.13 172 521 15 32 5154 8 123896 12912 5.6 357 63 5 11 18% 271908 589650 141391 17%
c
c seconds      switched    rate          size/glue   tier1      binary            remaining
c          MB    reductions  conflicts         size    tier2        irredundant
c            level    restarts      redundant      glue    trail            variables
c
c f 105.46 150 521 15 32 5154 8 123896 12912 5.6 357 63 5 11 18% 270510 586469 141886 17%
c u 105.76 168 521 15 32 5154 8 123896 12624 5.6 357 63 5 11 18% 270533 586294 141876 17%
c v 105.90 169 521 15 32 5154 8 123896 12252 5.6 357 63 5 11 18% 270533 586294 141876 17%
c w 105.97 169 521 15 32 5154 8 123896 12196 5.6 357 63 5 11 18% 270533 586294 141876 17%
c x 106.17 172 521 15 32 5154 8 123896 12196 5.6 357 63 5 11 18% 270590 585944 141876 17%
c d 106.23 172 521 15 32 5154 8 123896 12188 5.6 357 63 5 11 18% 270494 585925 141812 17%
c t 106.35 172 521 15 32 5154 8 123896 12188 5.6 357 63 5 11 18% 270471 585925 141812 17%
c b 106.39 172 521 15 32 5154 8 123896 12188 5.6 357 63 5 11 18% 270471 585925 141780 17%
c i 106.49 172 521 15 32 5154 8 123896 12188 5.6 357 63 5 11 18% 270471 585925 141780 17%
c - 106.64 174 519 15 33 5154 8 124559 10941 5.5 355 64 5 11 18% 270266 585925 141780 17%
c - 107.34 176 487 15 34 5158 8 130303 12243 5.1 333 66 5 11 17% 270307 585925 141780 17%
c - 108.06 176 455 15 35 5160 8 136135 13291 4.8 314 65 5 11 17% 270332 585924 141780 17%
c - 108.74 177 424 15 36 5164 8 142053 14356 4.6 294 63 5 11 16% 270352 585923 141780 17%
c - 109.42 177 406 15 37 5166 7 148054 15198 4.2 283 67 5 10 16% 270373 585923 141780 17%
c B 109.74 178 401 15 37 5166 7 151275 18026 4.1 272 67 5 10 16% 270395 585923 141780 17%
c - 110.07 178 395 15 38 5166 7 154139 16647 3.9 270 69 5 11 16% 270403 585923 141780 17%
c d 110.42 178 390 15 38 5167 7 156544 18705 3.8 268 70 5 11 16% 270597 585086 141771 17%
c d 110.46 178 390 15 38 5167 7 156544 18705 3.8 268 70 5 11 16% 270576 585086 141757 17%
c b 110.52 178 390 15 38 5167 7 156544 18705 3.8 268 70 5 11 16% 270576 585086 141749 17%
c u 110.65 178 390 15 38 5167 7 156544 18548 3.8 268 70 5 11 16% 270571 585086 141749 17%
c
c seconds      switched    rate          size/glue   tier1      binary            remaining
c          MB    reductions  conflicts         size    tier2        irredundant
c            level    restarts      redundant      glue    trail            variables
c
c v 110.76 178 390 15 38 5167 7 156544 18315 3.8 268 70 5 11 16% 270571 585086 141749 17%
c w 110.84 179 390 15 38 5167 7 156544 18309 3.8 268 70 5 11 16% 270571 585086 141749 17%
c x 110.97 179 390 15 38 5167 7 156544 18309 3.8 268 70 5 11 16% 270629 584852 141749 17%
c d 111.03 179 390 15 38 5167 7 156544 18309 3.8 268 70 5 11 16% 270617 584839 141743 17%
c t 111.14 179 390 15 38 5167 7 156544 18309 3.8 268 70 5 11 16% 270543 584839 141743 17%
c u 111.56 179 390 15 38 5167 7 156544 18004 3.8 268 70 5 11 16% 270546 584839 141743 17%
c v 111.70 179 390 15 38 5167 7 156544 17592 3.8 268 70 5 11 16% 270547 584839 141743 17%
c w 111.79 179 390 15 38 5167 7 156544 17565 3.8 268 70 5 11 16% 270547 584839 141743 17%
c t 112.34 184 390 15 38 5167 7 156544 17565 3.8 268 70 5 11 16% 270547 584839 141742 17%
c f 112.45 150 390 15 38 5167 7 156544 17565 3.8 268 70 5 11 16% 270548 584827 141743 17%
c ] 112.52 165 388 16 38 5167 7 156996 17942 3.8 267 70 5 11 16% 270553 584827 141743 17%
c { 112.52 165 63 16 38 5167 12 156996 17942 4.4 27 6 4 7 10% 270553 584827 141743 17%
c i 112.77 172 61 16 38 5243 12 158386 18885 4.2 26 6 4 7 10% 270572 584827 141742 17%
c i 112.87 174 62 16 38 5254 12 158520 18970 4.2 26 6 4 7 10% 270594 584827 141735 17%
c i 112.98 174 61 16 38 5276 12 159554 19642 4.2 26 6 4 7 10% 270602 584827 141733 17%
c i 113.05 175 61 16 38 5299 12 159664 19720 4.2 26 6 4 7 10% 270616 584827 141732 17%
c i 113.06 175 61 16 38 5302 12 159688 19736 4.2 26 6 4 7 10% 270621 584827 141730 17%
c - 113.26 176 61 16 39 5379 12 160304 15143 4.2 26 6 4 7 10% 270517 584827 141730 17%
c i 113.31 176 60 16 39 5387 12 160799 15488 4.1 26 6 4 7 10% 270523 584827 141728 17%
c i 113.37 176 60 16 39 5389 12 161010 15631 4.1 26 6 4 7 10% 270541 584827 141727 17%
c
c seconds     switched     rate          size/glue tier1     binary            remaining
c          MB   reductions   conflicts         size  tier2       irredundant
c           level    restarts       redundant    glue   trail            variables
c
c i 113.41 176 60 16 39 5402 12 161078 15675 4.1 26 6 4 7 10% 270547 584827 141726 17%
c o 113.45 176 60 16 39 5403 12 161190 15774 4.1 26 6 4 7 10% 270550 584827 141726 17%
c i 113.53 176 60 16 39 5428 12 161659 16052 4.1 25 6 4 7 10% 270560 584827 141725 17%
c i 113.68 177 60 16 39 5477 12 161851 16195 4.1 26 6 4 7 10% 270589 584827 141724 17%
c i 113.81 178 60 16 39 5507 12 162375 16523 4.1 25 6 4 7 10% 270596 584827 141722 17%
c - 114.51 179 56 16 40 5707 11 166548 15492 3.8 24 6 4 7 9% 270541 584827 141722 17%
c i 114.85 179 53 16 40 5797 10 169632 17210 3.7 23 6 4 7 9% 270563 584827 141721 17%
c i 114.89 179 53 16 40 5797 10 169719 17260 3.7 23 6 4 7 9% 270594 584827 141720 17%
c i 115.00 179 53 16 40 5823 10 169849 17371 3.7 23 6 4 7 9% 270602 584827 141719 17%
c - 115.40 179 51 16 41 5954 10 172873 13072 3.5 22 6 4 7 9% 270557 584827 141719 17%
c } 115.61 180 49 17 41 6114 10 175334 14573 3.4 21 6 4 7 9% 270561 584827 141719 17%
c [ 115.61 180 388 17 41 6114 7 175334 14573 3.8 267 70 5 11 16% 270561 584827 141719 17%
c i 115.79 180 377 17 41 6115 7 177298 15915 3.8 259 68 5 11 15% 270567 584827 141718 17%
c - 116.02 180 368 17 42 6116 7 179276 11959 3.8 254 67 5 11 15% 270564 584827 141718 17%
c W 116.60 177 353 17 42 6119 7 182725 14713 3.8 247 66 5 11 15% 270573 584715 141718 17%
c - 116.99 178 341 17 43 6120 7 185758 14349 3.8 241 64 5 10 15% 270573 584715 141718 17%
c s 117.14 178 340 17 43 6120 7 186064 14616 3.8 241 64 5 10 15% 270605 581867 141718 17%
c e 117.91 181 340 17 43 6120 7 186064 14616 3.8 241 64 5 10 15% 262076 652412 131154 16%
c 2 117.92 181 340 17 43 6120 7 186064 14616 3.8 241 64 5 10 15% 261994 652412 131154 16%
c s 118.16 181 340 17 43 6120 7 186064 14616 3.8 241 64 5 10 15% 264689 648291 131154 16%
c
c seconds      switched    rate          size/glue   tier1      binary            remaining
c          MB    reductions  conflicts         size    tier2        irredundant
c            level    restarts      redundant      glue    trail            variables
c
c e 118.29 181 340 17 43 6120 7 186064 14616 3.8 241 64 5 10 15% 264578 648726 131081 16%
c ^ 118.29 181 340 17 43 6120 7 186064 14616 3.8 241 64 5 10 15% 264578 648726 131081 16%
c - 119.04 183 318 17 44 6123 7 192317 14371 3.7 230 62 5 10 15% 264587 648724 131081 16%
c b 119.27 183 315 17 44 6124 7 193492 15252 3.7 228 61 5 10 15% 264631 648680 131080 16%
c u 119.48 184 315 17 44 6124 7 193492 14849 3.7 228 61 5 10 15% 264666 648680 131079 16%
c v 119.65 185 315 17 44 6124 7 193492 14617 3.7 228 61 5 10 15% 264666 648680 131079 16%
c w 119.73 185 315 17 44 6124 7 193492 14596 3.7 228 61 5 10 15% 264666 648680 131079 16%
c x 119.93 185 315 17 44 6124 7 193492 14596 3.7 228 61 5 10 15% 264690 648638 131079 16%
c d 119.99 185 315 17 44 6124 7 193492 14590 3.7 228 61 5 10 15% 264678 648532 131073 16%
c t 120.11 185 315 17 44 6124 7 193492 14590 3.7 228 61 5 10 15% 264070 648532 131073 16%
c b 120.16 185 315 17 44 6124 7 193492 14590 3.7 228 61 5 10 15% 264070 648532 131072 16%
c f 120.49 151 315 17 44 6124 7 193492 14590 3.7 228 61 5 10 15% 263678 648388 131096 16%
c u 120.85 171 315 17 44 6124 7 193492 14114 3.7 228 61 5 10 15% 263684 648388 131096 16%
c v 121.05 171 315 17 44 6124 7 193492 13895 3.7 228 61 5 10 15% 263684 648388 131096 16%
c w 121.15 172 315 17 44 6124 7 193492 13817 3.7 228 61 5 10 15% 263684 648388 131096 16%
c d 121.21 172 315 17 44 6124 7 193492 13817 3.7 228 61 5 10 15% 263682 648388 131095 16%
c t 121.33 172 315 17 44 6124 7 193492 13817 3.7 228 61 5 10 15% 263668 648388 131095 16%
c f 121.60 151 315 17 44 6124 7 193492 13817 3.7 228 61 5 10 15% 263693 648312 131097 16%
c i 121.63 166 315 17 44 6124 7 193492 13817 3.7 228 61 5 10 15% 263693 648312 131097 16%
c - 122.20 169 297 17 45 6127 7 198953 14677 3.7 217 59 5 10 15% 263654 648312 131097 16%
c
c seconds      switched    rate          size/glue   tier1      binary            remaining
c          MB    reductions  conflicts         size    tier2        irredundant
c            level    restarts      redundant      glue    trail            variables
c
c - 123.03 171 279 17 46 6128 7 205662 16069 3.6 207 57 5 10 15% 263665 648312 131097 16%
c ] 123.38 171 269 18 46 6128 7 209000 18446 3.6 201 56 5 10 15% 263669 648312 131097 16%
c { 123.38 171 49 18 46 6128 10 209000 18446 3.4 21 6 4 7 9% 263669 648312 131097 16%
c - 123.76 172 46 18 47 6508 9 212445 17505 3.3 21 6 4 7 9% 263676 648312 131097 16%
c i 124.14 173 44 18 47 6938 8 216445 19819 3.1 20 6 4 7 9% 263692 648312 131096 16%
c i 124.26 176 44 18 47 6956 8 216568 19919 3.2 20 6 4 7 9% 263704 648312 131095 16%
c i 124.34 176 44 18 47 7001 8 216916 20168 3.2 20 6 4 7 9% 263709 648312 131094 16%
c i 124.44 177 43 18 47 7054 8 217364 20469 3.2 20 6 4 7 9% 263712 648312 131093 16%
c i 124.44 177 43 18 47 7055 8 217365 20469 3.2 20 6 4 7 9% 263712 648312 131092 16%
c - 124.77 178 42 18 48 7317 8 219300 14883 3.1 20 6 4 7 9% 263683 648312 131092 16%
c i 125.32 178 39 18 48 8040 8 225144 18342 2.9 19 6 4 7 8% 263700 648312 131091 16%
c o 125.35 178 39 18 48 8040 8 225144 18342 2.9 19 6 4 7 8% 263700 648312 131091 16%
c - 125.57 178 39 18 49 8079 7 226228 12140 2.9 19 6 4 7 8% 263690 648312 131091 16%
c i 125.71 179 39 18 49 8107 7 226763 12601 2.9 19 6 4 7 8% 263710 648312 131090 16%
c i 125.86 179 38 18 49 8187 7 227412 13097 3.0 19 6 4 7 8% 263716 648312 131089 16%
c i 125.89 179 38 18 49 8196 7 227589 13243 3.0 19 6 4 7 8% 263718 648312 131087 16%
c i 126.00 180 38 18 49 8219 7 227801 13401 3.0 19 6 4 7 8% 263733 648312 131086 16%
c i 126.26 180 38 18 49 8355 7 229013 14176 3.0 19 6 4 7 8% 263758 648312 131085 16%
c i 126.54 181 37 18 49 8564 7 230668 15276 3.0 19 6 4 7 8% 263773 648312 131084 16%
c i 126.54 181 37 18 49 8564 7 230675 15271 3.0 19 6 4 7 8% 263778 648312 131083 16%
c
c seconds     switched    rate          size/glue tier1    binary            remaining
c          MB   reductions  conflicts         size  tier2      irredundant
c           level    restarts      redundant    glue  trail            variables
c
c i 126.57 181 37 18 49 8584 7 230807 15356 3.0 19 6 4 7 8% 263784 648312 131082 16%
c i 126.70 181 37 18 49 8659 7 231288 15696 3.0 19 6 4 7 8% 263791 648312 131081 16%
c i 126.74 181 37 18 49 8664 7 231306 15710 3.0 19 6 4 7 8% 263794 648312 131080 16%
c i 126.74 181 37 18 49 8664 7 231319 15713 3.0 19 6 4 7 8% 263795 648312 131079 16%
c } 126.76 181 37 19 49 8669 7 231345 15734 3.0 19 6 4 7 8% 263796 648312 131079 16%
c [ 126.76 181 269 19 49 8669 7 231345 15734 3.6 201 56 5 10 15% 263796 648312 131079 16%
c I 126.76 181 269 19 49 8669 7 231345 15734 3.6 201 56 5 10 15% 263796 648312 131079 16%
c - 126.99 181 265 19 50 8670 7 233228 15289 3.6 199 55 5 10 15% 263731 648311 131079 16%
c c 127.41 143 260 19 50 8671 7 235202 16802 3.6 196 54 5 10 15% 265193 648220 131072 16%
c d 127.46 143 260 19 50 8671 7 235202 16797 3.6 196 54 5 10 15% 265192 648207 131072 16%
c d 127.50 143 260 19 50 8671 7 235202 16797 3.6 196 54 5 10 15% 265190 648204 131071 16%
c u 127.78 147 260 19 50 8671 7 235202 16457 3.6 196 54 5 10 15% 265187 648204 131070 16%
c v 127.99 148 260 19 50 8671 7 235202 15871 3.6 196 54 5 10 15% 265189 648204 131069 16%
c w 128.09 149 260 19 50 8671 7 235202 15798 3.6 196 54 5 10 15% 265189 648204 131069 16%
c d 128.14 149 260 19 50 8671 7 235202 15713 3.6 196 54 5 10 15% 265187 648187 131068 16%
c t 128.26 149 260 19 50 8671 7 235202 15713 3.6 196 54 5 10 15% 264955 648187 131068 16%
c f 128.36 149 260 19 50 8671 7 235202 15713 3.6 196 54 5 10 15% 264750 647728 131103 16%
c u 128.64 149 260 19 50 8671 7 235202 15643 3.6 196 54 5 10 15% 264752 647728 131103 16%
c v 128.80 149 260 19 50 8671 7 235202 15425 3.6 196 54 5 10 15% 264753 647728 131103 16%
c w 128.89 149 260 19 50 8671 7 235202 15370 3.6 196 54 5 10 15% 264753 647728 131103 16%
c
c seconds      switched    rate          size/glue   tier1      binary            remaining
c          MB    reductions  conflicts         size    tier2        irredundant
c            level    restarts      redundant      glue    trail            variables
c
c x 129.08 149 260 19 50 8671 7 235202 15361 3.6 196 54 5 10 15% 264793 646952 131098 16%
c d 129.13 149 260 19 50 8671 7 235202 15337 3.6 196 54 5 10 15% 264796 646493 131078 16%
c d 129.17 149 260 19 50 8671 7 235202 15337 3.6 196 54 5 10 15% 264794 646493 131077 16%
c t 129.25 149 260 19 50 8671 7 235202 15337 3.6 196 54 5 10 15% 264771 646493 131077 16%
c b 129.29 149 260 19 50 8671 7 235202 15337 3.6 196 54 5 10 15% 264771 646493 131068 16%
c f 129.34 150 260 19 50 8671 7 235202 15337 3.6 196 54 5 10 15% 264765 646474 131069 16%
c i 129.36 150 260 19 50 8671 7 235202 15337 3.6 196 54 5 10 15% 264765 646474 131069 16%
c - 129.99 150 246 19 51 8675 7 240299 16601 3.6 189 52 5 10 15% 264683 646473 131069 16%
c - 130.78 150 230 19 52 8678 7 247440 18093 3.6 180 50 5 10 14% 264699 646473 131069 16%
c - 131.57 150 214 19 53 8682 7 254653 18750 3.5 170 48 5 9 14% 264704 646472 131069 16%
c - 132.38 150 200 19 54 8683 6 261933 19257 3.6 162 46 5 9 14% 264713 646470 131069 16%
c - 133.24 150 189 19 55 8686 6 269281 19952 3.5 155 45 5 9 14% 264719 646470 131069 16%
c B 133.39 150 187 19 55 8687 6 270785 21125 3.5 155 44 5 9 14% 264721 646470 131069 16%
c ] 133.65 150 184 20 55 8689 6 272635 22622 3.5 153 44 5 9 14% 264722 646470 131069 16%
c { 133.65 150 37 20 55 8689 7 272635 22622 3.0 19 6 4 7 8% 264722 646470 131069 16%
c i 134.37 189 36 20 55 8884 7 275616 24580 3.0 20 6 4 7 8% 264756 646470 131066 16%
c - 134.68 190 36 20 56 8961 7 276698 21596 3.0 20 7 4 7 8% 264763 646470 131066 16%
c i 134.86 190 36 20 56 8996 7 277492 22132 3.0 20 6 4 7 8% 264780 646470 131065 16%
c i 135.40 191 36 20 56 9149 7 280031 24006 3.0 20 7 4 7 8% 264806 646470 131063 16%
c i 135.57 192 36 20 56 9182 7 280379 24231 3.0 20 7 4 7 8% 264826 646470 131054 16%
c
c seconds     switched    rate          size/glue tier1    binary            remaining
c          MB   reductions  conflicts         size  tier2      irredundant
c           level    restarts      redundant    glue  trail            variables
c
c i 135.61 192 36 20 56 9213 7 280607 24362 3.0 20 7 4 7 8% 264833 646470 131052 16%
c i 135.63 192 36 20 56 9218 7 280650 24401 3.0 20 7 4 7 8% 264834 646470 131051 16%
c i 135.78 192 36 20 56 9234 7 280737 24464 3.0 20 7 4 7 8% 264842 646469 131044 16%
c d 135.91 192 36 20 56 9265 7 281425 23666 3.0 20 7 4 7 8% 264959 646013 131038 16%
c d 135.95 192 36 20 56 9265 7 281425 23657 3.0 20 7 4 7 8% 264966 645946 131034 16%
c b 136.00 192 36 20 56 9265 7 281425 23657 3.0 20 7 4 7 8% 264966 645946 131031 16%
c u 136.27 192 36 20 56 9265 7 281425 23224 3.0 20 7 4 7 8% 264966 645946 131029 16%
c v 136.50 193 36 20 56 9265 7 281425 22888 3.0 20 7 4 7 8% 264968 645946 131029 16%
c w 136.65 193 36 20 56 9265 7 281425 22849 3.0 20 7 4 7 8% 264968 645946 131029 16%
c d 137.43 196 36 20 56 9265 7 281425 22779 3.0 20 7 4 7 8% 264965 645878 131026 16%
c t 137.55 196 36 20 56 9265 7 281425 22779 3.0 20 7 4 7 8% 264849 645878 131026 16%
c f 137.63 159 36 20 56 9265 7 281425 22779 3.0 20 7 4 7 8% 264850 645858 131027 16%
c u 137.89 178 36 20 56 9265 7 281425 22663 3.0 20 7 4 7 8% 264851 645858 131027 16%
c v 138.10 179 36 20 56 9265 7 281425 22418 3.0 20 7 4 7 8% 264851 645858 131027 16%
c w 138.18 179 36 20 56 9265 7 281425 22413 3.0 20 7 4 7 8% 264851 645858 131027 16%
c x 138.37 182 36 20 56 9265 7 281425 22400 3.0 20 7 4 7 8% 264875 645164 131026 16%
c d 138.42 182 36 20 56 9265 7 281425 22349 3.0 20 7 4 7 8% 264868 644756 131009 16%
c d 138.46 182 36 20 56 9265 7 281425 22347 3.0 20 7 4 7 8% 264866 644755 131008 16%
c t 138.53 182 36 20 56 9265 7 281425 22347 3.0 20 7 4 7 8% 264555 644755 131008 16%
c b 138.56 182 36 20 56 9265 7 281425 22347 3.0 20 7 4 7 8% 264555 644755 131004 16%
c
c seconds     switched    rate          size/glue tier1    binary            remaining
c          MB   reductions  conflicts         size  tier2      irredundant
c           level    restarts      redundant    glue  trail            variables
c
c i 138.63 182 36 20 56 9265 7 281425 22347 3.0 20 7 4 7 8% 264552 644755 131004 16%
c s 138.78 184 36 20 56 9269 7 281801 22633 3.0 20 7 4 7 8% 264645 642721 131004 16%
c e 140.12 218 36 20 56 9269 7 281801 22633 3.0 20 7 4 7 8% 248087 834627 116230 14%
c 2 140.13 218 36 20 56 9269 7 281801 22633 3.0 20 7 4 7 8% 247840 834627 116230 14%
c s 140.60 218 36 20 56 9269 7 281801 22633 3.0 20 7 4 7 8% 251441 825381 116230 14%
c e 140.91 218 36 20 56 9269 7 281801 22633 3.0 20 7 4 7 8% 251251 828260 115961 14%
c ! 140.91 218 36 20 56 9269 7 281801 22633 3.0 20 7 4 7 8% 251251 828260 115961 14%
c i 140.97 219 36 20 56 9269 7 282154 16720 3.0 20 7 4 7 8% 251258 828260 115960 14%
c i 141.00 220 36 20 56 9281 7 282289 16834 3.0 20 7 4 7 8% 251262 828260 115959 14%
c i 141.00 220 36 20 56 9281 7 282296 16833 3.0 20 7 4 7 8% 251267 828260 115951 14%
c i 141.11 221 36 20 56 9301 7 282575 17000 3.0 20 7 4 7 8% 251286 828260 115950 14%
c i 141.13 221 36 20 56 9306 7 282715 17086 3.0 20 7 4 7 8% 251291 828260 115949 14%
c i 141.16 221 36 20 56 9318 7 282903 17215 3.0 20 7 4 7 8% 251297 828260 115948 14%
c i 141.17 221 36 20 56 9323 7 282928 17235 3.0 20 7 4 7 8% 251299 828260 115947 14%
c i 141.25 221 36 20 56 9369 7 283272 17429 3.0 20 7 4 7 8% 251304 828260 115942 14%
c - 141.41 220 35 20 57 9405 7 284182 15089 3.0 20 7 4 7 8% 251126 827816 115942 14%
c i 141.74 220 35 20 57 9482 7 285584 16037 3.0 20 7 4 7 8% 251145 827816 115941 14%
c i 141.96 194 35 20 57 9513 7 285827 16195 3.0 20 7 4 7 8% 251212 827816 115940 14%
c i 142.50 203 35 20 57 9685 7 288408 17849 2.9 19 7 4 7 8% 251286 827816 115939 14%
c i 142.55 203 35 20 57 9714 7 288591 17993 2.9 19 7 4 7 8% 251298 827816 115936 14%
c
c seconds     switched    rate          size/glue tier1    binary            remaining
c          MB   reductions  conflicts         size  tier2      irredundant
c           level    restarts      redundant    glue  trail            variables
c
c - 142.89 203 34 20 58 9890 7 291731 16687 2.9 19 7 4 7 8% 251248 827816 115936 14%
c i 143.32 204 33 20 58 10021 6 295969 19372 2.8 18 7 4 7 8% 251264 827816 115935 14%
c o 143.36 204 33 20 58 10021 6 295969 19372 2.8 18 7 4 7 8% 251264 827816 115935 14%
c i 144.08 206 33 20 58 10233 6 298624 21201 2.8 19 7 4 7 8% 251342 827816 115923 14%
c - 144.28 207 33 20 59 10290 6 299347 15155 2.8 19 7 4 7 8% 251275 827815 115923 14%
c } 144.28 207 33 21 59 10290 6 299374 15177 2.8 19 7 4 7 8% 251275 827815 115923 14%
c [ 144.28 207 184 21 59 10290 6 299374 15177 3.5 153 44 5 9 14% 251275 827815 115923 14%
c i 144.32 207 183 21 59 10290 6 299844 15474 3.5 153 44 5 9 14% 251279 827815 115922 14%
c - 145.08 208 174 21 60 10295 6 307028 16885 3.5 150 43 5 9 14% 251281 827815 115922 14%
c W 146.17 213 166 21 60 10299 6 314497 23014 3.5 147 42 5 9 14% 251221 827464 115922 14%
c - 146.23 213 165 21 61 10299 6 314773 17821 3.5 147 42 5 9 14% 251221 827464 115922 14%
c i 146.40 213 164 21 61 10299 6 316265 19000 3.5 146 42 5 9 14% 251222 827464 115921 14%
c - 147.14 214 167 21 62 10303 6 322585 18997 3.2 148 47 5 9 14% 251225 827463 115921 14%
c - 148.03 215 160 21 63 10304 6 330463 19402 3.2 143 45 4 9 14% 251235 827463 115921 14%
c d 148.29 215 158 21 63 10304 6 332268 20923 3.2 143 44 4 9 14% 251269 827407 115917 14%
c d 148.33 215 158 21 63 10304 6 332268 20914 3.2 143 44 4 9 14% 251263 827341 115914 14%
c b 148.38 215 158 21 63 10304 6 332268 20914 3.2 143 44 4 9 14% 251263 827341 115911 14%
c u 148.58 216 158 21 63 10304 6 332268 20703 3.2 143 44 4 9 14% 251262 827341 115911 14%
c v 148.87 216 158 21 63 10304 6 332268 20448 3.2 143 44 4 9 14% 251263 827341 115911 14%
c w 149.01 216 158 21 63 10304 6 332268 20400 3.2 143 44 4 9 14% 251263 827341 115911 14%
c
c seconds      switched     rate          size/glue   tier1     binary            remaining
c          MB    reductions   conflicts         size    tier2       irredundant
c            level    restarts       redundant      glue   trail            variables
c
c x 149.33 217 158 21 63 10304 6 332268 20400 3.2 143 44 4 9 14% 251290 826966 115911 14%
c d 149.40 217 158 21 63 10304 6 332268 20393 3.2 143 44 4 9 14% 251284 826884 115908 14%
c t 149.53 217 158 21 63 10304 6 332268 20393 3.2 143 44 4 9 14% 250492 826884 115908 14%
c b 149.56 217 158 21 63 10304 6 332268 20393 3.2 143 44 4 9 14% 250492 826884 115905 14%
c f 149.91 169 158 21 63 10304 6 332268 20393 3.2 143 44 4 9 14% 246086 823889 116241 14%
c u 150.24 195 158 21 63 10304 6 332268 20214 3.2 143 44 4 9 14% 246093 823886 116241 14%
c v 150.41 196 158 21 63 10304 6 332268 19970 3.2 143 44 4 9 14% 246093 823886 116241 14%
c w 150.50 196 158 21 63 10304 6 332268 19942 3.2 143 44 4 9 14% 246093 823886 116241 14%
c x 150.73 200 158 21 63 10304 6 332268 19942 3.2 143 44 4 9 14% 246102 823788 116241 14%
c d 150.79 200 158 21 63 10304 6 332268 19933 3.2 143 44 4 9 14% 246098 823735 116239 14%
c t 150.92 200 158 21 63 10304 6 332268 19933 3.2 143 44 4 9 14% 246067 823735 116239 14%
c b 150.94 200 158 21 63 10304 6 332268 19933 3.2 143 44 4 9 14% 246067 823735 116237 14%
c f 151.19 169 158 21 63 10304 6 332268 19933 3.2 143 44 4 9 14% 248789 815895 116518 14%
c - 151.89 195 150 21 64 10308 6 338400 18498 3.2 139 43 4 9 14% 248685 815895 116518 14%
c - 152.83 196 142 21 65 10312 6 346400 19043 3.2 136 42 4 9 14% 248694 815894 116518 14%
c ] 153.51 197 136 22 65 10317 6 352448 23658 3.3 133 41 4 9 14% 248703 815894 116518 14%
c { 153.51 197 33 22 65 10317 6 352448 23658 2.8 19 7 4 7 8% 248703 815894 116518 14%
c i 153.71 200 33 22 65 10341 6 353406 24317 2.8 19 7 4 7 8% 248728 815894 116517 14%
c i 153.71 200 33 22 65 10341 6 353407 24317 2.8 19 7 4 7 8% 248728 815894 116514 14%
c i 153.71 200 33 22 65 10344 6 353426 24320 2.8 19 7 4 7 8% 248732 815894 116513 14%
c
c seconds     switched     rate          size/glue tier1    binary            remaining
c          MB   reductions   conflicts         size  tier2      irredundant
c           level    restarts       redundant    glue  trail            variables
c
c i 153.87 202 33 22 65 10357 6 354372 24933 2.8 19 7 4 7 8% 248759 815894 116512 14%
c - 153.91 202 33 22 66 10366 6 354463 19294 2.8 19 7 4 7 8% 248702 815894 116512 14%
c i 153.94 202 33 22 66 10366 6 354811 19509 2.8 19 7 4 7 8% 248711 815894 116500 14%
c i 154.02 204 33 22 66 10372 6 354911 19591 2.8 19 7 4 7 8% 248727 815894 116499 14%
c i 154.03 204 33 22 66 10377 6 354931 19600 2.8 19 7 4 7 8% 248731 815894 116496 14%
c i 154.05 204 33 22 66 10379 6 355031 19682 2.8 19 7 4 7 8% 248738 815894 116495 14%
c i 154.07 204 33 22 66 10384 6 355072 19719 2.8 19 7 4 7 8% 248741 815894 116494 14%
c i 154.60 206 32 22 66 10444 6 357922 21630 2.9 19 7 4 7 8% 248821 815894 116483 14%
c i 154.65 206 32 22 66 10449 6 358246 21864 2.9 19 7 4 7 8% 248835 815894 116479 14%
c i 154.71 207 32 22 66 10450 6 358359 21943 2.9 19 7 4 7 8% 248858 815894 116478 14%
c i 154.82 207 31 22 66 10456 6 359377 22607 2.9 19 7 4 7 8% 248878 815893 116476 14%
c - 155.21 207 30 22 67 10500 6 362588 20299 2.8 18 7 4 7 8% 248587 815893 116476 14%
c - 156.07 207 28 22 68 10603 5 370774 22394 2.7 17 7 4 7 8% 248591 815893 116476 14%
c i 156.71 208 26 22 68 10721 5 377286 26468 2.6 17 6 4 7 8% 248607 815893 116466 14%
c o 156.74 208 26 22 68 10721 5 377286 26468 2.6 17 6 4 7 8% 248607 815893 116466 14%
c i 156.87 208 26 22 68 10736 5 377775 26769 2.6 17 6 4 7 8% 248638 815893 116465 14%
c i 156.89 208 26 22 68 10745 5 377833 26804 2.6 17 6 4 7 8% 248643 815893 116464 14%
c i 156.89 208 26 22 68 10745 5 377855 26809 2.6 17 6 4 7 8% 248647 815893 116458 14%
c - 157.04 208 26 22 69 10757 5 379022 15106 2.6 17 6 4 7 8% 248536 815893 116458 14%
c } 157.68 209 25 23 69 10847 5 383964 18799 2.6 16 6 4 7 8% 248578 815893 116458 14%
c
c seconds      switched     rate          size/glue   tier1     binary            remaining
c          MB    reductions   conflicts         size    tier2       irredundant
c            level    restarts       redundant      glue   trail            variables
c
c [ 157.68 209 136 23 69 10847 6 383964 18799 3.3 133 41 4 9 14% 248578 815893 116458 14%
c O 157.68 209 136 23 69 10847 6 383964 18799 3.3 133 41 4 9 14% 248578 815893 116458 14%
c - 158.03 209 133 23 70 10849 6 387328 19261 3.2 131 40 4 9 14% 248580 815893 116458 14%
c d 158.25 209 132 23 70 10850 6 388969 20430 3.2 130 40 4 9 14% 248774 814249 116450 14%
c d 158.29 209 132 23 70 10850 6 388969 20429 3.2 130 40 4 9 14% 248772 814234 116449 14%
c b 158.34 209 132 23 70 10850 6 388969 20429 3.2 130 40 4 9 14% 248772 814234 116448 14%
c u 158.54 209 132 23 70 10850 6 388969 20237 3.2 130 40 4 9 14% 248764 814234 116448 14%
c v 158.73 209 132 23 70 10850 6 388969 19990 3.2 130 40 4 9 14% 248764 814234 116448 14%
c w 158.83 209 132 23 70 10850 6 388969 19958 3.2 130 40 4 9 14% 248764 814234 116448 14%
c x 159.08 210 132 23 70 10850 6 388969 19958 3.2 130 40 4 9 14% 248777 814186 116448 14%
c d 159.14 210 132 23 70 10850 6 388969 19958 3.2 130 40 4 9 14% 248775 814184 116447 14%
c t 159.27 210 132 23 70 10850 6 388969 19958 3.2 130 40 4 9 14% 248511 814184 116446 14%
c f 159.59 169 132 23 70 10850 6 388969 19958 3.2 130 40 4 9 14% 251246 806477 116723 14%
c c 159.83 161 132 23 70 10850 6 388969 19677 3.2 130 40 4 9 14% 254186 806417 116713 14%
c d 159.88 161 132 23 70 10850 6 388969 19677 3.2 130 40 4 9 14% 254175 806408 116713 14%
c u 160.24 196 132 23 70 10850 6 388969 19355 3.2 130 40 4 9 14% 254147 806408 116710 14%
c v 160.52 197 132 23 70 10850 6 388969 19113 3.2 130 40 4 9 14% 254147 806408 116710 14%
c w 160.67 197 132 23 70 10850 6 388969 19028 3.2 130 40 4 9 14% 254147 806408 116710 14%
c t 160.84 197 132 23 70 10850 6 388969 19012 3.2 130 40 4 9 14% 254049 806399 116710 14%
c f 160.97 169 132 23 70 10850 6 388969 19012 3.2 130 40 4 9 14% 254098 804339 116800 14%
c
c seconds      switched     rate          size/glue   tier1     binary            remaining
c          MB    reductions   conflicts         size    tier2       irredundant
c            level    restarts       redundant      glue   trail            variables
c
c i 161.00 189 132 23 70 10850 6 388969 19012 3.2 130 40 4 9 14% 254098 804339 116800 14%
c - 161.67 193 128 23 71 10853 6 395694 20360 3.2 129 40 4 9 14% 254047 804339 116800 14%
c - 162.61 194 120 23 72 10859 5 404122 20589 3.3 123 38 4 9 14% 254049 804339 116800 14%
c s 162.94 194 119 23 72 10860 5 405459 21562 3.3 122 38 4 9 14% 254111 801026 116800 14%
c e 163.33 213 119 23 72 10860 5 405459 21562 3.3 122 38 4 9 14% 253575 808625 116115 14%
c 2 163.34 213 119 23 72 10860 5 405459 21562 3.3 122 38 4 9 14% 253500 808625 116115 14%
c s 163.47 213 119 23 72 10860 5 405459 21562 3.3 122 38 4 9 14% 254445 805316 116115 14%
c e 163.70 213 119 23 72 10860 5 405459 21562 3.3 122 38 4 9 14% 254283 807518 115919 14%
c i 164.33 214 117 23 72 10861 5 411434 25625 3.2 123 38 4 9 13% 254285 807518 115918 14%
c - 164.48 214 116 23 73 10861 5 412608 20418 3.2 122 38 4 9 13% 254265 807506 115918 14%
c - 165.33 215 111 23 74 10864 5 421152 21337 3.2 121 37 4 9 13% 254272 807506 115918 14%
c - 166.21 215 106 23 75 10868 5 429759 21720 3.3 119 36 4 9 13% 254275 807506 115918 14%
c B 166.90 215 102 23 75 10873 5 436752 27496 3.3 119 36 4 9 13% 254277 807506 115918 14%
c ] 166.95 215 103 24 75 10873 5 437313 28009 3.3 119 36 4 9 13% 254278 807506 115918 14%
c { 166.95 215 25 24 75 10873 5 437313 28009 2.6 16 6 4 7 8% 254278 807506 115918 14%
c i 167.02 216 25 24 75 10882 5 437478 28124 2.6 16 6 4 7 8% 254291 807506 115915 14%
c - 167.15 216 25 24 76 10917 5 438420 22885 2.5 16 6 4 7 8% 254264 807506 115915 14%
c i 167.32 217 25 24 76 10943 5 439292 23420 2.5 16 6 4 7 8% 254307 807506 115908 14%
c i 167.47 218 25 24 76 10991 5 439711 23696 2.5 16 6 4 7 8% 254334 807506 115901 14%
c i 167.83 219 25 24 76 11121 5 441977 25178 2.5 16 6 4 7 8% 254349 807506 115900 14%
c
c seconds     switched     rate          size/glue tier1    binary            remaining
c          MB   reductions   conflicts         size  tier2      irredundant
c           level    restarts       redundant    glue  trail            variables
c
c i 168.19 219 25 24 76 11195 5 443897 26434 2.5 16 6 4 7 8% 254380 807506 115899 14%
c i 168.37 219 25 24 76 11250 5 444487 26895 2.5 16 6 4 7 8% 254418 807506 115898 14%
c i 168.37 219 25 24 76 11250 5 444492 26895 2.5 16 6 4 7 8% 254419 807506 115897 14%
c i 168.59 220 26 24 76 11327 5 445571 27660 2.6 17 6 4 7 8% 254448 807505 115896 14%
c i 168.59 220 26 24 76 11327 5 445573 27661 2.6 17 6 4 7 8% 254448 807505 115895 14%
c i 168.59 220 26 24 76 11327 5 445594 27662 2.6 17 6 4 7 8% 254455 807505 115889 14%
c i 168.61 220 26 24 76 11335 5 445639 27699 2.6 17 6 4 7 8% 254458 807505 115888 14%
c - 168.88 220 26 24 77 11444 5 447137 23599 2.5 17 6 4 7 8% 254224 807505 115888 14%
c i 168.96 182 26 24 77 11461 5 447543 23870 2.5 17 6 4 7 8% 254228 807505 115886 14%
c i 169.05 191 26 24 77 11496 5 447862 24097 2.5 17 6 4 7 8% 254247 807505 115885 14%
c i 169.05 191 26 24 77 11497 5 447905 24120 2.5 17 6 4 7 8% 254253 807505 115884 14%
c i 169.10 192 26 24 77 11505 5 448165 24301 2.5 17 7 4 7 8% 254255 807505 115882 14%
c i 169.11 192 26 24 77 11517 5 448239 24334 2.5 17 6 4 7 8% 254260 807505 115881 14%
c d 169.46 196 26 24 77 11614 5 450500 25409 2.5 16 6 4 7 8% 254493 806502 115872 14%
c b 169.56 196 26 24 77 11614 5 450500 25409 2.5 16 6 4 7 8% 254493 806502 115864 14%
c u 169.76 197 26 24 77 11614 5 450500 24854 2.5 16 6 4 7 8% 254426 806502 115864 14%
c v 169.96 198 26 24 77 11614 5 450500 24126 2.5 16 6 4 7 8% 254426 806502 115864 14%
c w 170.05 198 26 24 77 11614 5 450500 24049 2.5 16 6 4 7 8% 254426 806502 115864 14%
c x 170.32 201 26 24 77 11614 5 450500 24049 2.5 16 6 4 7 8% 254455 806321 115864 14%
c = 171.30 213 26 24 77 11614 5 450500 24049 2.5 16 6 4 7 8% 254456 806321 115862 14%
c
c seconds     switched     rate          size/glue tier1    binary            remaining
c          MB   reductions   conflicts         size  tier2      irredundant
c           level    restarts       redundant    glue  trail            variables
c
c d 171.36 213 26 24 77 11614 5 450500 24045 2.5 16 6 4 7 8% 254446 806294 115860 14%
c t 171.49 213 26 24 77 11614 5 450500 24045 2.5 16 6 4 7 8% 253175 806294 115860 14%
c b 171.52 213 26 24 77 11614 5 450500 24045 2.5 16 6 4 7 8% 253175 806294 115859 14%
c f 171.73 169 26 24 77 11614 5 450500 24045 2.5 16 6 4 7 8% 253114 805905 115883 14%
c u 172.07 195 26 24 77 11614 5 450500 23641 2.5 16 6 4 7 8% 253118 805905 115883 14%
c v 172.27 197 26 24 77 11614 5 450500 23322 2.5 16 6 4 7 8% 253118 805905 115883 14%
c w 172.36 197 26 24 77 11614 5 450500 23304 2.5 16 6 4 7 8% 253118 805905 115883 14%
c x 172.60 200 26 24 77 11614 5 450500 23304 2.5 16 6 4 7 8% 253152 805695 115883 14%
c d 172.66 200 26 24 77 11614 5 450500 23304 2.5 16 6 4 7 8% 253150 805695 115882 14%
c t 172.79 200 26 24 77 11614 5 450500 23304 2.5 16 6 4 7 8% 253117 805695 115882 14%
c i 172.96 200 25 24 77 11619 5 451366 23897 2.5 16 6 4 7 8% 253124 805695 115875 14%
c i 173.20 202 25 24 77 11693 5 452869 24958 2.5 16 6 4 7 8% 253152 805695 115874 14%
c i 173.38 204 26 24 77 11737 5 453528 25421 2.5 16 6 4 7 8% 253205 805695 115868 14%
c - 173.77 206 25 24 78 11827 5 455911 21462 2.5 16 6 4 7 8% 252963 805693 115868 14%
c i 173.99 206 25 24 78 11866 5 458103 22792 2.5 16 6 4 7 8% 252978 805693 115867 14%
c i 174.20 207 25 24 78 11932 5 459331 23538 2.5 16 6 4 7 8% 253010 805693 115866 14%
c i 174.36 208 25 24 78 11964 5 459683 23807 2.5 16 6 4 7 8% 253053 805691 115865 14%
c i 174.61 208 25 24 78 12023 5 461850 25317 2.5 16 6 4 7 8% 253072 805691 115854 14%
c - 175.22 209 25 24 79 12250 5 464742 19852 2.5 16 7 4 7 8% 252991 805691 115854 14%
c i 175.44 209 26 24 79 12364 5 465937 20630 2.5 16 7 4 7 8% 253012 805691 115853 14%
c
c seconds     switched     rate          size/glue tier1    binary            remaining
c          MB   reductions   conflicts         size  tier2      irredundant
c           level    restarts       redundant    glue  trail            variables
c
c i 175.66 210 26 24 79 12436 5 467257 21491 2.5 16 7 4 7 8% 253030 805691 115852 14%
c o 175.72 210 26 24 79 12441 5 467289 21522 2.5 16 7 4 7 8% 253031 805691 115852 14%
c i 175.96 210 26 24 79 12498 5 468385 22221 2.5 16 7 4 7 8% 253050 805691 115851 14%
c i 175.99 210 26 24 79 12502 5 468530 22332 2.5 16 7 4 7 8% 253055 805691 115850 14%
c i 176.07 210 26 24 79 12552 5 468982 22621 2.5 16 7 4 7 8% 253064 805691 115849 14%
c i 176.15 210 26 24 79 12571 5 469126 22744 2.5 16 7 4 7 8% 253069 805691 115848 14%
c i 176.15 210 26 24 79 12573 5 469135 22745 2.5 16 7 4 7 8% 253071 805690 115847 14%
c i 176.16 210 26 24 79 12573 5 469160 22765 2.5 16 7 4 7 8% 253071 805690 115844 14%
c - 176.76 210 25 24 80 12749 5 473630 22433 2.4 16 7 4 7 8% 252916 805690 115844 14%
c } 176.79 210 25 25 80 12760 5 473991 22644 2.4 16 7 4 7 8% 252916 805690 115844 14%
c [ 176.79 210 103 25 80 12760 5 473991 22644 3.3 119 36 4 9 13% 252916 805690 115844 14%
c i 177.58 211 97 25 80 12765 5 480994 27535 3.3 112 34 4 9 13% 252923 805690 115836 14%
c i 177.74 211 97 25 80 12765 5 482199 28643 3.3 112 34 4 9 13% 252923 805690 115834 14%
c - 177.80 211 96 25 81 12766 5 482574 19146 3.3 112 34 4 9 13% 252852 805690 115834 14%
c i 178.22 211 97 25 81 12767 5 487095 22794 3.2 111 35 4 9 13% 252864 805690 115832 14%
c i 178.34 211 96 25 81 12768 5 488240 23665 3.2 111 34 4 9 13% 252865 805690 115831 14%
c i 178.38 211 96 25 81 12768 5 488655 24042 3.2 111 35 4 9 13% 252867 805690 115830 14%
c - 178.69 211 96 25 82 12770 5 491574 20840 3.2 112 35 4 9 13% 252836 805690 115830 14%
c W 179.25 213 94 25 82 12772 5 494337 23201 3.2 112 35 4 9 13% 252839 805003 115830 14%
c i 179.90 214 94 25 82 12774 5 499929 28076 3.2 113 35 4 9 13% 252842 805003 115829 14%
c
c seconds     switched     rate          size/glue   tier1     binary            remaining
c          MB   reductions   conflicts         size    tier2       irredundant
c           level    restarts       redundant      glue   trail            variables
c
c - 180.00 215 94 25 83 12774 5 500630 22613 3.2 113 35 4 9 13% 252836 805003 115829 14%
c - 180.98 215 89 25 84 12776 5 509741 23142 3.3 111 34 4 9 12% 252848 805003 115829 14%
c d 181.76 216 86 25 84 12781 5 516970 28623 3.3 109 33 4 9 12% 253015 804718 115818 14%
c d 181.81 216 86 25 84 12781 5 516970 28623 3.3 109 33 4 9 12% 253009 804713 115815 14%
c b 181.87 216 86 25 84 12781 5 516970 28623 3.3 109 33 4 9 12% 253009 804713 115809 14%
c u 182.12 216 86 25 84 12781 5 516970 27845 3.3 109 33 4 9 12% 252994 804713 115809 14%
c v 182.37 216 86 25 84 12781 5 516970 27435 3.3 109 33 4 9 12% 252995 804713 115808 14%
c w 182.50 217 86 25 84 12781 5 516970 27110 3.3 109 33 4 9 12% 252995 804713 115808 14%
c x 182.81 218 86 25 84 12781 5 516970 27109 3.3 109 33 4 9 12% 252995 804115 115808 14%
c t 182.99 218 86 25 84 12781 5 516970 26911 3.3 109 33 4 9 12% 252132 804115 115808 14%
c f 183.08 169 86 25 84 12781 5 516970 26911 3.3 109 33 4 9 12% 252135 804077 115810 14%
c u 183.46 196 86 25 84 12781 5 516970 26122 3.3 109 33 4 9 12% 252163 804077 115809 14%
c v 183.70 197 86 25 84 12781 5 516970 25787 3.3 109 33 4 9 12% 252164 804077 115809 14%
c w 183.82 198 86 25 84 12781 5 516970 25586 3.3 109 33 4 9 12% 252164 804077 115809 14%
c x 184.14 201 86 25 84 12781 5 516970 25586 3.3 109 33 4 9 12% 252165 803752 115809 14%
c d 184.20 201 86 25 84 12781 5 516970 25566 3.3 109 33 4 9 12% 252157 803686 115804 14%
c t 184.35 201 86 25 84 12781 5 516970 25566 3.3 109 33 4 9 12% 252102 803686 115804 14%
c b 184.38 201 86 25 84 12781 5 516970 25566 3.3 109 33 4 9 12% 252102 803686 115799 14%
c i 184.44 201 86 25 84 12781 5 516970 25566 3.3 109 33 4 9 12% 252102 803686 115799 14%
c - 184.70 202 85 25 85 12781 5 518907 21600 3.3 109 33 4 9 12% 251947 803686 115799 14%
c
c seconds     switched     rate          size/glue   tier1     binary            remaining
c          MB   reductions   conflicts         size    tier2       irredundant
c           level    restarts       redundant      glue   trail            variables
c
c - 185.78 202 83 25 86 12787 5 528129 23087 3.3 109 33 4 9 12% 251950 803686 115799 14%
c ] 186.49 203 80 26 86 12789 5 534337 28159 3.3 107 32 4 9 12% 251952 803686 115799 14%
c { 186.49 203 25 26 86 12789 5 534337 28159 2.4 16 7 4 7 8% 251952 803686 115799 14%
c - 187.02 206 25 26 87 12909 5 537403 24115 2.4 16 7 4 7 8% 252018 803686 115799 14%
c i 187.47 206 24 26 87 13000 5 541539 26683 2.3 15 7 4 7 8% 252032 803686 115796 14%
c - 188.31 208 24 26 88 13153 4 546731 22564 2.3 15 7 4 7 8% 252059 803686 115796 14%
c i 188.73 208 23 26 88 13257 4 551016 25249 2.3 15 7 4 7 8% 252077 803686 115795 14%
c i 188.94 209 23 26 88 13305 4 552150 26044 2.3 15 7 4 7 8% 252103 803686 115794 14%
c i 189.09 209 23 26 88 13324 4 553124 26676 2.3 15 6 4 7 8% 252130 803686 115793 14%
c i 189.23 210 23 26 88 13353 4 553591 27020 2.3 15 7 4 7 8% 252155 803686 115792 14%
c i 189.25 210 23 26 88 13368 4 553663 27072 2.3 15 7 4 7 8% 252158 803686 115791 14%
c i 189.25 210 23 26 88 13372 4 553681 27074 2.3 15 7 4 7 8% 252164 803686 115789 14%
c i 189.25 210 23 26 88 13373 4 553683 27074 2.3 15 7 4 7 8% 252164 803686 115788 14%
c i 189.26 210 23 26 88 13373 4 553710 27086 2.3 15 7 4 7 8% 252170 803686 115786 14%
c i 189.26 210 23 26 88 13373 4 553711 27086 2.3 15 7 4 7 8% 252170 803686 115785 14%
c i 189.26 210 23 26 88 13373 4 553712 27086 2.3 15 7 4 7 8% 252170 803686 115784 14%
c - 189.60 211 23 26 89 13479 4 556112 20487 2.3 15 7 4 7 8% 252049 803685 115784 14%
c 2 189.72 211 23 26 89 13495 4 556347 20647 2.3 15 7 4 7 8% 252064 803685 115783 14%
c s 189.81 211 23 26 89 13495 4 556347 20647 2.3 15 7 4 7 8% 253942 799177 115783 14%
c e 190.18 221 23 26 89 13495 4 556347 20647 2.3 15 7 4 7 8% 254082 804817 115236 14%
c
c seconds     switched     rate          size/glue tier1    binary            remaining
c          MB   reductions   conflicts         size  tier2      irredundant
c           level    restarts       redundant    glue  trail            variables
c
c 2 190.19 221 23 26 89 13495 4 556347 20647 2.3 15 7 4 7 8% 253977 804817 115236 14%
c s 190.30 221 23 26 89 13495 4 556347 20647 2.3 15 7 4 7 8% 256255 799848 115236 14%
c e 190.51 221 23 26 89 13495 4 556347 20647 2.3 15 7 4 7 8% 256175 801300 115099 14%
c i 191.08 186 22 26 89 13635 4 561956 21552 2.2 14 6 4 7 8% 256193 801300 115098 14%
c i 191.29 194 22 26 89 13692 4 563465 22568 2.2 14 6 4 7 8% 256217 801300 115097 14%
c i 191.51 199 23 26 89 13753 4 564086 23017 2.2 14 6 4 7 8% 256249 801300 115096 14%
c i 191.78 202 23 26 89 13855 4 565405 23831 2.2 14 6 4 7 8% 256270 801300 115092 14%
c - 191.83 202 23 26 90 13881 4 565545 17393 2.2 14 7 4 7 8% 256192 801273 115092 14%
c o 192.21 202 23 26 90 14108 4 568467 19197 2.2 14 7 4 7 8% 256202 801273 115092 14%
c i 192.40 203 23 26 90 14172 4 569171 19669 2.2 14 7 4 7 8% 256218 801273 115091 14%
c - 193.41 206 23 26 91 14514 4 575031 22010 2.2 14 7 4 7 8% 256272 801273 115091 14%
c } 193.58 206 23 27 91 14537 4 576555 22966 2.2 14 7 4 7 8% 256274 801273 115091 14%
c [ 193.58 206 80 27 91 14537 5 576555 22966 3.3 107 32 4 9 12% 256274 801273 115091 14%
c I 193.58 206 80 27 91 14537 5 576555 22966 3.3 107 32 4 9 12% 256274 801273 115091 14%
c i 193.67 206 80 27 91 14537 5 577269 23563 3.3 107 32 4 9 12% 256278 801273 115090 14%
c i 194.44 206 79 27 91 14542 5 583566 28194 3.3 104 32 4 9 12% 256285 801273 115089 14%
c - 194.58 206 78 27 92 14542 5 584571 25492 3.3 104 32 4 9 12% 256262 801273 115089 14%
c i 194.98 207 77 27 92 14543 5 587898 28082 3.3 103 31 4 9 12% 256273 801273 115088 14%
c d 195.11 207 77 27 92 14543 5 588434 28466 3.3 103 31 4 9 12% 256396 801027 115085 14%
c d 195.16 207 77 27 92 14543 5 588434 28466 3.3 103 31 4 9 12% 256390 801027 115082 14%
c
c seconds     switched     rate          size/glue   tier1     binary            remaining
c          MB   reductions   conflicts         size    tier2       irredundant
c           level    restarts       redundant      glue   trail            variables
c
c b 195.23 207 77 27 92 14543 5 588434 28466 3.3 103 31 4 9 12% 256390 801027 115076 14%
c u 195.61 207 77 27 92 14543 5 588434 27093 3.3 103 31 4 9 12% 256361 801027 115075 14%
c v 195.92 207 77 27 92 14543 5 588434 26385 3.3 103 31 4 9 12% 256360 801027 115075 14%
c w 196.07 207 77 27 92 14543 5 588434 26106 3.3 103 31 4 9 12% 256360 801027 115075 14%
c x 196.47 208 77 27 92 14543 5 588434 26106 3.3 103 31 4 9 12% 256462 800734 115066 14%
c d 196.54 208 77 27 92 14543 5 588434 26041 3.3 103 31 4 9 12% 256482 800623 115060 14%
c d 196.59 208 77 27 92 14543 5 588434 26040 3.3 103 31 4 9 12% 256480 800592 115059 14%
c t 196.74 208 77 27 92 14543 5 588434 26040 3.3 103 31 4 9 12% 255755 800592 115055 14%
c f 197.04 170 77 27 92 14543 5 588434 26040 3.3 103 31 4 9 12% 255170 799392 115149 14%
c u 197.62 198 77 27 92 14543 5 588434 24952 3.3 103 31 4 9 12% 255255 799381 115142 14%
c v 197.94 198 77 27 92 14543 5 588434 24602 3.3 103 31 4 9 12% 255255 799381 115139 14%
c w 198.08 199 77 27 92 14543 5 588434 24504 3.3 103 31 4 9 12% 255255 799381 115139 14%
c x 198.48 201 77 27 92 14543 5 588434 24504 3.3 103 31 4 9 12% 255284 799229 115139 14%
c d 198.56 201 77 27 92 14543 5 588434 24265 3.3 103 31 4 9 12% 255267 798984 115126 14%
c d 198.61 201 77 27 92 14543 5 588434 24265 3.3 103 31 4 9 12% 255265 798971 115125 14%
c t 198.76 201 77 27 92 14543 5 588434 24265 3.3 103 31 4 9 12% 255229 798971 115119 14%
c i 198.89 201 77 27 92 14543 5 588434 24265 3.3 103 31 4 9 12% 255225 798971 115119 14%
c - 199.67 202 75 27 93 14547 5 594163 22407 3.3 101 31 4 9 12% 254835 798970 115119 14%
c - 201.02 203 71 27 94 14551 5 603806 23715 3.3 98 29 4 9 12% 254841 798970 115119 14%
c - 202.37 203 67 27 95 14554 5 613502 24343 3.3 94 28 4 9 12% 254847 798970 115119 14%
c
c seconds     switched     rate          size/glue  tier1     binary            remaining
c          MB   reductions   conflicts         size   tier2       irredundant
c           level    restarts       redundant     glue   trail            variables
c
c - 203.79 204 65 27 96 14558 4 623249 24706 3.4 92 27 4 9 12% 254848 798970 115119 14%
c - 205.19 204 62 27 97 14565 4 633049 24883 3.3 89 27 4 9 12% 254850 798970 115119 14%
c ] 205.31 204 62 28 97 14565 4 633865 25587 3.3 89 27 4 9 12% 254851 798970 115119 14%
c { 205.31 204 23 28 97 14565 4 633865 25587 2.2 14 7 4 7 8% 254851 798970 115119 14%
c i 206.15 205 22 28 97 14773 4 640849 29906 2.1 14 7 4 7 8% 254880 798970 115117 14%
c - 206.78 207 22 28 98 14981 4 642898 22728 2.1 14 7 4 7 8% 254891 798968 115117 14%
c i 207.00 208 22 28 98 15047 4 643518 23136 2.2 14 7 4 7 8% 254921 798968 115116 14%
c i 207.87 210 22 28 98 15242 4 647549 25731 2.1 14 7 4 7 8% 254988 798968 115114 14%
c i 207.99 210 22 28 98 15272 4 648112 26113 2.1 14 7 4 7 8% 254999 798966 115103 14%
c i 208.07 210 22 28 98 15281 4 648211 26186 2.1 14 7 4 7 8% 255011 798966 115102 14%
c i 208.13 211 23 28 98 15296 4 648383 26327 2.2 14 7 4 7 8% 255015 798966 115101 14%
c i 208.54 211 22 28 98 15376 4 651239 28093 2.1 14 7 4 7 8% 255032 798966 115100 14%
c - 208.78 211 22 28 99 15443 4 652797 23345 2.1 14 7 4 7 8% 254918 798966 115100 14%
c i 208.99 211 22 28 99 15461 4 654608 24373 2.1 14 7 4 7 8% 254932 798966 115098 14%
c i 209.15 211 22 28 99 15481 4 654915 24599 2.1 14 7 4 7 8% 254972 798966 115093 14%
c i 209.69 211 22 28 99 15600 4 659414 27486 2.1 14 7 4 7 8% 254988 798966 115092 14%
c i 209.87 212 22 28 99 15636 4 659791 27715 2.1 14 7 4 7 8% 255016 798966 115091 14%
c i 210.07 212 22 28 99 15665 4 660897 28470 2.1 14 7 4 7 8% 255030 798966 115090 14%
c i 210.07 212 22 28 99 15665 4 660938 28489 2.1 14 7 4 7 8% 255034 798966 115086 14%
c i 210.38 212 22 28 99 15755 4 662264 29344 2.1 14 7 4 7 8% 255061 798966 115084 14%
c
c seconds     switched      rate          size/glue tier1    binary            remaining
c          MB   reductions    conflicts         size  tier2      irredundant
c           level     restarts       redundant    glue  trail            variables
c
c - 210.46 212 22 28 100 15772 4 662746 22376 2.1 14 7 4 7 8% 254864 798966 115084 14%
c d 210.94 213 22 28 100 15897 4 664965 23790 2.1 14 7 4 7 8% 254970 798296 115077 14%
c b 211.06 213 22 28 100 15897 4 664965 23790 2.1 14 7 4 7 8% 254970 798296 115072 14%
c u 211.52 213 22 28 100 15897 4 664965 22861 2.1 14 7 4 7 8% 254986 798296 115070 14%
c v 211.95 213 22 28 100 15897 4 664965 20630 2.1 14 7 4 7 8% 254985 798296 115070 14%
c w 212.15 213 22 28 100 15897 4 664965 20248 2.1 14 7 4 7 8% 254985 798296 115070 14%
c t 212.36 213 22 28 100 15897 4 664965 20201 2.1 14 7 4 7 8% 253440 798251 115070 14%
c f 212.46 170 22 28 100 15897 4 664965 20201 2.1 14 7 4 7 8% 253442 798182 115073 14%
c c 212.70 162 22 28 100 15897 4 664965 20157 2.1 14 7 4 7 8% 254649 798146 115071 14%
c d 212.76 162 22 28 100 15897 4 664965 20157 2.1 14 7 4 7 8% 254645 798146 115071 14%
c u 213.22 195 22 28 100 15897 4 664965 19841 2.1 14 7 4 7 8% 254642 798146 115069 14%
c v 213.54 196 22 28 100 15897 4 664965 19024 2.1 14 7 4 7 8% 254643 798146 115069 14%
c w 213.68 196 22 28 100 15897 4 664965 18762 2.1 14 7 4 7 8% 254643 798146 115069 14%
c x 214.07 201 22 28 100 15897 4 664965 18762 2.1 14 7 4 7 8% 254643 796918 115069 14%
c = 215.14 215 22 28 100 15897 4 664965 18762 2.1 14 7 4 7 8% 254651 796876 115065 14%
c d 215.21 215 22 28 100 15897 4 664965 18713 2.1 14 7 4 7 8% 254641 796876 115065 14%
c t 215.39 215 22 28 100 15897 4 664965 18713 2.1 14 7 4 7 8% 254266 796876 115065 14%
c f 215.50 170 22 28 100 15897 4 664965 18713 2.1 14 7 4 7 8% 254266 795879 115113 14%
c i 215.54 190 22 28 100 15897 4 664965 18713 2.1 14 7 4 7 8% 254266 795879 115113 14%
c i 215.59 193 22 28 100 15909 4 665112 18801 2.1 14 7 4 7 8% 254271 795877 115111 14%
c
c seconds     switched      rate          size/glue tier1    binary            remaining
c          MB   reductions    conflicts         size  tier2      irredundant
c           level     restarts       redundant    glue  trail            variables
c
c i 215.85 200 23 28 100 15981 4 666336 19597 2.1 14 7 4 7 8% 254331 795877 115110 14%
c i 216.05 201 22 28 100 16026 4 667441 20319 2.1 14 7 4 7 8% 254341 795877 115106 14%
c i 216.05 201 22 28 100 16026 4 667442 20319 2.1 14 7 4 7 8% 254341 795877 115103 14%
c - 216.63 202 22 28 101 16204 4 672746 22197 2.1 14 7 4 7 8% 254229 795877 115103 14%
c i 216.71 202 22 28 101 16222 4 673520 22656 2.1 13 7 4 7 8% 254233 795877 115101 14%
c i 217.21 205 22 28 101 16405 4 675800 24304 2.1 14 7 4 7 8% 254275 795877 115100 14%
c i 217.21 205 22 28 101 16405 4 675801 24304 2.1 14 7 4 7 8% 254275 795877 115099 14%
c i 217.50 206 22 28 101 16470 4 677185 25162 2.1 14 7 4 7 8% 254291 795877 115091 14%
c o 218.08 206 22 28 101 16584 4 681530 27996 2.1 13 7 4 7 8% 254300 795877 115091 14%
c i 218.21 207 22 28 101 16614 4 681817 28199 2.1 13 7 4 7 8% 254312 795877 115090 14%
c } 218.27 207 22 29 101 16641 4 682004 28351 2.1 14 7 4 7 8% 254314 795876 115090 14%
c [ 218.27 207 62 29 101 16641 4 682004 28351 3.3 89 27 4 9 12% 254314 795876 115090 14%
c B 218.27 207 62 29 101 16641 4 682004 28351 3.3 89 27 4 9 12% 254314 795876 115090 14%
c - 218.40 207 62 29 102 16641 4 682796 23634 3.3 89 27 4 9 12% 254211 795876 115090 14%
c - 219.76 208 59 29 103 16647 4 692895 26753 3.3 85 26 4 9 12% 254216 795875 115090 14%
c - 221.17 208 56 29 104 16654 4 703044 26487 3.3 82 25 4 9 12% 254219 795875 115090 14%
c - 222.52 209 53 29 105 16655 4 713243 26720 3.3 78 24 4 9 12% 254221 795875 115090 14%
c - 223.91 209 50 29 106 16661 4 723489 27610 3.3 76 23 4 9 12% 254223 795875 115090 14%
c - 225.33 209 48 29 107 16667 3 733787 27656 3.3 73 22 4 9 12% 254224 795872 115090 14%
c s 225.79 209 47 29 107 16668 3 736338 29794 3.3 73 22 4 9 12% 254242 793686 115090 14%
c
c seconds     switched      rate          size/glue  tier1     binary            remaining
c          MB   reductions    conflicts         size   tier2       irredundant
c           level     restarts       redundant     glue   trail            variables
c
c e 226.10 220 47 29 107 16668 3 736338 29794 3.3 73 22 4 9 12% 254957 797171 114626 14%
c 2 226.11 220 47 29 107 16668 3 736338 29794 3.3 73 22 4 9 12% 254857 797171 114626 14%
c s 226.22 220 47 29 107 16668 3 736338 29794 3.3 73 22 4 9 12% 255714 794190 114626 14%
c e 226.40 220 47 29 107 16668 3 736338 29794 3.3 73 22 4 9 12% 255566 795400 114516 14%
c - 227.39 187 46 29 108 16670 3 744133 25726 3.3 73 22 4 9 12% 255572 795400 114516 14%
c ] 227.41 187 46 30 108 16670 3 744317 25881 3.3 73 22 4 9 12% 255572 795400 114516 14%
c { 227.41 187 22 30 108 16670 4 744317 25881 2.1 14 7 4 7 8% 255572 795400 114516 14%
c i 227.75 197 22 30 108 16775 4 745794 26871 2.1 14 7 4 7 8% 255600 795400 114514 14%
c d 227.94 197 22 30 108 16827 4 746592 27286 2.1 14 7 4 7 8% 255655 795326 114512 14%
c b 228.04 197 22 30 108 16827 4 746592 27286 2.1 14 7 4 7 8% 255655 795326 114509 14%
c u 228.39 198 22 30 108 16827 4 746592 26384 2.1 14 7 4 7 8% 255626 795326 114509 14%
c v 228.70 198 22 30 108 16827 4 746592 25949 2.1 14 7 4 7 8% 255626 795326 114509 14%
c w 228.84 198 22 30 108 16827 4 746592 25887 2.1 14 7 4 7 8% 255626 795326 114509 14%
c x 229.19 200 22 30 108 16827 4 746592 25885 2.1 14 7 4 7 8% 255626 793323 114509 14%
c t 229.39 200 22 30 108 16827 4 746592 25885 2.1 14 7 4 7 8% 253940 793323 114509 14%
c f 229.62 170 22 30 108 16827 4 746592 25885 2.1 14 7 4 7 8% 253373 792183 114601 14%
c u 230.11 195 22 30 108 16827 4 746592 24875 2.1 14 7 4 7 8% 253386 792183 114601 14%
c v 230.43 196 22 30 108 16827 4 746592 24402 2.1 14 7 4 7 8% 253386 792183 114601 14%
c w 230.56 196 22 30 108 16827 4 746592 24343 2.1 14 7 4 7 8% 253386 792183 114601 14%
c x 230.96 200 22 30 108 16827 4 746592 24343 2.1 14 7 4 7 8% 253389 790249 114601 14%
c
c seconds     switched      rate          size/glue tier1    binary            remaining
c          MB   reductions    conflicts         size  tier2      irredundant
c           level     restarts       redundant    glue  trail            variables
c
c d 231.03 200 22 30 108 16827 4 746592 24337 2.1 14 7 4 7 8% 253385 790176 114599 14%
c t 231.21 200 22 30 108 16827 4 746592 24337 2.1 14 7 4 7 8% 253141 790176 114599 14%
c i 231.59 202 22 30 108 16893 4 747761 25052 2.1 14 7 4 7 8% 253160 790175 114598 14%
c i 232.00 203 22 30 108 17066 4 751411 27208 2.0 13 7 4 7 8% 253173 790175 114596 14%
c - 232.70 206 22 30 109 17232 4 754526 23564 2.0 14 7 4 7 8% 253151 790175 114596 14%
c i 232.99 207 22 30 109 17321 4 755778 24384 2.1 14 7 4 7 8% 253204 790175 114595 14%
c i 233.02 207 22 30 109 17345 4 756000 24524 2.1 14 7 4 7 8% 253210 790175 114583 14%
c i 233.20 207 23 30 109 17389 4 756890 25021 2.1 14 7 4 7 8% 253238 790175 114579 14%
c i 233.85 208 23 30 109 17555 4 760771 27481 2.1 14 7 4 7 8% 253278 790173 114578 14%
c i 233.94 208 23 30 109 17562 4 760872 27568 2.1 14 7 4 7 8% 253284 790173 114577 14%
c i 233.94 208 23 30 109 17562 4 760873 27568 2.1 14 7 4 7 8% 253284 790173 114565 14%
c - 234.44 209 22 30 110 17689 4 764966 25150 2.0 13 7 4 7 8% 253110 790173 114565 14%
c i 234.76 209 22 30 110 17743 4 767551 26648 2.0 13 7 4 7 8% 253125 790173 114562 14%
c i 234.81 209 22 30 110 17748 4 767614 26693 2.0 13 7 4 7 8% 253137 790173 114557 14%
c i 235.19 209 22 30 110 17831 4 769745 28148 2.0 13 7 4 7 8% 253159 790173 114556 14%
c i 235.30 210 22 30 110 17838 4 770264 28499 2.0 13 7 4 7 8% 253176 790173 114555 14%
c - 236.06 210 22 30 111 18029 4 775454 24075 2.0 13 7 4 7 8% 253096 790173 114555 14%
c i 236.42 210 21 30 111 18097 4 778414 25840 2.0 13 7 4 7 8% 253107 790173 114554 14%
c i 236.51 211 22 30 111 18104 4 778536 25932 2.0 13 7 4 7 8% 253131 790172 114553 14%
c i 236.51 211 22 30 111 18104 4 778539 25932 2.0 13 7 4 7 8% 253131 790172 114551 14%
c
c seconds     switched      rate          size/glue tier1    binary            remaining
c          MB   reductions    conflicts         size  tier2      irredundant
c           level     restarts       redundant    glue  trail            variables
c
c i 236.59 211 22 30 111 18129 4 778795 26113 2.0 13 7 4 7 8% 253139 790172 114550 14%
c i 236.70 211 22 30 111 18182 4 779294 26462 2.0 13 7 4 7 8% 253143 790172 114549 14%
c i 237.36 211 22 30 111 18423 4 782248 28430 2.0 13 7 4 7 8% 253177 790172 114547 14%
c i 237.36 211 22 30 111 18424 4 782251 28430 2.0 13 7 4 7 8% 253179 790172 114542 14%
c i 237.37 211 22 30 111 18429 4 782294 28456 2.0 13 7 4 7 8% 253182 790172 114541 14%
c i 237.52 211 22 30 111 18466 4 782535 28616 2.0 13 7 4 7 8% 253196 790172 114534 14%
c - 238.12 212 22 30 112 18698 4 785989 24025 2.0 13 7 4 7 8% 253062 790172 114534 14%
c i 238.21 212 22 30 112 18711 4 786259 24184 2.0 13 7 4 7 8% 253073 790172 114530 14%
c i 238.92 212 23 30 112 18916 4 789645 26383 2.0 13 7 4 7 8% 253117 790172 114529 14%
c i 238.99 212 23 30 112 18946 4 790199 26700 2.0 13 7 4 7 8% 253118 790172 114528 14%
c i 238.99 212 23 30 112 18946 4 790215 26709 2.0 13 7 4 7 8% 253118 790172 114527 14%
c i 239.04 212 23 30 112 18948 4 790693 27015 2.0 13 7 4 7 8% 253126 790172 114518 14%
c i 239.27 212 23 30 112 19017 4 791999 27805 2.0 13 7 4 7 8% 253140 790172 114514 14%
c i 239.49 213 23 30 112 19058 4 792336 28030 2.0 13 7 4 7 8% 253206 790172 114513 14%
c - 240.13 213 23 30 113 19294 4 796572 27074 2.0 13 7 4 7 8% 253067 790172 114513 14%
c } 240.42 213 22 31 113 19319 4 798752 28463 2.0 13 7 4 7 8% 253075 790171 114513 14%
c [ 240.42 213 46 31 113 19319 3 798752 28463 3.3 73 22 4 9 12% 253075 790171 114513 14%
c W 240.74 213 46 31 113 19319 3 798752 28463 3.3 73 22 4 9 12% 253065 789504 114513 14%
c i 240.97 214 46 31 113 19320 3 800289 29788 3.3 72 22 4 9 12% 253065 789504 114505 14%
c i 240.97 214 46 31 113 19320 3 800335 29831 3.3 72 22 4 9 12% 253066 789504 114504 14%
c
c seconds     switched      rate          size/glue  tier1     binary            remaining
c          MB   reductions    conflicts         size   tier2       irredundant
c           level     restarts       redundant     glue   trail            variables
c
c i 241.63 215 45 31 113 19324 3 805306 33979 3.3 71 21 4 9 12% 253067 789504 114503 14%
c o 241.66 215 45 31 113 19324 3 805306 33979 3.3 71 21 4 9 12% 253067 789504 114503 14%
c - 241.99 216 46 31 114 19324 3 807202 28941 3.3 71 21 4 9 12% 253002 789504 114503 14%
c i 242.22 216 46 31 114 19325 4 809022 30460 3.3 71 21 4 9 12% 253011 789504 114502 14%
c i 242.56 217 45 31 114 19326 4 811817 32640 3.3 70 21 4 9 12% 253014 789504 114501 14%
c i 243.15 217 45 31 114 19329 4 816644 36812 3.3 69 21 4 9 12% 253021 789504 114499 14%
c - 243.33 217 44 31 115 19331 3 817880 29607 3.3 69 21 4 9 12% 253007 789504 114499 14%
c i 243.38 217 44 31 115 19331 3 818251 29906 3.3 69 21 4 9 12% 253008 789504 114498 14%
c - 244.78 218 43 31 116 19333 3 828603 30169 3.2 65 20 4 9 11% 253011 789504 114498 14%
c d 245.48 218 42 31 116 19334 3 833340 34045 3.2 64 20 4 9 11% 253093 789282 114482 14%
c d 245.53 218 42 31 116 19334 3 833340 34038 3.2 64 20 4 9 11% 253083 789251 114477 14%
c b 245.59 218 42 31 116 19334 3 833340 34038 3.2 64 20 4 9 11% 253083 789251 114471 14%
c u 245.99 218 42 31 116 19334 3 833340 32816 3.2 64 20 4 9 11% 253082 789251 114471 14%
c v 246.38 218 42 31 116 19334 3 833340 32464 3.2 64 20 4 9 11% 253078 789251 114471 14%
c w 246.54 218 42 31 116 19334 3 833340 32120 3.2 64 20 4 9 11% 253078 789251 114471 14%
c x 247.06 219 42 31 116 19334 3 833340 32119 3.2 64 20 4 9 11% 253133 788386 114468 14%
c d 247.13 219 42 31 116 19334 3 833340 32105 3.2 64 20 4 9 11% 253155 788087 114464 14%
c t 247.36 219 42 31 116 19334 3 833340 32105 3.2 64 20 4 9 11% 252523 788087 114460 14%
c b 247.39 219 42 31 116 19334 3 833340 32105 3.2 64 20 4 9 11% 252523 788087 114455 14%
c f 247.47 170 42 31 116 19334 3 833340 32105 3.2 64 20 4 9 11% 252509 787979 114461 14%
c
c seconds     switched      rate          size/glue  tier1     binary            remaining
c          MB   reductions    conflicts         size   tier2       irredundant
c           level     restarts       redundant     glue   trail            variables
c
c u 248.03 196 42 31 116 19334 3 833340 30264 3.2 64 20 4 9 11% 252569 787863 114460 14%
c v 248.40 197 42 31 116 19334 3 833340 29937 3.2 64 20 4 9 11% 252569 787863 114460 14%
c w 248.54 197 42 31 116 19334 3 833340 29388 3.2 64 20 4 9 11% 252569 787863 114460 14%
c x 249.08 202 42 31 116 19334 3 833340 29388 3.2 64 20 4 9 11% 252608 787314 114459 14%
c d 249.15 202 42 31 116 19334 3 833340 29379 3.2 64 20 4 9 11% 252606 787262 114452 14%
c t 249.37 202 42 31 116 19334 3 833340 29379 3.2 64 20 4 9 11% 252600 787262 114452 14%
c b 249.40 202 42 31 116 19334 3 833340 29379 3.2 64 20 4 9 11% 252600 787262 114451 14%
c f 249.46 170 42 31 116 19334 3 833340 29379 3.2 64 20 4 9 11% 252596 787243 114452 14%
c i 249.50 190 42 31 116 19334 3 833340 29379 3.2 64 20 4 9 11% 252596 787243 114452 14%
c - 250.28 195 41 31 117 19339 3 839375 27592 3.2 62 20 4 9 11% 252492 787243 114452 14%
c - 251.59 197 39 31 118 19344 3 850191 29633 3.1 59 19 4 9 11% 252496 787242 114452 14%
c - 252.84 198 37 31 119 19348 3 861057 29820 3.0 55 18 4 9 11% 252496 787242 114452 14%
c ] 253.93 198 36 32 119 19349 3 870360 38211 3.0 53 18 4 9 10% 252497 787242 114452 14%
c { 253.93 198 22 32 119 19349 4 870360 38211 2.0 13 7 4 7 8% 252497 787242 114452 14%
c i 254.14 200 22 32 119 19422 4 871584 38989 2.0 13 7 4 7 8% 252510 787242 114444 14%
c - 254.28 202 22 32 120 19471 4 871965 26495 2.0 13 7 4 7 8% 252462 787242 114444 14%
c i 254.76 204 22 32 120 19612 4 874944 28288 2.0 13 7 4 7 8% 252478 787242 114443 14%
c i 255.30 206 22 32 120 19822 4 878284 30386 2.0 13 7 4 7 8% 252519 787240 114440 14%
c i 255.33 206 22 32 120 19823 4 878496 30520 2.0 13 7 4 7 8% 252525 787240 114437 14%
c i 255.34 206 22 32 120 19823 4 878538 30539 2.0 13 7 4 7 8% 252527 787240 114428 14%
c
c seconds     switched      rate          size/glue tier1    binary            remaining
c          MB   reductions    conflicts         size  tier2      irredundant
c           level     restarts       redundant    glue  trail            variables
c
c i 255.44 206 22 32 120 19884 4 878870 30814 2.0 13 7 4 7 8% 252529 787240 114424 14%
c i 255.55 206 22 32 120 19935 4 879982 31477 2.0 13 7 4 7 8% 252535 787240 114423 14%
c i 255.74 207 22 32 120 19941 4 880886 32165 2.0 13 7 4 7 8% 252547 787240 114422 14%
c i 255.75 207 22 32 120 19941 4 880895 32167 2.0 13 7 4 7 8% 252549 787240 114421 14%
c i 256.03 207 22 32 120 20003 4 882345 33129 2.0 13 7 4 7 8% 252570 787240 114417 14%
c i 256.12 208 22 32 120 20014 4 882503 33241 2.0 13 7 4 7 8% 252583 787240 114409 14%
c - 256.21 208 22 32 121 20044 4 882921 27038 2.0 13 7 4 7 8% 252283 787240 114409 14%
c i 256.22 208 22 32 121 20044 4 883051 27114 2.0 13 7 4 7 8% 252287 787240 114408 14%
c i 256.61 209 22 32 121 20176 4 885204 28523 2.0 13 7 4 7 8% 252312 787240 114403 14%
c i 256.88 209 22 32 121 20251 4 886731 29406 2.0 13 7 4 7 8% 252335 787240 114393 14%
c i 256.90 209 22 32 121 20261 4 886851 29482 2.0 13 7 4 7 8% 252338 787240 114392 14%
c i 256.95 209 22 32 121 20290 4 887083 29645 2.0 13 7 4 7 8% 252342 787240 114384 14%
c i 257.32 209 22 32 121 20502 4 890310 31589 2.0 13 7 4 7 8% 252356 787240 114336 14%
c i 257.44 209 22 32 121 20533 4 890634 31794 2.0 13 7 4 7 8% 252374 787240 114334 14%
c i 257.47 209 22 32 121 20557 4 890837 31937 2.0 13 7 4 7 8% 252383 787240 114330 14%
c i 257.47 209 22 32 121 20557 4 890839 31937 2.0 13 7 4 7 8% 252383 787240 114329 14%
c - 258.02 210 22 32 122 20743 4 893921 22460 2.0 14 7 4 7 8% 252094 787239 114329 14%
c i 258.47 210 21 32 122 20834 4 898262 25208 2.0 13 7 4 7 8% 252105 787239 114327 14%
c i 259.04 211 22 32 122 20971 4 901203 27246 2.0 13 7 4 7 8% 252160 787238 114326 14%
c i 259.10 211 22 32 122 20993 4 901534 27487 2.0 13 7 4 7 8% 252169 787237 114313 14%
c
c seconds     switched      rate          size/glue tier1    binary            remaining
c          MB   reductions    conflicts         size  tier2      irredundant
c           level     restarts       redundant    glue  trail            variables
c
c i 259.17 211 22 32 122 21045 4 901837 27700 2.0 13 7 4 7 8% 252171 787237 114312 14%
c i 259.30 211 22 32 122 21063 4 902946 28450 2.0 13 7 4 7 8% 252176 787237 114279 14%
c i 259.37 211 22 32 122 21079 4 903070 28560 2.0 13 7 4 7 8% 252188 787237 114278 14%
c i 259.41 211 22 32 122 21112 4 903239 28671 2.0 13 7 4 7 8% 252195 787237 114266 14%
c i 259.41 211 22 32 122 21117 4 903274 28685 2.0 13 7 4 7 8% 252196 787237 114244 14%
c i 259.62 211 22 32 122 21216 4 904278 29311 2.0 13 7 4 7 8% 252213 787237 114243 14%
c i 259.62 211 22 32 122 21216 4 904280 29312 2.0 13 7 4 7 8% 252213 787237 114242 14%
c i 259.62 211 22 32 122 21216 4 904281 29312 2.0 13 7 4 7 8% 252213 787237 114240 14%
c i 259.67 211 22 32 122 21274 4 904549 29519 2.0 13 7 4 7 8% 252216 787237 114239 14%
c - 259.75 211 22 32 123 21286 4 904966 20583 2.0 13 7 4 7 8% 251767 787237 114239 14%
c i 260.28 212 22 32 123 21468 4 908126 22687 2.0 13 7 4 7 8% 251791 787237 114238 14%
c i 260.28 212 22 32 123 21476 4 908161 22716 2.0 13 7 4 7 8% 251792 787237 114237 14%
c i 260.39 212 22 32 123 21546 4 909138 23310 2.0 13 7 4 7 8% 251804 787237 114230 14%
c i 261.08 212 21 32 123 21728 4 914301 26785 1.9 13 7 4 7 8% 251835 787237 114229 14%
c i 261.25 212 22 32 123 21806 4 915065 27313 2.0 13 7 4 7 8% 251872 787237 114217 14%
c - 261.49 213 22 32 124 21907 4 916058 21369 2.0 13 7 4 7 8% 251756 787237 114217 14%
c i 261.49 213 22 32 124 21908 4 916060 21370 2.0 13 7 4 7 8% 251756 787237 114211 14%
c i 261.53 213 22 32 124 21914 4 916163 21458 2.0 13 7 4 7 8% 251759 787237 114210 14%
c i 261.80 213 21 32 124 21963 4 918474 22917 1.9 13 7 4 7 8% 251773 787237 114203 14%
c i 261.93 213 22 32 124 22030 4 919063 23310 1.9 13 7 4 7 8% 251783 787237 114202 14%
c
c seconds     switched      rate          size/glue tier1    binary            remaining
c          MB   reductions    conflicts         size  tier2      irredundant
c           level     restarts       redundant    glue  trail            variables
c
c i 262.52 213 22 32 124 22299 4 921874 25273 1.9 13 7 4 7 8% 251826 787237 114194 14%
c i 262.71 213 22 32 124 22341 4 922928 26038 1.9 13 7 4 7 8% 251843 787237 114193 14%
c i 262.75 213 22 32 124 22390 4 923209 26224 1.9 13 7 4 7 8% 251850 787237 114187 14%
c i 262.75 213 22 32 124 22390 4 923213 26227 1.9 13 7 4 7 8% 251850 787237 114186 14%
c i 262.80 213 22 32 124 22440 4 923553 26477 1.9 13 7 4 7 8% 251854 787237 114184 14%
c i 262.92 213 22 32 124 22469 4 924197 26974 1.9 13 7 4 7 8% 251866 787237 114179 14%
c i 263.00 214 22 32 124 22513 4 924732 27403 1.9 13 7 4 7 8% 251881 787237 114174 14%
c d 263.14 214 22 32 124 22565 4 925298 24877 1.9 13 7 4 7 8% 252189 785064 114150 14%
c d 263.18 214 22 32 124 22565 4 925298 24236 1.9 13 7 4 7 8% 252194 784945 114136 14%
c b 263.24 214 22 32 124 22565 4 925298 24236 1.9 13 7 4 7 8% 252194 784945 114122 14%
c u 263.76 214 22 32 124 22565 4 925298 22546 1.9 13 7 4 7 8% 252250 784945 114089 14%
c v 264.11 214 22 32 124 22565 4 925298 21439 1.9 13 7 4 7 8% 252241 784945 114089 14%
c w 264.27 214 22 32 124 22565 4 925298 21264 1.9 13 7 4 7 8% 252242 784945 114089 14%
c x 264.72 214 22 32 124 22565 4 925298 21264 1.9 13 7 4 7 8% 252359 784366 114089 14%
c d 264.80 214 22 32 124 22565 4 925298 20686 1.9 13 7 4 7 8% 252374 784311 114079 14%
c d 264.85 214 22 32 124 22565 4 925298 20686 1.9 13 7 4 7 8% 252372 784309 114078 14%
c t 265.03 214 22 32 124 22565 4 925298 20686 1.9 13 7 4 7 8% 249250 784309 114076 14%
c b 265.07 214 22 32 124 22565 4 925298 20686 1.9 13 7 4 7 8% 249250 784309 114075 14%
c f 265.14 170 22 32 124 22565 4 925298 20686 1.9 13 7 4 7 8% 249207 784128 114085 14%
c u 265.64 194 22 32 124 22565 4 925298 19698 1.9 13 7 4 7 8% 249223 784124 114085 14%
c
c seconds     switched      rate          size/glue tier1    binary            remaining
c          MB   reductions    conflicts         size  tier2      irredundant
c           level     restarts       redundant    glue  trail            variables
c
c v 265.98 195 22 32 124 22565 4 925298 18376 1.9 13 7 4 7 8% 249222 784124 114085 14%
c w 266.13 197 22 32 124 22565 4 925298 18249 1.9 13 7 4 7 8% 249222 784124 114085 14%
c x 266.58 200 22 32 124 22565 4 925298 18249 1.9 13 7 4 7 8% 249246 784079 114085 14%
c d 266.64 200 22 32 124 22565 4 925298 18247 1.9 13 7 4 7 8% 249244 784064 114084 14%
c t 266.82 200 22 32 124 22565 4 925298 18247 1.9 13 7 4 7 8% 249093 784064 114084 14%
c i 266.91 200 22 32 124 22565 4 925298 18247 1.9 13 7 4 7 8% 249093 784064 114084 14%
c - 267.16 201 22 32 125 22689 4 927193 17876 1.9 13 7 4 7 8% 248379 784062 114084 14%
c i 267.56 203 22 32 125 22856 4 929811 19719 1.9 13 7 4 7 8% 248403 784062 114081 14%
c } 267.77 203 22 33 125 22909 4 931464 20803 1.9 13 7 4 7 8% 248414 784060 114081 14%
c [ 267.77 203 36 33 125 22909 3 931464 20803 3.0 53 18 4 9 10% 248414 784060 114081 14%
c O 267.77 203 36 33 125 22909 3 931464 20803 3.0 53 18 4 9 10% 248414 784060 114081 14%
c - 268.54 203 35 33 126 22914 3 938373 23445 2.9 51 17 4 9 10% 248396 784060 114081 14%
c o 269.45 204 33 33 126 22918 3 945998 29586 2.8 48 17 4 9 10% 248399 784060 114081 14%
c 2 269.57 204 34 33 126 22918 3 946886 30385 2.8 48 17 4 9 10% 248401 784060 114080 14%
c s 269.68 204 34 33 126 22918 3 946886 30385 2.8 48 17 4 9 10% 249405 780527 114080 14%
c e 270.13 217 34 33 126 22918 3 946886 30385 2.8 48 17 4 9 10% 250206 787621 113183 13%
c 2 270.13 217 34 33 126 22918 3 946886 30385 2.8 48 17 4 9 10% 250034 787621 113183 13%
c s 270.26 217 34 33 126 22918 3 946886 30385 2.8 48 17 4 9 10% 251649 782587 113183 13%
c e 270.45 217 34 33 126 22918 3 946886 30385 2.8 48 17 4 9 10% 251448 784032 113043 13%
c i 270.49 217 34 33 126 22918 3 946978 21961 2.8 48 17 4 9 10% 251448 784032 113042 13%
c
c seconds     switched      rate          size/glue  tier1     binary            remaining
c          MB   reductions    conflicts         size   tier2       irredundant
c           level     restarts       redundant     glue   trail            variables
c
c - 270.78 217 33 33 127 22920 3 949597 20164 2.8 47 17 4 9 10% 251447 784030 113042 13%
c - 272.02 218 31 33 128 22923 2 960866 23270 2.8 44 16 4 9 10% 251454 784030 113042 13%
c i 272.06 218 31 33 128 22923 2 961198 23415 2.8 44 16 4 9 10% 251459 784030 113041 13%
c i 273.36 218 30 33 128 22929 2 972116 32668 2.7 42 16 4 9 9% 251465 784030 113040 13%
c - 273.39 218 30 33 129 22929 2 972179 18861 2.7 42 16 4 9 9% 251437 784030 113040 13%
c i 273.97 218 29 33 129 22931 2 977728 23065 2.6 40 15 4 9 9% 251441 784030 113039 13%
c - 274.75 218 29 33 130 22935 2 983538 17721 2.6 39 15 4 9 9% 251426 784030 113039 13%
c - 276.13 218 29 33 131 22938 2 994942 19504 2.5 38 15 4 9 9% 251427 784030 113039 13%
c ] 276.91 181 28 34 131 22939 2 1001813 25215 2.4 37 15 4 9 9% 251427 784030 113039 13%
c { 276.91 181 22 34 131 22939 4 1001813 25215 1.9 13 7 4 7 8% 251427 784030 113039 13%
c i 277.12 193 22 34 131 22983 4 1003032 26187 1.9 13 7 4 7 8% 251435 784030 113038 13%
c i 277.51 196 21 34 131 23128 4 1005863 28218 1.9 13 7 4 7 8% 251452 784030 113037 13%
c - 277.59 196 21 34 132 23143 4 1006387 23057 1.9 13 7 4 7 8% 251444 784030 113037 13%
c i 278.42 196 21 34 132 23255 4 1013853 28662 1.9 13 7 4 7 8% 251460 784030 113033 13%
c i 278.94 199 20 34 132 23325 4 1017346 31426 1.9 13 7 4 7 8% 251480 784030 113032 13%
c - 279.06 200 20 34 133 23350 4 1017876 22977 1.9 13 7 4 7 8% 251429 784030 113032 13%
c i 279.63 202 20 34 133 23541 4 1022131 26102 1.9 13 7 4 7 8% 251454 784030 113031 13%
c i 279.65 202 20 34 133 23542 4 1022140 26109 1.9 13 7 4 7 8% 251455 784030 113030 13%
c d 279.77 202 20 34 133 23558 4 1022480 26369 1.9 13 7 4 7 8% 251534 783101 113021 13%
c d 279.81 202 20 34 133 23558 4 1022480 26368 1.9 13 7 4 7 8% 251510 782918 113007 13%
c
c seconds     switched      rate           size/glue tier1    binary            remaining
c          MB   reductions     conflicts         size  tier2      irredundant
c           level     restarts        redundant    glue  trail            variables
c
c b 279.86 202 20 34 133 23558 4 1022480 26368 1.9 13 7 4 7 8% 251510 782918 112987 13%
c u 280.35 203 20 34 133 23558 4 1022480 25168 1.9 13 7 4 7 8% 251478 782918 112976 13%
c v 280.82 203 20 34 133 23558 4 1022480 24495 1.9 13 7 4 7 8% 251475 782918 112976 13%
c w 281.01 203 20 34 133 23558 4 1022480 24330 1.9 13 7 4 7 8% 251475 782918 112976 13%
c d 281.07 203 20 34 133 23558 4 1022480 24175 1.9 13 7 4 7 8% 251516 782787 112975 13%
c d 281.12 203 20 34 133 23558 4 1022480 24174 1.9 13 7 4 7 8% 251504 782767 112968 13%
c t 281.27 203 20 34 133 23558 4 1022480 24174 1.9 13 7 4 7 8% 248677 782767 112968 13%
c b 281.30 203 20 34 133 23558 4 1022480 24174 1.9 13 7 4 7 8% 248677 782767 112962 13%
c f 281.52 170 20 34 133 23558 4 1022480 24174 1.9 13 7 4 7 8% 247641 781050 113109 13%
c b 281.66 190 20 34 133 23558 4 1022480 24164 1.9 13 7 4 7 8% 247650 781019 113108 13%
c u 282.01 193 20 34 133 23558 4 1022480 23820 1.9 13 7 4 7 8% 247650 781019 113108 13%
c v 282.35 193 20 34 133 23558 4 1022480 23624 1.9 13 7 4 7 8% 247650 781019 113108 13%
c w 282.50 193 20 34 133 23558 4 1022480 23448 1.9 13 7 4 7 8% 247650 781019 113108 13%
c x 283.00 200 20 34 133 23558 4 1022480 23448 1.9 13 7 4 7 8% 247712 780791 113092 13%
c = 284.81 215 20 34 133 23558 4 1022480 23448 1.9 13 7 4 7 8% 247983 780249 112956 13%
c d 284.88 215 20 34 133 23558 4 1022480 23443 1.9 13 7 4 7 8% 248821 779038 112955 13%
c t 285.08 215 20 34 133 23558 4 1022480 23443 1.9 13 7 4 7 8% 248656 779038 112955 13%
c b 285.11 215 20 34 133 23558 4 1022480 23443 1.9 13 7 4 7 8% 248656 779038 112954 13%
c i 285.23 215 20 34 133 23558 4 1022480 23443 1.9 13 7 4 7 8% 248653 779038 112954 13%
c i 285.49 215 20 34 133 23600 4 1024670 25143 1.9 13 7 4 7 8% 248657 779038 112953 13%
c
c seconds     switched      rate           size/glue tier1    binary            remaining
c          MB   reductions     conflicts         size  tier2      irredundant
c           level     restarts        redundant    glue  trail            variables
c
c i 285.64 215 19 34 133 23639 4 1025894 26000 1.9 13 7 4 7 8% 248666 779038 112952 13%
c - 286.11 215 19 34 134 23777 3 1029409 24970 1.9 13 7 4 7 8% 248335 779038 112952 13%
c i 286.83 216 19 34 134 23907 3 1034752 28816 1.9 13 7 4 7 8% 248349 779038 112951 13%
c i 287.07 216 19 34 134 23959 3 1036064 29900 1.9 13 7 4 7 8% 248356 779038 112950 13%
c i 287.09 216 19 34 134 23961 3 1036084 29914 1.9 13 7 4 7 8% 248358 779038 112949 13%
c - 287.79 216 18 34 135 24063 3 1040986 30657 1.9 13 7 4 7 8% 248359 779038 112949 13%
c i 287.80 216 18 34 135 24063 3 1041063 30674 1.9 13 7 4 7 8% 248366 779038 112948 13%
c i 288.63 216 18 34 135 24167 3 1047239 35177 1.9 13 7 4 7 8% 248384 779038 112935 13%
c - 289.38 217 17 34 136 24318 3 1052605 22248 1.9 12 7 4 7 8% 248245 779038 112935 13%
c i 290.03 217 17 34 136 24434 3 1056737 25331 1.9 12 7 4 7 8% 248256 779038 112934 13%
c i 290.86 217 17 34 136 24687 3 1062752 29710 1.9 12 7 4 7 8% 248281 779038 112933 13%
c - 291.13 217 16 34 137 24710 3 1064267 21213 1.9 12 7 4 7 8% 248246 779038 112933 13%
c i 291.42 217 16 34 137 24847 3 1066154 22624 1.8 12 7 4 7 8% 248247 779038 112932 13%
c i 292.01 217 16 34 137 24934 3 1069609 25116 1.8 12 7 4 7 8% 248254 779038 112931 13%
c i 292.01 217 16 34 137 24935 3 1069612 25118 1.8 12 7 4 7 8% 248254 779038 112930 13%
c } 292.10 217 16 35 137 24956 3 1069960 25418 1.8 12 7 4 7 8% 248258 779037 112930 13%
c [ 292.10 217 28 35 137 24956 2 1069960 25418 2.4 37 15 4 9 9% 248258 779037 112930 13%
c B 292.10 217 28 35 137 24956 2 1069960 25418 2.4 37 15 4 9 9% 248258 779037 112930 13%
c - 292.89 218 27 35 138 24960 2 1075973 25893 2.4 35 15 4 9 9% 248252 779037 112930 13%
c - 294.32 218 26 35 139 24966 2 1087720 29168 2.3 34 14 4 9 9% 248253 779037 112930 13%
c
c seconds     switched      rate           size/glue  tier1    binary            remaining
c          MB   reductions     conflicts         size   tier2      irredundant
c           level     restarts        redundant     glue  trail            variables
c
c i 294.67 218 26 35 139 24968 2 1090593 31244 2.3 33 14 4 9 9% 248256 779037 112731 13%
c o 294.71 218 26 35 139 24968 2 1090593 31244 2.3 33 14 4 9 9% 248256 779037 112731 13%
c i 294.87 218 26 35 139 24969 2 1091604 31953 2.3 33 14 4 9 9% 248275 779037 112727 13%
c i 295.11 218 25 35 139 24969 2 1093336 33180 2.3 32 14 4 9 8% 248280 779037 110883 13%
c i 295.14 218 25 35 139 24969 2 1093579 33312 2.3 32 14 4 9 8% 248283 779037 109617 13%
c i 295.15 218 25 35 139 24969 2 1093671 33357 2.3 32 14 4 9 8% 248289 779037 108373 13%
c i 295.15 218 25 35 139 24969 2 1093678 33358 2.3 32 14 4 9 8% 248290 779037 108367 13%
c i 295.15 218 25 35 139 24969 2 1093684 33359 2.3 32 14 4 9 8% 248291 779037 107224 13%
c ] 295.15 218 25 35 139 24969 2 1093691 33361 2.3 32 14 4 9 8% 248292 779037 105307 13%
c 0 295.15 218 16 35 139 24969 3 1093691 33361 1.8 12 7 4 7 8% 248292 779037 105307 13%
c
c ---- [ result ] ------------------------------------------------------------
c
s UNSATISFIABLE
c
c ---- [ profiling ] ---------------------------------------------------------
c
c         193.19   65.45 %  search
c          99.82   33.82 %  simplify
c          99.35   33.66 %  stable
c          93.84   31.80 %  focused
c          79.09   26.80 %  probe
c          37.45   12.69 %  vivify
c          20.18    6.84 %  eliminate
c          11.83    4.01 %  sweep
c          11.13    3.77 %  substitute
c           8.00    2.71 %  factor
c           4.21    1.43 %  backbone
c           3.76    1.27 %  transitive
c           3.72    1.26 %  subsume
c           2.98    1.01 %  reduce
c           2.71    0.92 %  congruence
c           1.68    0.57 %  walking
c           1.22    0.41 %  preprocess
c           0.63    0.21 %  lucky
c           0.29    0.10 %  parse
c =============================================
c         295.15  100.00 %  total
c
c ---- [ statistics ] --------------------------------------------------------
c
c chronological:                        25884                2 %  conflicts
c conflicts:                          1093691             3705.54 per second
c congruent:                             5912                1 %  variables
c decisions:                          4650830                4.25 per conflict
c eliminated:                          768558               91 %  variables
c factored:                             59574                7 %  variables
c iterations:                             374                0 %  variables
c propagations:                    3160170833         10706997    per second
c reductions:                             139             7868    interval
c reordered:                               15            72913    interval
c rephased:                                25            43748    interval
c restarts:                             24969               44    interval
c strengthened:                        452224                0 %  checks
c substituted:                          16996                2 %  variables
c subsumed:                             96920                0 %  checks
c switched:                                35            31248    interval
c vivified:                             87408               47 %  checks
c walks:                                    8           136711    interval
c
c ---- [ glue usage ] --------------------------------------------------------
c
c focused glue 4 used 246337 clauses 16.23% accumulated 65.58% tier1
c focused glue 5 used 191044 clauses 12.59% accumulated 78.17%
c focused glue 6 used 139151 clauses  9.17% accumulated 87.34%
c focused glue 7 used  87856 clauses  5.79% accumulated 93.13% tier2
c
c stable glue 4   used 1706008 clauses 14.93% accumulated 62.65% tier1
c stable glue 5   used 1155807 clauses 10.12% accumulated 72.77%
c stable glue 6-7 used 1386395 clauses 12.13% accumulated 84.90%
c stable glue 8   used  384986 clauses  3.37% accumulated 88.27%
c stable glue 9   used  278708 clauses  2.44% accumulated 90.71% tier2
c
c ---- [ resources ] ---------------------------------------------------------
c
c maximum-resident-set-size:        393875456 bytes        376 MB
c process-time:                         4m 55s             295.15 seconds
c
c ---- [ shutting down ] -----------------------------------------------------
c
c exit 20
