suite	stem	name	family	family_size	also_in	rule
sat-comp-2025	00d5a43a481477fa4d56a2ce152a6cfb-st_890_86_9_572.normalised	st_890_86_9_572.normalised	argumentation	32		rule31:(\.af(_\d+)?\.sanitized$|\.apx_|^af-synthesis|^stb_\d+|^st_\d+_)
sat-comp-2025	00fd8ac9acd186a7a78a2c4d92f90de1-2.normalised	2.normalised	anon-normalised	13		rule84:^\d+\.normalised$
sat-comp-2025	0205e2dffaef93a90c239df31755f2e1-bp4_CSO_AM_IXA_LP.normalised	bp4_CSO_AM_IXA_LP.normalised	bp	21		rule79:^bp[45]_
sat-comp-2025	032941f5f28c9ac53fa1c80d35f3206f-GP_216_290_40	GP_216_290_40	gp	7		sub:^GP_\d+_\d+_\d+
sat-comp-2025	03e852aa864cfe6eb49c264b462b8157-gm24sparrc	gm24sparrc	gm-sparrc	4		rule7:^gm\d+sp
sat-comp-2025	04648cef5bed430ab6429991fa9e107d-ramsey_3_6_19.normalised	ramsey_3_6_19.normalised	ramsey	6		rule33:^ramsey_
sat-comp-2025	04f43bb4a4f2c193a18e7195a4fd8e41-goldcrest-and-11	goldcrest-and-11	goldcrest	2		rule81:^goldcrest-and
sat-comp-2025	053e06424279f5cfec8bb14dfa9af23c-oisc-subrv-and-nested-15	oisc-subrv-and-nested-15	oisc	4		rule78:^oisc-subrv
sat-comp-2025	062f58e44eb73f9274b57af5092cad90-rook-51-0-0	rook-51-0-0	chess-puzzles	6		rule39:^(rook-|knight_|korf-|mchess_)
sat-comp-2025	06d2ca2ee0b47f00d93090495f7fd4f4-clqcl_100_6_5.normalised	clqcl_100_6_5.normalised	clqcl	8		rule54:^clqcl_
sat-comp-2025	07cea7a64248a60d509368d09d3057c2-pj2013_k9	pj2013_k9	pj	6		rule74:^pj20\d\d_k
sat-comp-2025	081f111af59344b61346367a930e24f6-Break_triple_04_06.xml	Break_triple_04_06.xml	break-scheduling	7		rule68:^Break_
sat-comp-2025	0876c518e5653369e20fb1ee0bb8db40-mp1-klieber2017s-0500-023-t12	mp1-klieber2017s-0500-023-t12	mp1	12		rule77:^(mp1-|Nb54T6)
sat-comp-2025	08d56c03e6561f6b9bec2e3f344ea3de-cliquecoloring_n26_k7_c6	cliquecoloring_n26_k7_c6	clique-coloring	6		rule55:^(clique_n|cliquecolo)
sat-comp-2025	09befe1ffd4e02a988cadecd0a012261-GP_300_140_20	GP_300_140_20	gp	7		sub:^GP_\d+_\d+_\d+
sat-comp-2025	09cd83e233380d0ba1fc56cee88367b1-s38417	s38417	iscas	3		rule9:^(c7552|s38417|s38584)$
sat-comp-2025	0a4880c0e882e6a4a31943522573c394-b19_1	b19_1	itc99	9		rule10:^b(14|15|17|18|19_1|20_1|21|22|22_1)$
sat-comp-2025	0a8a4c28d27228e954354ea0a6e7f16c-sum_of_three_cubes_42_known_representation	sum_of_three_cubes_42_known_representation	sum-of-cubes	4		rule36:^(sum_of_3_cubes|sum_of_three_cubes)
sat-comp-2025	0aa22564d00e9716519918d84b25c4a7-sudoku-N30-12	sudoku-N30-12	sudoku	7		rule41:^(sudoku-N30|puzzle32)
sat-comp-2025	0ae917c2e0c1d39cbe411c29b2f5ff08-dislog_a14_x14_n24	dislog_a14_x14_n24	singletons	37		rule46:^(mrpp_|maximum_constrained_partition|size_5_5_5|MM-23|summle_|StConn_|two-trees|TT7F|w19-|E00X|ex095|p160_|os_fwalk|lru_|FmlaImplyChain|hhyp_cec|fastlec_cep|marijn-philips|soelberg_unit|anbul-dated|jgiraldezlevy|gto_p60|Ptn-|hid-uns-enc|crn_40|dislog_|goldb-heqc|UR-15|289-unsat|16_2$|001$|ACG-20|atco_enc|SocialGolfers|QuasiGroup|latin_square|fixedbandwidth)
sat-comp-2025	0c0430a68f147be18ab3fded07f30fdb-oddball_53_5_tto_zp.normalised	oddball_53_5_tto_zp.normalised	oddball	21		sub:^oddball_
sat-comp-2025	0c9bcbc815cf0f109b7aeef3fbffc42d-par32-2.shuffled-as.sat03-1534	par32-2.shuffled-as.sat03-1534	parity	6		rule61:^(or_randxor|par32-|mod2c?-rand3bip)
sat-comp-2025	0ccb0f855352783a972be45188bf3164-SCPC-500-12	SCPC-500-12	scpc	6		rule70:^SCPC-
sat-comp-2025	0d8779c22e2caa8d676723701e5a0347-pj2016_k100	pj2016_k100	pj	6		rule74:^pj20\d\d_k
sat-comp-2025	0dd928240a9559ab7e50d088e3f168ac-pj2002_k500	pj2002_k500	pj	6		rule74:^pj20\d\d_k
sat-comp-2025	0e1d562093d5f4fc9013cf4a14a03f70-Break_12_50.xml	Break_12_50.xml	break-scheduling	7		rule68:^Break_
sat-comp-2025	0e36fa2e12f32cde67937803299fb57b-6s268r_Iter94	6s268r_Iter94	hwmcc-iter	4		rule13:^(6s\d+|intel\d+).*_Iter\d+$
sat-comp-2025	0ec8c5e9084cbc8a326f8f37e1abf741-oddball_54_5_tto_zp.normalised	oddball_54_5_tto_zp.normalised	oddball	21		sub:^oddball_
sat-comp-2025	0ed8c06438673f179985a79b9d6a9fe4-cfi-rigid-s2-0064-04-or_2_shuffle_all	cfi-rigid-s2-0064-04-or_2_shuffle_all	cfi-rigid	2		sub:^cfi-rigid
sat-comp-2025	0f269188707a1b2f309dd1c70bfe22b0-bp4_BC012_CSO_AM_IXA.normalised	bp4_BC012_CSO_AM_IXA.normalised	bp	21		rule79:^bp[45]_
sat-comp-2025	110f8eb8b9b80204fe955ea0973bbb00-clqcl_30_7_6.normalised	clqcl_30_7_6.normalised	clqcl	8		rule54:^clqcl_
sat-comp-2025	113e692e379518bc3277855277dcc1b8-oisc-subrv-sll-nested-8	oisc-subrv-sll-nested-8	oisc	4		rule78:^oisc-subrv
sat-comp-2025	115fa7f61704bc12b2373aa471bc434f-Circuit_multiplier24	Circuit_multiplier24	circuit-multiplier	3		rule3:^Circuit_multiplier
sat-comp-2025	12820b981e6b199a1b1a8c896386a337-RoundRobin_n16_d14	RoundRobin_n16_d14	roundrobin	12		rule67:^(MVRoundRobin|RoundRobin)
sat-comp-2025	1576e239e1c17939f24688a12fb10fae-6s299b685_Iter22	6s299b685_Iter22	hwmcc-iter	4		rule13:^(6s\d+|intel\d+).*_Iter\d+$
sat-comp-2025	16564a6acba6b9fc887c447d4e507767-ER_400_20_7.apx_2_DS-ST	ER_400_20_7.apx_2_DS-ST	argumentation	32		rule31:(\.af(_\d+)?\.sanitized$|\.apx_|^af-synthesis|^stb_\d+|^st_\d+_)
sat-comp-2025	16c999d046885c8e51f196e60c34d966-aaai10-planning-ipc5-pathways-17-step20	aaai10-planning-ipc5-pathways-17-step20	planning	3		rule69:^(blocks-blocks|openstacks-|aaai10-planning)
sat-comp-2025	16ff47a05b769ed6a04c7175cfc6da55-sqrt-mitern170	sqrt-mitern170	div-sqrt-miter	8		rule5:^(div_miter|div-mitern|sqrt-mitern|DivS_)
sat-comp-2025	1753a71fefceb0250a75e67b610050a0-GP_190_225_30	GP_190_225_30	gp	7		sub:^GP_\d+_\d+_\d+
sat-comp-2025	1890f49a43a94b97828528b68c32b78e-homer11.shuffled	homer11.shuffled	homer	4	sat-comp-2026	sub:^homer\d+
sat-comp-2025	18d4124324b56e434118f9ef72198d84-spg_300_300	spg_300_300	spg	2		sub:^spg_
sat-comp-2025	19951d43eff5fc4ef6fd07d7a5324fa0-oddball_80_5_tto_zp.normalised	oddball_80_5_tto_zp.normalised	oddball	21		sub:^oddball_
sat-comp-2025	1a92907cdec0528583a8f49a818b406d-BubbleVsPancakeSort_8_4	BubbleVsPancakeSort_8_4	sort-equivalence	10		rule11:^(BubbleVsPancakeSort|PancakeVsSelectionSort)
sat-comp-2025	1a936d41e3439d602c3ddcf96458a38c-arles_thres10_p10_r8185	arles_thres10_p10_r8185	arles	14		sub:^arles_thres
sat-comp-2025	1a9512580b2d946ebd41de4e8c08c42d-linked_list_swap_contents_safety_unwind50	linked_list_swap_contents_safety_unwind50	linked-list	2		rule28:^linked_list_swap
sat-comp-2025	1b3c7ac17705be94daaddb5f5ae4816b-rook-56-0-0	rook-56-0-0	chess-puzzles	6		rule39:^(rook-|knight_|korf-|mchess_)
sat-comp-2025	1b84df53843ecd90ec8c3c7a01cada6c-ramsey_4_4_18.normalised	ramsey_4_4_18.normalised	ramsey	6		rule33:^ramsey_
sat-comp-2025	1b8806812861df2b7e91dc316ad1ef80-oddball_52_5_tto_zp.normalised	oddball_52_5_tto_zp.normalised	oddball	21		sub:^oddball_
sat-comp-2025	1b9f94befb5bc867c0e882f49973f793-bp4_BC012_AM_FPBEQ_ZR.normalised	bp4_BC012_AM_FPBEQ_ZR.normalised	bp	21		rule79:^bp[45]_
sat-comp-2025	1c21a43aa1ad437e4a7e4eb5b9cd45a1-9.normalised	9.normalised	anon-normalised	13		rule84:^\d+\.normalised$
sat-comp-2025	1c30806c5aa9cd54bf823c20fa078243-oddball_26_5_ttf.normalised	oddball_26_5_ttf.normalised	oddball	21		sub:^oddball_
sat-comp-2025	1d18837c0ced5c18a3a4693993e61728-SC25_Timetable_C_392_E_45_Cl_25_D_7_T_50.normalised	SC25_Timetable_C_392_E_45_Cl_25_D_7_T_50.normalised	timetable	15		rule63:^(SC2[135]_Timetable)
sat-comp-2025	1d90be3e37a42432d281cf6c1b8eae4b-multiplier_16bits__miter_22	multiplier_16bits__miter_22	mult-miter-bits	2		rule2:^multiplier_\d+bits__miter
sat-comp-2025	1e0d58c7e52319b3b17e343ec7ca6de5-QG7-gensys-icl006.sat05-3132.reshuffled-07	QG7-gensys-icl006.sat05-3132.reshuffled-07	gensys	2		sub:^(gensys-ukn|QG7-gensys)
sat-comp-2025	1e87463fee15de63143796fd92d88a58-crusti_g2io_175_0.2_511_32.normalised	crusti_g2io_175_0.2_511_32.normalised	crusti-g2io	13		rule30:^crusti_g2io
sat-comp-2025	207ebdf62e5ce54c8b4ddeeb17843a56-hhyp_cec_multi_2	hhyp_cec_multi_2	singletons	37		rule46:^(mrpp_|maximum_constrained_partition|size_5_5_5|MM-23|summle_|StConn_|two-trees|TT7F|w19-|E00X|ex095|p160_|os_fwalk|lru_|FmlaImplyChain|hhyp_cec|fastlec_cep|marijn-philips|soelberg_unit|anbul-dated|jgiraldezlevy|gto_p60|Ptn-|hid-uns-enc|crn_40|dislog_|goldb-heqc|UR-15|289-unsat|16_2$|001$|ACG-20|atco_enc|SocialGolfers|QuasiGroup|latin_square|fixedbandwidth)
sat-comp-2025	21415e807689ea75536e846a24623de1-clqcl_50_6_5.normalised	clqcl_50_6_5.normalised	clqcl	8		rule54:^clqcl_
sat-comp-2025	21b173943af57eefaac5e88bfa2662ad-shuffling-1-s1769330284-of-bench-sat04-422.used-as.sat04-561	shuffling-1-s1769330284-of-bench-sat04-422.used-as.sat04-561	shuffling-sat04	4		sub:^shuffling-
sat-comp-2025	2241a1fb5bdbac0c1a3c1980ed8b332d-crusti_g2io_225_0.1_31_25.normalised	crusti_g2io_225_0.1_31_25.normalised	crusti-g2io	13		rule30:^crusti_g2io
sat-comp-2025	22c8d6aa86d51e15ef5ab37479eda22b-xor_op_n40_d3	xor_op_n40_d3	xor-op	4	sat-comp-2026	rule60:^xor_op_
sat-comp-2025	22df1827e3253fc824cc7ce806d75e0a-x9-10070.sat.sanitized	x9-10070.sat.sanitized	x9	6		sub:^x9-\d+\.sat
sat-comp-2025	24075575c3dbd9e9eae948dd2241b029-UR-15-10p0	UR-15-10p0	singletons	37		rule46:^(mrpp_|maximum_constrained_partition|size_5_5_5|MM-23|summle_|StConn_|two-trees|TT7F|w19-|E00X|ex095|p160_|os_fwalk|lru_|FmlaImplyChain|hhyp_cec|fastlec_cep|marijn-philips|soelberg_unit|anbul-dated|jgiraldezlevy|gto_p60|Ptn-|hid-uns-enc|crn_40|dislog_|goldb-heqc|UR-15|289-unsat|16_2$|001$|ACG-20|atco_enc|SocialGolfers|QuasiGroup|latin_square|fixedbandwidth)
sat-comp-2025	2412325e3c099453b99c87864477363c-arles_thres20_p10_r7340	arles_thres20_p10_r7340	arles	14		sub:^arles_thres
sat-comp-2025	24bde22f729a988fb2394b644cb60d39-SC25_Timetable_C_481_E_49_Cl_32_D_7_T_58.normalised	SC25_Timetable_C_481_E_49_Cl_32_D_7_T_58.normalised	timetable	15		rule63:^(SC2[135]_Timetable)
sat-comp-2025	25390e9d1fa1926485db7eb2d5a20ea8-ITC2021_Late_10.xml	ITC2021_Late_10.xml	itc2021	4		rule66:^ITC2021_
sat-comp-2025	27570c6780aaade3dc771c6a12534fb8-reconf10_22_queen20_3_8667	reconf10_22_queen20_3_8667	reconf	5		sub:^reconf\d+_
sat-comp-2025	27cb3a6ca772613c5998d7f78a55ba45-bp4_AM_IXA_FPBLE.normalised	bp4_AM_IXA_FPBLE.normalised	bp	21		rule79:^bp[45]_
sat-comp-2025	28eeb2beac7005a9afa98e4d3aaca621-oski15a01b40s_opt	oski15a01b40s_opt	oski	13		rule14:^oski15
sat-comp-2025	2925ee90763e08b2f7e79c7c713c86b9-at-least-two-ibm-2004-23-k100	at-least-two-ibm-2004-23-k100	at-least-two	3		rule76:^at-least-two-
sat-comp-2025	292bedf65cee7cc38fe8b2725eb50868-cliquecoloring_n32_k5_c4	cliquecoloring_n32_k5_c4	clique-coloring	6		rule55:^(clique_n|cliquecolo)
sat-comp-2025	296fd43ed40e242875984420f29be73f-oddball_24_5_ttf.normalised	oddball_24_5_ttf.normalised	oddball	21		sub:^oddball_
sat-comp-2025	29b573e0f7b922c4bd0a675db005265f-b18	b18	itc99	9		rule10:^b(14|15|17|18|19_1|20_1|21|22|22_1)$
sat-comp-2025	29b7d5a498eff7a98fcd03a273eaeba3-Kakuro-easy-132-ext.xml.hg_8	Kakuro-easy-132-ext.xml.hg_8	kakuro	4		rule42:^Kakuro-
sat-comp-2025	2b4467a5ac4ac41b36d4c3432b07f767-oddball_69_5_tto_zp.normalised	oddball_69_5_tto_zp.normalised	oddball	21		sub:^oddball_
sat-comp-2025	2bdfcf23ac1829912a408402a540972a-1-ET-256-K-65.sanitized	1-ET-256-K-65.sanitized	et-tc	4		sub:^1-(ET|TC)-
sat-comp-2025	2c8eb0402be32cf281e23f00d5a16259-oski15a01b45s_opt	oski15a01b45s_opt	oski	13		rule14:^oski15
sat-comp-2025	2d0c041c0fe72dc32527bfbf34f63e61-170223547	170223547	anon-id	2		rule87:^\d{9}$
sat-comp-2025	2de9b79919882078aea76f297fc923e5-case11.normalised	case11.normalised	case	14		rule80:^case\d+
sat-comp-2025	2e058841373f34cc47d8dec927fd1796-blocks-blocks-36-0.150-NOTKNOWN	blocks-blocks-36-0.150-NOTKNOWN	planning	3		rule69:^(blocks-blocks|openstacks-|aaai10-planning)
sat-comp-2025	30f64b3b0870ce5d22d4217782224dfe-lockchart-group1-L200-K289-p8d4j1.normalised	lockchart-group1-L200-K289-p8d4j1.normalised	lockchart	12		rule71:^lockchart-
sat-comp-2025	3197b65ef50328394a0c9e73281d7122-b20_1	b20_1	itc99	9		rule10:^b(14|15|17|18|19_1|20_1|21|22|22_1)$
sat-comp-2025	31e843c53a76ff3961935ad55b953298-sqrt-mitern171	sqrt-mitern171	div-sqrt-miter	8		rule5:^(div_miter|div-mitern|sqrt-mitern|DivS_)
sat-comp-2025	321732c1a401ff109b2f2b447e3dbe5e-16_16_booth_wallace_mapped_and_default_origin_bit28	16_16_booth_wallace_mapped_and_default_origin_bit28	multiplier-16x16	14		rule0:^16_16_
sat-comp-2025	334aa882de28856fc8c75885285d2a3c-HCP-446-105	HCP-446-105	hcp	3		rule57:^(HCP-|hcp_)
sat-comp-2025	35748015c5f16c9ee7e4d1894af497a0-oski15a01b39s_opt	oski15a01b39s_opt	oski	13		rule14:^oski15
sat-comp-2025	35b9091b90bd28a492c9556d6fc4348d-bp4_TCO_CSO_ZR.normalised	bp4_TCO_CSO_ZR.normalised	bp	21		rule79:^bp[45]_
sat-comp-2025	35ec95b9b2398fb522db178855016ae0-MVRoundRobin_n14_d10_v2	MVRoundRobin_n14_d10_v2	roundrobin	12		rule67:^(MVRoundRobin|RoundRobin)
sat-comp-2025	3619135ee5865be0a107449fb31defd9-arles_thres20_p10_r7475	arles_thres20_p10_r7475	arles	14		sub:^arles_thres
sat-comp-2025	362d153b4162127bc42796180110f483-Carry_Bits_Fast_19.cnf	Carry_Bits_Fast_19.cnf	bits-fast	3		rule6:^(Carry_Bits_Fast|Wallace_Bits_Fast)
sat-comp-2025	36ba44cf208034e2c8e84a1971b9bfd4-connm-ue-csp-sat-n1200-d-0.02-s405595518.shuffled-as.sat05-531	connm-ue-csp-sat-n1200-d-0.02-s405595518.shuffled-as.sat05-531	connm-csp	2		sub:^connm-ue-csp
sat-comp-2025	3746303c659ef65aaa78f3b52cd5de49-6s299b685_Iter30	6s299b685_Iter30	hwmcc-iter	4		rule13:^(6s\d+|intel\d+).*_Iter\d+$
sat-comp-2025	389bb0a8f3568f4bd0e71771df9093c5-BubbleVsPancakeSort_7_6	BubbleVsPancakeSort_7_6	sort-equivalence	10		rule11:^(BubbleVsPancakeSort|PancakeVsSelectionSort)
sat-comp-2025	395829127ec213c2e69a6a13dda3623b-lockchart-group2-rnd0.3-L19-K38-P8D4J1_1.normalised	lockchart-group2-rnd0.3-L19-K38-P8D4J1_1.normalised	lockchart	12		rule71:^lockchart-
sat-comp-2025	3a1f1b4b9a521737cc760017fe9d8b43-MVRoundRobin_n16_d10_v3	MVRoundRobin_n16_d10_v3	roundrobin	12		rule67:^(MVRoundRobin|RoundRobin)
sat-comp-2025	3b5d7ec347010e177bfa04b298fc75cf-nla-digbench-scaling_dijkstra-u_valuebound1_transition	nla-digbench-scaling_dijkstra-u_valuebound1_transition	hwmc-step-transition	8		rule18:^(2018D_VexRiscv|veer_axi|x-epic|bv_ILA|nla-digbench)
sat-comp-2025	3bfa92996634d2ddc6c0568bba9a0f99-case6.normalised	case6.normalised	case	14		rule80:^case\d+
sat-comp-2025	3c0db78733bb05b9d1e9d7627b2e8f38-rook-52-0-1	rook-52-0-1	chess-puzzles	6		rule39:^(rook-|knight_|korf-|mchess_)
sat-comp-2025	3c129545f090ef08b6ef89a2903ff83e-oski15a01b09s_opt	oski15a01b09s_opt	oski	13		rule14:^oski15
sat-comp-2025	3cda1cbfbcabfc71ece7961d4d6ad1bb-lockchart-group2-rnd0.3-L19-K38-P8D4J1_3	lockchart-group2-rnd0.3-L19-K38-P8D4J1_3	lockchart	12		rule71:^lockchart-
sat-comp-2025	3ec81fcaac5a1da8a6ca4da0b9d8eb02-gm16spctrc	gm16spctrc	gm-sparrc	4		rule7:^gm\d+sp
sat-comp-2025	3ef7fa06c6380f12cfe2970873da6fb1-grs-64-48	grs-64-48	grs	6		sub:^grs-
sat-comp-2025	3f67f6767764855e516e5394be1145e5-gto_p60c238-sc2018	gto_p60c238-sc2018	singletons	37		rule46:^(mrpp_|maximum_constrained_partition|size_5_5_5|MM-23|summle_|StConn_|two-trees|TT7F|w19-|E00X|ex095|p160_|os_fwalk|lru_|FmlaImplyChain|hhyp_cec|fastlec_cep|marijn-philips|soelberg_unit|anbul-dated|jgiraldezlevy|gto_p60|Ptn-|hid-uns-enc|crn_40|dislog_|goldb-heqc|UR-15|289-unsat|16_2$|001$|ACG-20|atco_enc|SocialGolfers|QuasiGroup|latin_square|fixedbandwidth)
sat-comp-2025	416e33a8463911546e4cd87d282a7e1e-case10	case10	case	14	sat-comp-2026	rule80:^case\d+
sat-comp-2025	418b8aa42088cb0b1d85014dfa285b25-16_16_booth_wallace_origin_and_and_dadda_mapped_bit28	16_16_booth_wallace_origin_and_and_dadda_mapped_bit28	multiplier-16x16	14		rule0:^16_16_
sat-comp-2025	41915707d831e1365389d3cc47c7953f-oddball_51_5_tto_zp.normalised	oddball_51_5_tto_zp.normalised	oddball	21		sub:^oddball_
sat-comp-2025	41d14756a06872844577fc0abddb58aa-tseitin_d3_n100000	tseitin_d3_n100000	tseitin	5		rule59:^tseitin_
sat-comp-2025	41f507717c7c4553d23cd0cd1fc40104-1-ET-512-K-120.sanitized	1-ET-512-K-120.sanitized	et-tc	4		sub:^1-(ET|TC)-
sat-comp-2025	42f1311ce504db8cc0cb590a568da20a-tseitin_n188_d3	tseitin_n188_d3	tseitin	5		rule59:^tseitin_
sat-comp-2025	42fdd4f4c27fd03267afd82490cb59a4-GP_100_1000_10	GP_100_1000_10	gp	7		sub:^GP_\d+_\d+_\d+
sat-comp-2025	43687a48fb119ca61b47c2fc69a71e7d-manthey_single-ordered-initialized-w42-b8	manthey_single-ordered-initialized-w42-b8	manthey	2		sub:^manthey_single
sat-comp-2025	43ebdada6f6153b50a140ba908d5bf44-oddball_67_5_tto_zp.normalised	oddball_67_5_tto_zp.normalised	oddball	21		sub:^oddball_
sat-comp-2025	43fbacb24ea30054dece1de179c4ca7e-ER_400_20_7.apx_1_DS-ST	ER_400_20_7.apx_1_DS-ST	argumentation	32		rule31:(\.af(_\d+)?\.sanitized$|\.apx_|^af-synthesis|^stb_\d+|^st_\d+_)
sat-comp-2025	45742d067cc851edc1201d8a02586eac-mchess_20	mchess_20	chess-puzzles	6		rule39:^(rook-|knight_|korf-|mchess_)
sat-comp-2025	46355da785714f239393e7630020cae3-REGRandom-K4-L1-Seed40.sanitized	REGRandom-K4-L1-Seed40.sanitized	regrandom	2		sub:^REGRandom
sat-comp-2025	465795fa2641c616ce76de8501672a19-VanDerWaerden_pd_2-3-27_663	VanDerWaerden_pd_2-3-27_663	vdw	15		rule32:^(VanDerWaerden|vdw_|vdwb_)
sat-comp-2025	465c7f101b2d24de63f6a6f544faa9ee-crusti_g2io_175_0.2_511_10.normalised	crusti_g2io_175_0.2_511_10.normalised	crusti-g2io	13		rule30:^crusti_g2io
sat-comp-2025	46a8727e27d848faafd83a990c2e01a7-case8.normalised	case8.normalised	case	14		rule80:^case\d+
sat-comp-2025	474e9594ec7885cb1bebf66073eb2de2-fsf-300-354-2-2-3-2.35.opt	fsf-300-354-2-2-3-2.35.opt	fsf	2		sub:^fsf-300
sat-comp-2025	4761df10c93b58dc5985ca8a43c959cf-arles_thres10_p10_r8188	arles_thres10_p10_r8188	arles	14		sub:^arles_thres
sat-comp-2025	47f5872181a581dff34eb33123fe3242-b17	b17	itc99	9		rule10:^b(14|15|17|18|19_1|20_1|21|22|22_1)$
sat-comp-2025	482295be38dc1d63a16f3cf649ef7ef6-myciel6-cn.used-as.sat04-319	myciel6-cn.used-as.sat04-319	dimacs-coloring	11		rule56:^(6g_6color|color-19|le450_|fpsol2|inithx|mulsol|zeroin|miles1500|myciel)
sat-comp-2025	4ba2c1aa580b6497df6baf5e7e2c87be-at-least-two-vmpc_28	at-least-two-vmpc_28	at-least-two	3		rule76:^at-least-two-
sat-comp-2025	4c037368864330bff3940837ac28ac14-lockchart-group2-rnd0.3-L18-K36-P8D4J1	lockchart-group2-rnd0.3-L18-K36-P8D4J1	lockchart	12		rule71:^lockchart-
sat-comp-2025	4c3001f8073986116d98084dde70da05-fsf-300-354-2-2-3-2.9.opt	fsf-300-354-2-2-3-2.9.opt	fsf	2		sub:^fsf-300
sat-comp-2025	4c7e09f077026b9ee3900bfed6825fbb-Ptn-7824-b19	Ptn-7824-b19	singletons	37		rule46:^(mrpp_|maximum_constrained_partition|size_5_5_5|MM-23|summle_|StConn_|two-trees|TT7F|w19-|E00X|ex095|p160_|os_fwalk|lru_|FmlaImplyChain|hhyp_cec|fastlec_cep|marijn-philips|soelberg_unit|anbul-dated|jgiraldezlevy|gto_p60|Ptn-|hid-uns-enc|crn_40|dislog_|goldb-heqc|UR-15|289-unsat|16_2$|001$|ACG-20|atco_enc|SocialGolfers|QuasiGroup|latin_square|fixedbandwidth)
sat-comp-2025	4cf3505e5183c26bbd97d89fdaa93f8c-oddball_26_4_ttf.normalised	oddball_26_4_ttf.normalised	oddball	21		sub:^oddball_
sat-comp-2025	4d6e18e506b7e62d3f32cc775219be24-GP_100_951_33	GP_100_951_33	gp	7		sub:^GP_\d+_\d+_\d+
sat-comp-2025	4e3195a382f5af213444736fcc8b364f-case1.normalised	case1.normalised	case	14		rule80:^case\d+
sat-comp-2025	4f4d22ce7643079412975a662e9363fd-xor_op_n38_d3	xor_op_n38_d3	xor-op	4		rule60:^xor_op_
sat-comp-2025	50519e9e964f30dc34992f0348bd7005-arles_thres10_p10_r8142	arles_thres10_p10_r8142	arles	14		sub:^arles_thres
sat-comp-2025	51482a5b06b055edfdca576d654ce191-bob12s09-opt	bob12s09-opt	hwmcc-bob	1		rule17:^bob12
sat-comp-2025	5246b7b99ba005af421d86299f7d26d0-b15	b15	itc99	9		rule10:^b(14|15|17|18|19_1|20_1|21|22|22_1)$
sat-comp-2025	526caead2f3c84c2918a2fc775dc3e97-ramsey_3_7_23.normalised	ramsey_3_7_23.normalised	ramsey	6		rule33:^ramsey_
sat-comp-2025	5314fd6ccb53b6f6af49a594ea68a273-oski15a01b15s_opt	oski15a01b15s_opt	oski	13	sat-comp-2026	rule14:^oski15
sat-comp-2025	533017e0f42d8246c7ae140313a84161-baseballcover12with25_and5positions	baseballcover12with25_and5positions	baseballcover	3		rule72:^baseballcover
sat-comp-2025	539a1f4e4f7a95ab0ac55df50445cceb-multiplier_15bits__miter_23	multiplier_15bits__miter_23	mult-miter-bits	2		rule2:^multiplier_\d+bits__miter
sat-comp-2025	53c21f3e78f060883026b5a12ba691d8-maximum_constrained_partition_14_bits_n200	maximum_constrained_partition_14_bits_n200	singletons	37		rule46:^(mrpp_|maximum_constrained_partition|size_5_5_5|MM-23|summle_|StConn_|two-trees|TT7F|w19-|E00X|ex095|p160_|os_fwalk|lru_|FmlaImplyChain|hhyp_cec|fastlec_cep|marijn-philips|soelberg_unit|anbul-dated|jgiraldezlevy|gto_p60|Ptn-|hid-uns-enc|crn_40|dislog_|goldb-heqc|UR-15|289-unsat|16_2$|001$|ACG-20|atco_enc|SocialGolfers|QuasiGroup|latin_square|fixedbandwidth)
sat-comp-2025	53e347648553a2f2223614d3b4a07a4b-RoundRobin_n17_d15	RoundRobin_n17_d15	roundrobin	12		rule67:^(MVRoundRobin|RoundRobin)
sat-comp-2025	546f8e069aa450002a30c9c47538fe95-intel047_Iter78	intel047_Iter78	hwmcc-iter	4		rule13:^(6s\d+|intel\d+).*_Iter\d+$
sat-comp-2025	54d496c14fd2461642ef6be5341b297b-hwmcc17miters-xits-iso-6s163.sanitized	hwmcc17miters-xits-iso-6s163.sanitized	xits-miters	3		rule15:^(hwmcc17miters|rpoc_xits)
sat-comp-2025	557d7d4db5399188f62bc39598c6d868-mp1-Nb7T46	mp1-Nb7T46	mp1	12		rule77:^(mp1-|Nb54T6)
sat-comp-2025	56913ff910c49dd5010653720970d944-grs-32-64	grs-32-64	grs	6		sub:^grs-
sat-comp-2025	57b478982ee9aba245ba792452b18fe3-VanDerWaerden_pd_2-3-22_462	VanDerWaerden_pd_2-3-22_462	vdw	15		rule32:^(VanDerWaerden|vdw_|vdwb_)
sat-comp-2025	5831f35622f3e6c666f0cee6cac60e4c-s38584	s38584	iscas	3		rule9:^(c7552|s38417|s38584)$
sat-comp-2025	5911653e4edadec391654c8f06353f9a-oski15a01b06s_opt	oski15a01b06s_opt	oski	13		rule14:^oski15
sat-comp-2025	59825ed96dc3bbdbd8789a4870b323ec-hcp_CP18_18	hcp_CP18_18	hcp	3		rule57:^(HCP-|hcp_)
sat-comp-2025	59fc779feee4390b57502814d424e0d6-jgiraldezlevy.2200.9086.08.40.149-sr2015	jgiraldezlevy.2200.9086.08.40.149-sr2015	singletons	37		rule46:^(mrpp_|maximum_constrained_partition|size_5_5_5|MM-23|summle_|StConn_|two-trees|TT7F|w19-|E00X|ex095|p160_|os_fwalk|lru_|FmlaImplyChain|hhyp_cec|fastlec_cep|marijn-philips|soelberg_unit|anbul-dated|jgiraldezlevy|gto_p60|Ptn-|hid-uns-enc|crn_40|dislog_|goldb-heqc|UR-15|289-unsat|16_2$|001$|ACG-20|atco_enc|SocialGolfers|QuasiGroup|latin_square|fixedbandwidth)
sat-comp-2025	5aed29ce52192a55ffbd2a6f340017e7-oisc-subrv-and-nested-12	oisc-subrv-and-nested-12	oisc	4		rule78:^oisc-subrv
sat-comp-2025	5c24cfeff639fefdead9a5641f65fa22-c7552	c7552	iscas	3		rule9:^(c7552|s38417|s38584)$
sat-comp-2025	5c29ccca91235475f762f4b106f804f2-SGI_30_60_20_50_3-dir.shuffled-as.sat03-114	SGI_30_60_20_50_3-dir.shuffled-as.sat03-114	sgi	3		sub:^SGI_30
sat-comp-2025	5c47810953b22baa5f6f45585430fc77-oski15a01b20s_opt	oski15a01b20s_opt	oski	13		rule14:^oski15
sat-comp-2025	5c8f4e54e195d46053b04e232a5661c4-case7.normalised	case7.normalised	case	14		rule80:^case\d+
sat-comp-2025	5ceb95f5960efe1f23c3014847dea118-pj2009_k80	pj2009_k80	pj	6		rule74:^pj20\d\d_k
sat-comp-2025	5d62e4d7ab116c477c8d4f5bd36907de-lockchart-group2-rnd0.3-L19-K38-P8D4J1_2	lockchart-group2-rnd0.3-L19-K38-P8D4J1_2	lockchart	12		rule71:^lockchart-
sat-comp-2025	5d7bc1fb0f3269d88f732d3fb81abe59-16_16_booth_wallace_origin_and_default_mapped_bit29	16_16_booth_wallace_origin_and_default_mapped_bit29	multiplier-16x16	14		rule0:^16_16_
sat-comp-2025	5dbe7b31f9b8d8e56045493439adb949-bp4_CSO_IXA_ZR.normalised	bp4_CSO_IXA_ZR.normalised	bp	21		rule79:^bp[45]_
sat-comp-2025	5e933a625099cc1ec6a8299a7848a2ae-Kakuro-easy-112-ext.xml.hg_7	Kakuro-easy-112-ext.xml.hg_7	kakuro	4		rule42:^Kakuro-
sat-comp-2025	5ff5e9d5aab95667d3d2bd50e1e6792a-b21	b21	itc99	9		rule10:^b(14|15|17|18|19_1|20_1|21|22|22_1)$
sat-comp-2025	602c8a200227ab9d64d855164d35b5cf-Break_12_30.xml	Break_12_30.xml	break-scheduling	7		rule68:^Break_
sat-comp-2025	60e39615d3af069932865a28b1bf6330-16_16_booth_dadda_mapped_and_and_wallace_mapped_bit28	16_16_booth_dadda_mapped_and_and_wallace_mapped_bit28	multiplier-16x16	14		rule0:^16_16_
sat-comp-2025	6147e666b75f603a4c4490d21ab654cd-hid-uns-enc-6-1-0-0-0-0-14492	hid-uns-enc-6-1-0-0-0-0-14492	singletons	37		rule46:^(mrpp_|maximum_constrained_partition|size_5_5_5|MM-23|summle_|StConn_|two-trees|TT7F|w19-|E00X|ex095|p160_|os_fwalk|lru_|FmlaImplyChain|hhyp_cec|fastlec_cep|marijn-philips|soelberg_unit|anbul-dated|jgiraldezlevy|gto_p60|Ptn-|hid-uns-enc|crn_40|dislog_|goldb-heqc|UR-15|289-unsat|16_2$|001$|ACG-20|atco_enc|SocialGolfers|QuasiGroup|latin_square|fixedbandwidth)
sat-comp-2025	619e9e0d70c78c97b0516afedf086fee-20.normalised	20.normalised	anon-normalised	13		rule84:^\d+\.normalised$
sat-comp-2025	6415a71364351c0a521fdee510bc2589-18.normalised	18.normalised	anon-normalised	13		rule84:^\d+\.normalised$
sat-comp-2025	64cb3656e0c03b3db7033ee9b987f280-em_8_4_5_cmp	em_8_4_5_cmp	em	3		rule51:^em_\d
sat-comp-2025	65f7145996bbec02b90bd0fa64a20502-test_v7_r12_vr10_c1_s18160.smt2-stp212	test_v7_r12_vr10_c1_s18160.smt2-stp212	smt2	4		rule26:\.smt2
sat-comp-2025	663bb5659e42c2c75f74354f48895302-SCPC-500-13	SCPC-500-13	scpc	6		rule70:^SCPC-
sat-comp-2025	674affb219c049cdbff1b65a6b7bedcc-crusti_g2io_250_0.2_255_18.normalised	crusti_g2io_250_0.2_255_18.normalised	crusti-g2io	13		rule30:^crusti_g2io
sat-comp-2025	67aa1a256f92020dccdf66b235de3986-jkkk-one-one-10-34-sat	jkkk-one-one-10-34-sat	jkkk	2		sub:^jkkk-one-one
sat-comp-2025	6832fe907740af686fde98518067ea3f-velev-pipe-sat-1.0-b7	velev-pipe-sat-1.0-b7	velev-pipe	3		rule19:^(4pipe|velev-pipe)
sat-comp-2025	68e33d998466bbdd4bfb7249a5790e4f-arles_thres10_p10_r8180	arles_thres10_p10_r8180	arles	14		sub:^arles_thres
sat-comp-2025	695d8f6a2ee6e89e5a4f5d94abc3aca6-x9-07092.sat.sanitized	x9-07092.sat.sanitized	x9	6		sub:^x9-\d+\.sat
sat-comp-2025	69ad7473757d30d55fabab7882268483-BubbleVsPancakeSort_9_4	BubbleVsPancakeSort_9_4	sort-equivalence	10		rule11:^(BubbleVsPancakeSort|PancakeVsSelectionSort)
sat-comp-2025	69ed23c545d2a48f735f2187d919a5dd-crusti_g2io_250_0.2_255_31.normalised	crusti_g2io_250_0.2_255_31.normalised	crusti-g2io	13		rule30:^crusti_g2io
sat-comp-2025	69f6dd335626a9b71bfc6f2332f52b9d-Break_04_04.xml	Break_04_04.xml	break-scheduling	7		rule68:^Break_
sat-comp-2025	6cb995b1c550beb579c53e27f6ca881a-RoundRobin_n16_d13	RoundRobin_n16_d13	roundrobin	12		rule67:^(MVRoundRobin|RoundRobin)
sat-comp-2025	6cd9571bc71cc0c3fb08aeafb9ca37e4-sted1_0x24204-330	sted1_0x24204-330	sted	4		sub:^sted\d
sat-comp-2025	6d35bab4302bc221fa2c9234547b848b-contest04-lksat-n1100-m7545-k4-l4-s310659001.sat05-524.reshuffled-07	contest04-lksat-n1100-m7545-k4-l4-s310659001.sat05-524.reshuffled-07	lksat	1		sub:^contest04-lksat
sat-comp-2025	6e139783cfbcfeec85b49750ad11a615-x9-06068.sat.sanitized	x9-06068.sat.sanitized	x9	6		sub:^x9-\d+\.sat
sat-comp-2025	6ebe901234af9615bb85b688a26ef2c4-17.normalised	17.normalised	anon-normalised	13		rule84:^\d+\.normalised$
sat-comp-2025	6ef090a10c10352090100af7b6654c31-summle_X8638_steps7_I1-2-2-4-4-8-25-100	summle_X8638_steps7_I1-2-2-4-4-8-25-100	singletons	37		rule46:^(mrpp_|maximum_constrained_partition|size_5_5_5|MM-23|summle_|StConn_|two-trees|TT7F|w19-|E00X|ex095|p160_|os_fwalk|lru_|FmlaImplyChain|hhyp_cec|fastlec_cep|marijn-philips|soelberg_unit|anbul-dated|jgiraldezlevy|gto_p60|Ptn-|hid-uns-enc|crn_40|dislog_|goldb-heqc|UR-15|289-unsat|16_2$|001$|ACG-20|atco_enc|SocialGolfers|QuasiGroup|latin_square|fixedbandwidth)
sat-comp-2025	6f354fbea13b25a49f3edc1cd10c48d5-bp4_CSO_LP_FPBLE_ZR_YS.normalised	bp4_CSO_LP_FPBLE_ZR_YS.normalised	bp	21		rule79:^bp[45]_
sat-comp-2025	6f40bd5ac85e2a53b392d8f0369e7f1f-harder-fphp-016-015.sat05-1230.reshuffled-07	harder-fphp-016-015.sat05-1230.reshuffled-07	php	7		rule40:^(rphp5_|rphp_p|harder-fphp|php_sudoku)
sat-comp-2025	6f6a20cd654701b5e7fe9e9e0e5e7787-RoundRobin_n18_d15	RoundRobin_n18_d15	roundrobin	12		rule67:^(MVRoundRobin|RoundRobin)
sat-comp-2025	6f730dd121471749dc0b4baca2573bf7-case13.normalised	case13.normalised	case	14		rule80:^case\d+
sat-comp-2025	6fab31665147f538da92dc16c3a239ad-stb_664_50.apx_2_DC-ST	stb_664_50.apx_2_DC-ST	argumentation	32		rule31:(\.af(_\d+)?\.sanitized$|\.apx_|^af-synthesis|^stb_\d+|^st_\d+_)
sat-comp-2025	6ff70a3aaf261b35b0b072f454a756be-crafted_n10_d6_c4_num9	crafted_n10_d6_c4_num9	crafted-n	2		rule49:^crafted_n
sat-comp-2025	70da0b784f49350e05c0ff8434acdc15-x-epic_a19-p15_transition	x-epic_a19-p15_transition	hwmc-step-transition	8		rule18:^(2018D_VexRiscv|veer_axi|x-epic|bv_ILA|nla-digbench)
sat-comp-2025	72a033a7a86f1b89b1bdd8e28a97ecdf-frb80-14-1.used-as.sat04-879	frb80-14-1.used-as.sat04-879	frb	2		sub:^frb\d+
sat-comp-2025	72cec28d6e34efe366150066b71edc33-bp4_LPI_FPBEQ_ZR.normalised	bp4_LPI_FPBEQ_ZR.normalised	bp	21		rule79:^bp[45]_
sat-comp-2025	753757e87d34bd1075c413d801bf99b8-16.normalised	16.normalised	anon-normalised	13		rule84:^\d+\.normalised$
sat-comp-2025	753ca299a6ab46e28ece1aefa38f4947-oski15a01b01s_opt	oski15a01b01s_opt	oski	13		rule14:^oski15
sat-comp-2025	75cc1f02ed4b8c06553ef579b163e1be-SCPC-500-14	SCPC-500-14	scpc	6		rule70:^SCPC-
sat-comp-2025	76bef98aafe7e718e98761f058c7dc1d-bp4_CB_CSO_LP_FPBEQ_FPBLE.normalised	bp4_CB_CSO_LP_FPBEQ_FPBLE.normalised	bp	21		rule79:^bp[45]_
sat-comp-2025	77a0d54f2fb3740a9a321623c0c10f3e-tseitin_grid_n12_m12	tseitin_grid_n12_m12	tseitin	5		rule59:^tseitin_
sat-comp-2025	77bfac6b280653e63013f77d0991484e-case19.normalised	case19.normalised	case	14	sat-comp-2026	rule80:^case\d+
sat-comp-2025	77e655b23c0a50d911c0384ef8fe266d-SC25_Timetable_C_495_E_43_Cl_35_D_7_T_58.normalised	SC25_Timetable_C_495_E_43_Cl_35_D_7_T_58.normalised	timetable	15		rule63:^(SC2[135]_Timetable)
sat-comp-2025	780b0c9b5aed38a127f61c6aae7287aa-rbsat-v1375c111739gyes10	rbsat-v1375c111739gyes10	rbsat	3		sub:^rbsat-
sat-comp-2025	78e8f5b0d59512cc4910fd63b4acb7fa-RoundRobin_n17_d14	RoundRobin_n17_d14	roundrobin	12		rule67:^(MVRoundRobin|RoundRobin)
sat-comp-2025	7a044c997ede14d00002f1db39d45170-sum_of_3_cubes_37_bits_87	sum_of_3_cubes_37_bits_87	sum-of-cubes	4		rule36:^(sum_of_3_cubes|sum_of_three_cubes)
sat-comp-2025	7a206b67366c3049f214f360ff943f62-oddball_56_5_tto_zp.normalised	oddball_56_5_tto_zp.normalised	oddball	21		sub:^oddball_
sat-comp-2025	7a44efe7c2dbf88a61e7cb750f307937-Break_triple_12_20.xml	Break_triple_12_20.xml	break-scheduling	7		rule68:^Break_
sat-comp-2025	7a5e9bdbf9b8c025b1f986d6098b6206-cfi-rigid-t2-0048-04-or_3_shuffle_all	cfi-rigid-t2-0048-04-or_3_shuffle_all	cfi-rigid	2		sub:^cfi-rigid
sat-comp-2025	7bdf3e5401cc263951003b569bcd689c-bv_ILA_Piccolo_BEQ_sanity_transition	bv_ILA_Piccolo_BEQ_sanity_transition	hwmc-step-transition	8		rule18:^(2018D_VexRiscv|veer_axi|x-epic|bv_ILA|nla-digbench)
sat-comp-2025	7cf696bae2c50af38414b61b8d92581a-GP_105_308_40	GP_105_308_40	gp	7		sub:^GP_\d+_\d+_\d+
sat-comp-2025	7e58b502cc9dbef5f76d5161fb9a09b2-mp1-Nb7T45	mp1-Nb7T45	mp1	12		rule77:^(mp1-|Nb54T6)
sat-comp-2025	80d8c77f6cab179d469462221f3f624a-clqcl_30_11_10.normalised	clqcl_30_11_10.normalised	clqcl	8		rule54:^clqcl_
sat-comp-2025	818c585e5986431917605fca8d775034-g2-hwmcc15deep-oski15a10b10s-k20	g2-hwmcc15deep-oski15a10b10s-k20	g2-t	5		rule16:^(g2-|T9\d\.2\.)
sat-comp-2025	822cf4daaa4e1d16ad53d088ff567f32-RoundRobin_n15_d13	RoundRobin_n15_d13	roundrobin	12		rule67:^(MVRoundRobin|RoundRobin)
sat-comp-2025	82851650dea77d44864b3fd8ae387691-REGRandom-K3-L3-Seed30.sanitized	REGRandom-K3-L3-Seed30.sanitized	regrandom	2		sub:^REGRandom
sat-comp-2025	83aa254f7d17e1df7bee19322ac4752b-1.normalised	1.normalised	anon-normalised	13		rule84:^\d+\.normalised$
sat-comp-2025	84282cd481f7614f444951064c707030-simon-r20-1.sanitized	simon-r20-1.sanitized	simon	6		sub:^simon-r\d+
sat-comp-2025	847c8843ee292b9b31f0c346574af260-ramsey_4_4_19.normalised	ramsey_4_4_19.normalised	ramsey	6		rule33:^ramsey_
sat-comp-2025	847df6bb7bd0a8fcedb57e012cfe0014-valves-gates-1-k617-unsat.shuffled-as.sat03-412	valves-gates-1-k617-unsat.shuffled-as.sat03-412	valves	1		sub:^valves-gates
sat-comp-2025	849950561ddce887c78fef773dccfa80-circuit_48in64out_with_800gates_4in4out_dist128_seed3.sanitized	circuit_48in64out_with_800gates_4in4out_dist128_seed3.sanitized	circuit-gates	2		rule8:^circuit_\d+in\d+out
sat-comp-2025	85ba26d796de9ad740ce5a6813488fbc-sted2_0x1e3-216	sted2_0x1e3-216	sted	4		sub:^sted\d
sat-comp-2025	86173292a2c6a506acf27a81db853bb5-ktf_TF-7.tf_3_0.06_113	ktf_TF-7.tf_3_0.06_113	ktf	1		sub:^ktf_TF
sat-comp-2025	8707ef793f0443b5804c56c2ffca322e-clqcl_40_6_5.normalised	clqcl_40_6_5.normalised	clqcl	8		rule54:^clqcl_
sat-comp-2025	8733dfd02c923d69720500c9ec8ce36a-reconf10_70_queen14_2	reconf10_70_queen14_2	reconf	5		sub:^reconf\d+_
sat-comp-2025	873786afab7757a9f216da0724d91ecd-hwmcc17miters-xits-iso-6s299b685.sanitized	hwmcc17miters-xits-iso-6s299b685.sanitized	xits-miters	3		rule15:^(hwmcc17miters|rpoc_xits)
sat-comp-2025	87f093067622b91fa9dc0de149c8b92c-1-ET-512-K-102.sanitized	1-ET-512-K-102.sanitized	et-tc	4		sub:^1-(ET|TC)-
sat-comp-2025	88849daabda2e712f659c6edbc142229-ncc_none_2_18_8_3_1_0_435991723	ncc_none_2_18_8_3_1_0_435991723	ncc	3		sub:^ncc_none
sat-comp-2025	89002102bdb86946869a06dc1f604315-lockchart-group1-L210-K303-p8d4j1.normalised	lockchart-group1-L210-K303-p8d4j1.normalised	lockchart	12		rule71:^lockchart-
sat-comp-2025	8a05f9b6bf49285e40d0a197967ea5d3-arles_thres10_p10_r7466	arles_thres10_p10_r7466	arles	14		sub:^arles_thres
sat-comp-2025	8a7977519abed3e4c005da7506349f52-GP_300_180_30	GP_300_180_30	gp	7		sub:^GP_\d+_\d+_\d+
sat-comp-2025	8af30680e9329ae30c2cdbece636c470-simon-r23-0.sanitized	simon-r23-0.sanitized	simon	6		sub:^simon-r\d+
sat-comp-2025	8b22396ef06770c7dfa7552a610fc911-PancakeVsSelectionSort_6_7	PancakeVsSelectionSort_6_7	sort-equivalence	10		rule11:^(BubbleVsPancakeSort|PancakeVsSelectionSort)
sat-comp-2025	8b267f95678c90b2179944de7233b090-ER_500_20_4.apx_1_DC-AD	ER_500_20_4.apx_1_DC-AD	argumentation	32		rule31:(\.af(_\d+)?\.sanitized$|\.apx_|^af-synthesis|^stb_\d+|^st_\d+_)
sat-comp-2025	8e1f70e59050693ef128bee0092a7f5f-PancakeVsSelectionSort_6_8	PancakeVsSelectionSort_6_8	sort-equivalence	10		rule11:^(BubbleVsPancakeSort|PancakeVsSelectionSort)
sat-comp-2025	8e62c5d47920ffe36052f86177403e70-SC25_Timetable_C_393_E_45_Cl_26_D_7_T_50.normalised	SC25_Timetable_C_393_E_45_Cl_26_D_7_T_50.normalised	timetable	15		rule63:^(SC2[135]_Timetable)
sat-comp-2025	8e81131a0c4fbd01e90bb6e20d00c547-16_16_booth_dadda_origin_and_and_dadda_origin_bit28	16_16_booth_dadda_origin_and_and_dadda_origin_bit28	multiplier-16x16	14		rule0:^16_16_
sat-comp-2025	8f391f2bf8167f1b96467f3479b33dc5-oddball_20_5_ttf.normalised	oddball_20_5_ttf.normalised	oddball	21		sub:^oddball_
sat-comp-2025	901fa244999d250bc8d8cce19cabc114-SC25_Timetable_C_492_E_48_Cl_33_D_7_T_58.normalised	SC25_Timetable_C_492_E_48_Cl_33_D_7_T_58.normalised	timetable	15		rule63:^(SC2[135]_Timetable)
sat-comp-2025	908433870bee8ba2c86f266d0b002fdb-MVRoundRobin_n20_d10_v2	MVRoundRobin_n20_d10_v2	roundrobin	12		rule67:^(MVRoundRobin|RoundRobin)
sat-comp-2025	90bec6dcf2399d7c7f73acba44a8641e-Wallace_Bits_Fast_8.cnf	Wallace_Bits_Fast_8.cnf	bits-fast	3		rule6:^(Carry_Bits_Fast|Wallace_Bits_Fast)
sat-comp-2025	9118e76885506476cd50cef8b2ec5def-ramsey_3_6_18.normalised	ramsey_3_6_18.normalised	ramsey	6		rule33:^ramsey_
sat-comp-2025	918d9e7c2e197312517736421d728958-SCPC-500-1	SCPC-500-1	scpc	6		rule70:^SCPC-
sat-comp-2025	91c429adc2dc8430461b6d87a9aef335-16_16_booth_wallace_mapped_and_and_wallace_origin_bit28	16_16_booth_wallace_mapped_and_and_wallace_origin_bit28	multiplier-16x16	14		rule0:^16_16_
sat-comp-2025	9277f5d1bc65276294617e672c4f2443-bp4_BC012_CSO_FPBEQ_FPBLE_ZR.normalised	bp4_BC012_CSO_FPBEQ_FPBLE_ZR.normalised	bp	21		rule79:^bp[45]_
sat-comp-2025	931621d9964e9d0cd1c4001822015c92-DLTM_twitter845_79_19	DLTM_twitter845_79_19	dltm	3		sub:^DLTM_twitter
sat-comp-2025	944b4eaecefa1d15c2d2a8ac0c2d1c31-b14	b14	itc99	9		rule10:^b(14|15|17|18|19_1|20_1|21|22|22_1)$
sat-comp-2025	95931bb010dba306e24c79c120044ff9-SC25_Timetable_C_496_E_48_Cl_33_D_7_T_50.normalised	SC25_Timetable_C_496_E_48_Cl_33_D_7_T_50.normalised	timetable	15		rule63:^(SC2[135]_Timetable)
sat-comp-2025	95abe8aeebbe88fcb0503b13109593b3-reconf10_68_queen14_1	reconf10_68_queen14_1	reconf	5		sub:^reconf\d+_
sat-comp-2025	965bc4f6691b2e5f7388aaa9ba68f768-SCPC-500-5	SCPC-500-5	scpc	6		rule70:^SCPC-
sat-comp-2025	967b58fea99a99b8da592d3e2fe7139b-dubois50.cnf.mis-99.debugged	dubois50.cnf.mis-99.debugged	mis-debugged	5		sub:^(x2_64|marg6x6|ais8|dubois50|genurq7)
sat-comp-2025	96977e8e00a3728097861502a449e343-lockchart-group3-L13-K26-p4d3j1.normalised	lockchart-group3-L13-K26-p4d3j1.normalised	lockchart	12		rule71:^lockchart-
sat-comp-2025	96a472b1fd7bf855fbe44fc2d5e745ce-crusti_g2io_175_0.2_511_48.normalised	crusti_g2io_175_0.2_511_48.normalised	crusti-g2io	13		rule30:^crusti_g2io
sat-comp-2025	96dea3458b5470bd6db5704a0d1e9742-bv_ILA_Piccolo_JALR_sanity_transition	bv_ILA_Piccolo_JALR_sanity_transition	hwmc-step-transition	8		rule18:^(2018D_VexRiscv|veer_axi|x-epic|bv_ILA|nla-digbench)
sat-comp-2025	9754fc1acf450ee2ed2083a211cfa487-stb_792_333.apx_0	stb_792_333.apx_0	argumentation	32		rule31:(\.af(_\d+)?\.sanitized$|\.apx_|^af-synthesis|^stb_\d+|^st_\d+_)
sat-comp-2025	981c4e83c5dd3694af4c367958e0ee5f-tseitin_grid_n250_m250	tseitin_grid_n250_m250	tseitin	5		rule59:^tseitin_
sat-comp-2025	989ca6ab309ca52a6ff957b6896aa03e-16_16_booth_dadda_mapped_and_booth_wallace_mapped	16_16_booth_dadda_mapped_and_booth_wallace_mapped	multiplier-16x16	14		rule0:^16_16_
sat-comp-2025	98a9352230efc411c092f1dcdcdedcfc-bp4_BC012_IXA_LPI_FPBLE.normalised	bp4_BC012_IXA_LPI_FPBLE.normalised	bp	21		rule79:^bp[45]_
sat-comp-2025	98a991c902324b02349e766ad357cdc6-16_16_booth_dadda_origin_and_and_dadda_mapped_bit28	16_16_booth_dadda_origin_and_and_dadda_mapped_bit28	multiplier-16x16	14		rule0:^16_16_
sat-comp-2025	98e8aa2ace21d3362ef51524ad546764-bp4_TCO_CSO_IXA_LP_ZR.normalised	bp4_TCO_CSO_IXA_LP_ZR.normalised	bp	21		rule79:^bp[45]_
sat-comp-2025	99718c1729a8de3347a9946f1836421d-bivium-39-200-0s0-0xdcfb6ab71951500b8e460045bd45afee15c87e08b0072eb174-43	bivium-39-200-0s0-0xdcfb6ab71951500b8e460045bd45afee15c87e08b0072eb174-43	crypto-cipher	6		rule21:^(aes_equiv|post-cbmc-aes|bivium|grain-|hitag2)
sat-comp-2025	99bd0555ca704df05fcaf6f9b84c7eef-ramsey_3_7_24.normalised	ramsey_3_7_24.normalised	ramsey	6		rule33:^ramsey_
sat-comp-2025	9a839badecb20dcf505ec79eedd3753a-anbul-dated-5-15-u	anbul-dated-5-15-u	singletons	37		rule46:^(mrpp_|maximum_constrained_partition|size_5_5_5|MM-23|summle_|StConn_|two-trees|TT7F|w19-|E00X|ex095|p160_|os_fwalk|lru_|FmlaImplyChain|hhyp_cec|fastlec_cep|marijn-philips|soelberg_unit|anbul-dated|jgiraldezlevy|gto_p60|Ptn-|hid-uns-enc|crn_40|dislog_|goldb-heqc|UR-15|289-unsat|16_2$|001$|ACG-20|atco_enc|SocialGolfers|QuasiGroup|latin_square|fixedbandwidth)
sat-comp-2025	9af7646fc4a32c6f2744ddc0c4b654b7-brocard_problem_large	brocard_problem_large	brocard	1		rule37:^brocard_problem
sat-comp-2025	9af78578225115b54d5e7338562664fd-5.normalised	5.normalised	anon-normalised	13		rule84:^\d+\.normalised$
sat-comp-2025	9b5f767eb5c14eb888d51acf70e045c8-uniqinv40prop	uniqinv40prop	arith-xor-misc	4		rule12:^(minandmaxor|smulo|mod4block|uniqinv)
sat-comp-2025	9b998be0c639d06988c4902eb125c0b7-frb35-17-5_ext	frb35-17-5_ext	frb	2		sub:^frb\d+
sat-comp-2025	9d7caee59e9d362d132f1cd785de8a0b-ncc_none_21015_5_3_3_0_0_11	ncc_none_21015_5_3_3_0_0_11	ncc	3		sub:^ncc_none
sat-comp-2025	9da32436de386f3b4f8e6ec1db552349-HCP-529-420	HCP-529-420	hcp	3		rule57:^(HCP-|hcp_)
sat-comp-2025	9dcbf221b8d2bb01f30bcca283f3608d-EDP3-11000	EDP3-11000	edp	2		rule35:^EDP3-
sat-comp-2025	9dd565d002c343712eb5deda187e9034-sqrt-mitern169	sqrt-mitern169	div-sqrt-miter	8		rule5:^(div_miter|div-mitern|sqrt-mitern|DivS_)
sat-comp-2025	9ea8deb8313d93e60743638909f37d6c-Circuit_multiplier29	Circuit_multiplier29	circuit-multiplier	3		rule3:^Circuit_multiplier
sat-comp-2025	9f1cb42232335f84435126b5ae0fb701-SC25_Timetable_C_495_E_48_Cl_33_D_7_T_50.normalised	SC25_Timetable_C_495_E_48_Cl_33_D_7_T_50.normalised	timetable	15		rule63:^(SC2[135]_Timetable)
sat-comp-2025	9f38c92ba81c754103444edc15c1f44b-simon-r21-1.sanitized	simon-r21-1.sanitized	simon	6		sub:^simon-r\d+
sat-comp-2025	a09eb02bbaa7a0ae171123a782c2164d-RoundRobin_n18_d16	RoundRobin_n18_d16	roundrobin	12		rule67:^(MVRoundRobin|RoundRobin)
sat-comp-2025	a0bcdaffb0ea36b678899fd86bdc7f18-arles_thres10_p10_r8186	arles_thres10_p10_r8186	arles	14		sub:^arles_thres
sat-comp-2025	a1fdd60d2570f47fb14956ac9e96951f-oddball_22_5_ttf.normalised	oddball_22_5_ttf.normalised	oddball	21		sub:^oddball_
sat-comp-2025	a28f59752c160af22b6d04cb89ddf802-pj2008_k200	pj2008_k200	pj	6		rule74:^pj20\d\d_k
sat-comp-2025	a2ca167a8fdbf165f40b5d6dee94b040-58-134003	58-134003	anon-pair	9		rule88:^\d\d-\d{6}$
sat-comp-2025	a2fe3213d50b3bc297e3f7606c921128-mp1-blockpuzzle_9x9_s1_free9	mp1-blockpuzzle_9x9_s1_free9	mp1	12		rule77:^(mp1-|Nb54T6)
sat-comp-2025	a497d784c61c330f012dcd80d44dcd43-x9-06099.sat.sanitized	x9-06099.sat.sanitized	x9	6		sub:^x9-\d+\.sat
sat-comp-2025	a49ec44c8d9972cda278d48b6dbef09e-grs-32-128	grs-32-128	grs	6		sub:^grs-
sat-comp-2025	a70883771fd1c210d94a916d52510a3a-gm28sparrc	gm28sparrc	gm-sparrc	4		rule7:^gm\d+sp
sat-comp-2025	a7e7d0f855781da215aed50e523a821c-b22_1	b22_1	itc99	9		rule10:^b(14|15|17|18|19_1|20_1|21|22|22_1)$
sat-comp-2025	a8608545f9ae0462c7426e71a0e3e634-rbsat-v945c61409g3	rbsat-v945c61409g3	rbsat	3		sub:^rbsat-
sat-comp-2025	a932cd15aa770c7874b12476153b7df2-16_16_booth_dadda_origin_and_and_dadda_origin_bit29	16_16_booth_dadda_origin_and_and_dadda_origin_bit29	multiplier-16x16	14		rule0:^16_16_
sat-comp-2025	aa5585572cc045a3c2209b083635d598-st_815_74_9_2860.normalised	st_815_74_9_2860.normalised	argumentation	32		rule31:(\.af(_\d+)?\.sanitized$|\.apx_|^af-synthesis|^stb_\d+|^st_\d+_)
sat-comp-2025	ab02c7ef78bda1f427d5e3f1f26b1ae5-sum_of_three_cubes_906_known_representation	sum_of_three_cubes_906_known_representation	sum-of-cubes	4		rule36:^(sum_of_3_cubes|sum_of_three_cubes)
sat-comp-2025	abadaf0ee0e21ff1a4b0e294f13ab5ab-arles_thres10_p20_r4305	arles_thres10_p20_r4305	arles	14		sub:^arles_thres
sat-comp-2025	ac3887576c2ce781202b9fe0fdc31420-pj2008_k80	pj2008_k80	pj	6		rule74:^pj20\d\d_k
sat-comp-2025	ac51df6b340190cd1182c06ff2955afa-WS_500_16_90_70.apx_1_DC-ST	WS_500_16_90_70.apx_1_DC-ST	argumentation	32		rule31:(\.af(_\d+)?\.sanitized$|\.apx_|^af-synthesis|^stb_\d+|^st_\d+_)
sat-comp-2025	acc0bc3ef52aa228cc35c2d9bb3ae249-BubbleVsPancakeSort_8_6	BubbleVsPancakeSort_8_6	sort-equivalence	10		rule11:^(BubbleVsPancakeSort|PancakeVsSelectionSort)
sat-comp-2025	ad69e0a0880cd377e26260f7e4bc6d51-g2-T49.2.0	g2-T49.2.0	g2-t	5		rule16:^(g2-|T9\d\.2\.)
sat-comp-2025	ad9eb96bac59319fc2f7daffd1f961f8-AProVE07-21	AProVE07-21	aprove	3		rule75:^AProVE07
sat-comp-2025	ae9c53347ee8072745ed230992e164ee-16_16_and_wallace_origin_and_default_mapped_ultra_bit27	16_16_and_wallace_origin_and_default_mapped_ultra_bit27	multiplier-16x16	14		rule0:^16_16_
sat-comp-2025	affe8884c8c744ab2f07683ed1cf0d1a-SC25_Timetable_C_498_E_46_Cl_34_D_7_T_50.normalised	SC25_Timetable_C_498_E_46_Cl_34_D_7_T_50.normalised	timetable	15		rule63:^(SC2[135]_Timetable)
sat-comp-2025	b18b24418dd863c1d631698d7d45041f-div_miter_lec__2	div_miter_lec__2	div-sqrt-miter	8		rule5:^(div_miter|div-mitern|sqrt-mitern|DivS_)
sat-comp-2025	b1c8eaa002ac2fa1c8bfd1002738e78e-cliquecolouring_n15_k7_c6.sanitized	cliquecolouring_n15_k7_c6.sanitized	clique-coloring	6		rule55:^(clique_n|cliquecolo)
sat-comp-2025	b27017cae233481c679e3c3be6f00af8-SAT_dat.k100-24_1_rule_2	SAT_dat.k100-24_1_rule_2	sat-dat	1		rule29:^SAT_dat\.
sat-comp-2025	b361efe85442bd535849708e2b7ac639-b22	b22	itc99	9		rule10:^b(14|15|17|18|19_1|20_1|21|22|22_1)$
sat-comp-2025	b3d3680b3287a989ce61a6db1054efd2-case20.normalised	case20.normalised	case	14		rule80:^case\d+
sat-comp-2025	b5431f41e3264c64508c30da215c69c6-mod2c-rand3bip-sat-250-3.shuffled-as.sat05-2535	mod2c-rand3bip-sat-250-3.shuffled-as.sat05-2535	parity	6		rule61:^(or_randxor|par32-|mod2c?-rand3bip)
sat-comp-2025	b628043a07c5576dd6cd21c9d73a69e0-fixedbandwidth-eq-37_shuffled	fixedbandwidth-eq-37_shuffled	singletons	37		rule46:^(mrpp_|maximum_constrained_partition|size_5_5_5|MM-23|summle_|StConn_|two-trees|TT7F|w19-|E00X|ex095|p160_|os_fwalk|lru_|FmlaImplyChain|hhyp_cec|fastlec_cep|marijn-philips|soelberg_unit|anbul-dated|jgiraldezlevy|gto_p60|Ptn-|hid-uns-enc|crn_40|dislog_|goldb-heqc|UR-15|289-unsat|16_2$|001$|ACG-20|atco_enc|SocialGolfers|QuasiGroup|latin_square|fixedbandwidth)
sat-comp-2025	b64f7d56f1b369fac6a3bcb1efd784da-Kakuro-easy-126-ext.xml.hg_7	Kakuro-easy-126-ext.xml.hg_7	kakuro	4		rule42:^Kakuro-
sat-comp-2025	b655faa69774192a80d9e2a2bc602ce4-Kakuro-easy-115-ext.xml.hg_5	Kakuro-easy-115-ext.xml.hg_5	kakuro	4		rule42:^Kakuro-
sat-comp-2025	b99ba7e9113280393c64863dfbfa2c3b-lockchart-group3-L15-K29-p4d3j1.normalised	lockchart-group3-L15-K29-p4d3j1.normalised	lockchart	12		rule71:^lockchart-
sat-comp-2025	b9ed6fd14f4fc969ec966a4b54c36872-n320p5q2_n.apx_16	n320p5q2_n.apx_16	argumentation	32		rule31:(\.af(_\d+)?\.sanitized$|\.apx_|^af-synthesis|^stb_\d+|^st_\d+_)
sat-comp-2025	bc5a06872fa6dfc9acbc7f782f0a4439-ITC2021_Early_12.xml	ITC2021_Early_12.xml	itc2021	4		rule66:^ITC2021_
sat-comp-2025	be78afd2e0b3d1a955fc403b2d100d55-4.normalised	4.normalised	anon-normalised	13		rule84:^\d+\.normalised$
sat-comp-2025	bea83d274b1c57b2171b380e34fd645d-xor_op_n36_d3	xor_op_n36_d3	xor-op	4		rule60:^xor_op_
sat-comp-2025	c0074020a48535e6062421cea2850dd0-st_659_37_25_686.normalised	st_659_37_25_686.normalised	argumentation	32		rule31:(\.af(_\d+)?\.sanitized$|\.apx_|^af-synthesis|^stb_\d+|^st_\d+_)
sat-comp-2025	c033577c6f5f9a1545537518af964305-reconf10_73_queen13_2	reconf10_73_queen13_2	reconf	5		sub:^reconf\d+_
sat-comp-2025	c05d4d3ecd06a2e3942fea09159dd27b-MVRoundRobin_n16_d10_v2	MVRoundRobin_n16_d10_v2	roundrobin	12		rule67:^(MVRoundRobin|RoundRobin)
sat-comp-2025	c0bd86bd7ca2c65e44311de374168150-goldcrest-and-14	goldcrest-and-14	goldcrest	2		rule81:^goldcrest-and
sat-comp-2025	c0e828fb967fc4f0935cf06c6a6b1055-lec_mult_CvW_11x10.sanitized	lec_mult_CvW_11x10.sanitized	lec-mult	1		rule4:^lec_mult_
sat-comp-2025	c21096fa2f550785c33dc862d83bc941-case17.normalised	case17.normalised	case	14		rule80:^case\d+
sat-comp-2025	c569d4b2b2e90a1a70bd23a1169355ef-oddball_13_5_ttf.normalised	oddball_13_5_ttf.normalised	oddball	21		sub:^oddball_
sat-comp-2025	c6470503d1ff16cbafa18764b13d80ed-bp4_IXA_FPBEQ_ZR.normalised	bp4_IXA_FPBEQ_ZR.normalised	bp	21		rule79:^bp[45]_
sat-comp-2025	c7ee94464ba3b25e97fc9b38868b7154-SC25_Timetable_C_481_E_48_Cl_32_D_7_T_58.normalised	SC25_Timetable_C_481_E_48_Cl_32_D_7_T_58.normalised	timetable	15		rule63:^(SC2[135]_Timetable)
sat-comp-2025	c86b261162cef181dc513963a8acb77f-ITC2021_Middle_9.xml	ITC2021_Middle_9.xml	itc2021	4		rule66:^ITC2021_
sat-comp-2025	c8cde50f32ca3f78a4c74a173c63449b-bp5_CSO.normalised	bp5_CSO.normalised	bp	21	sat-comp-2026	rule79:^bp[45]_
sat-comp-2025	c8d21db50338d9d5743802bcae77a466-cliquecoloring_n14_k7_c6	cliquecoloring_n14_k7_c6	clique-coloring	6		rule55:^(clique_n|cliquecolo)
sat-comp-2025	ca3c65a863526793968fc30618a42709-case16.normalised	case16.normalised	case	14		rule80:^case\d+
sat-comp-2025	cabfdc91f644200767df9d480d2cc53e-oddball_17_5_ttf.normalised	oddball_17_5_ttf.normalised	oddball	21		sub:^oddball_
sat-comp-2025	cb66276897e4d1ff1368a4430598e11c-RoundRobin_n17_d13	RoundRobin_n17_d13	roundrobin	12		rule67:^(MVRoundRobin|RoundRobin)
sat-comp-2025	cb950b9accfb53eb98f77b0f995ac0ae-rphp5_050_shuffled	rphp5_050_shuffled	php	7		rule40:^(rphp5_|rphp_p|harder-fphp|php_sudoku)
sat-comp-2025	cbd0933002d6c4ea99ceb47bb0c3f4c9-em_11_3_4_cmp	em_11_3_4_cmp	em	3		rule51:^em_\d
sat-comp-2025	ccc66f699505f84d67d7b4eaa78e5bd5-VanDerWaerden_pd_2-3-23_505	VanDerWaerden_pd_2-3-23_505	vdw	15		rule32:^(VanDerWaerden|vdw_|vdwb_)
sat-comp-2025	cdd131110acc861a5a01fae6c4936c91-6g_6color_366_050_04	6g_6color_366_050_04	dimacs-coloring	11		rule56:^(6g_6color|color-19|le450_|fpsol2|inithx|mulsol|zeroin|miles1500|myciel)
sat-comp-2025	cdd89d1b9259dcf26d4a53ba94041e93-sted2_0x0_n219-342	sted2_0x0_n219-342	sted	4		sub:^sted\d
sat-comp-2025	cdf559a186b55457ce49516ec323e907-at-least-two-traffic_kkb_unknown	at-least-two-traffic_kkb_unknown	at-least-two	3		rule76:^at-least-two-
sat-comp-2025	d0298807e51730261ef65db827dcd70f-Break_triple_16_70.xml	Break_triple_16_70.xml	break-scheduling	7		rule68:^Break_
sat-comp-2025	d07b717548b8c9c1477dd7f4a650bdf7-544707209399nc.shuffled-as.sat03-1670	544707209399nc.shuffled-as.sat03-1670	sat03-nw	3		sub:^(2013113162201nw|544707209399n[cw])
sat-comp-2025	d1c28f29dc80ff82a3e32aa47fac8b41-arles_thres10_p10_r8175	arles_thres10_p10_r8175	arles	14		sub:^arles_thres
sat-comp-2025	d2af3fde615d7c4d4a4574fc8839970e-lockchart-group1-L190-K276-p8d4j1.normalised	lockchart-group1-L190-K276-p8d4j1.normalised	lockchart	12		rule71:^lockchart-
sat-comp-2025	d35dfc38e1681b48ebceb4113d205a23-16_2	16_2	singletons	37		rule46:^(mrpp_|maximum_constrained_partition|size_5_5_5|MM-23|summle_|StConn_|two-trees|TT7F|w19-|E00X|ex095|p160_|os_fwalk|lru_|FmlaImplyChain|hhyp_cec|fastlec_cep|marijn-philips|soelberg_unit|anbul-dated|jgiraldezlevy|gto_p60|Ptn-|hid-uns-enc|crn_40|dislog_|goldb-heqc|UR-15|289-unsat|16_2$|001$|ACG-20|atco_enc|SocialGolfers|QuasiGroup|latin_square|fixedbandwidth)
sat-comp-2025	d3e4e0f01836bb359725c6aa5072afce-bp4_BC012_AM_IXA_LPI.normalised	bp4_BC012_AM_IXA_LPI.normalised	bp	21		rule79:^bp[45]_
sat-comp-2025	d421913def55cb5f7302ffe9918cc153-snw_16_8_preOpt_pre	snw_16_8_preOpt_pre	snw	5		sub:^snw_
sat-comp-2025	d4256f750a8db53113c128b397722443-PancakeVsSelectionSort_6_6	PancakeVsSelectionSort_6_6	sort-equivalence	10		rule11:^(BubbleVsPancakeSort|PancakeVsSelectionSort)
sat-comp-2025	d5928883c1e1f70764a31a83aa419eaf-oski15a01b42s_opt	oski15a01b42s_opt	oski	13		rule14:^oski15
sat-comp-2025	d5b11b0b73eb4ecebdbf6ee8143da689-oisc-subrv-and-nested-11	oisc-subrv-and-nested-11	oisc	4		rule78:^oisc-subrv
sat-comp-2025	d672bdbca3b1fb26d585e78add79537e-velev-pipe-o-uns-1.1-6	velev-pipe-o-uns-1.1-6	velev-pipe	3		rule19:^(4pipe|velev-pipe)
sat-comp-2025	d6afa5689d75e37111656db8980dd54b-grs-160-48	grs-160-48	grs	6		sub:^grs-
sat-comp-2025	d839601ab519549e507de27b868fa48b-oski15a01b19s_opt	oski15a01b19s_opt	oski	13		rule14:^oski15
sat-comp-2025	d8666a18cf3a32af0a606099f0070b4b-7.normalised	7.normalised	anon-normalised	13		rule84:^\d+\.normalised$
sat-comp-2025	d88a8a62342be0ef04bd3b429f311352-bp4_BC012_CSO_IXA_LP.normalised	bp4_BC012_CSO_IXA_LP.normalised	bp	21		rule79:^bp[45]_
sat-comp-2025	d88c6afc13cdad0e2c8371a879692b39-battleship-13-13-unsat	battleship-13-13-unsat	battleship	2		rule44:^battleship-
sat-comp-2025	d89fc3e9c24e0383e940464f4704657e-SC25_Timetable_C_395_E_47_Cl_27_D_7_T_50.normalised	SC25_Timetable_C_395_E_47_Cl_27_D_7_T_50.normalised	timetable	15		rule63:^(SC2[135]_Timetable)
sat-comp-2025	d9320e4dbba0f8bd699085f61a98ff5c-mod4block_3vars_7gates	mod4block_3vars_7gates	arith-xor-misc	4		rule12:^(minandmaxor|smulo|mod4block|uniqinv)
sat-comp-2025	d971241ca861121371d20be1d61c15a3-arles_thres20_p10_r7532	arles_thres20_p10_r7532	arles	14		sub:^arles_thres
sat-comp-2025	d99fd10afec0eea1a41a429936bfef59-oski15a01b02s_opt	oski15a01b02s_opt	oski	13		rule14:^oski15
sat-comp-2025	dbb42e010bed2259e4e27bc43e4d86c6-lockchart-group3-L11-K23-p4d3j1.normalised	lockchart-group3-L11-K23-p4d3j1.normalised	lockchart	12		rule71:^lockchart-
sat-comp-2025	dbe12d6d2e341d7b4e4216142f29e170-bp4_BC012_CSO_AM_FPBEQ_FPBLE_ZR.normalised	bp4_BC012_CSO_AM_FPBEQ_FPBLE_ZR.normalised	bp	21		rule79:^bp[45]_
sat-comp-2025	ddc308b079b032211ac8e4ae136c2626-ncc_none_2_17_4_3_0_0_435991723	ncc_none_2_17_4_3_0_0_435991723	ncc	3		sub:^ncc_none
sat-comp-2025	ddf9620410e6a4351f64c745670ef5d4-oddball_57_5_tto_zp.normalised	oddball_57_5_tto_zp.normalised	oddball	21		sub:^oddball_
sat-comp-2025	de8988028668791f35a7b9f94353b5b9-sudoku-N30-16	sudoku-N30-16	sudoku	7		rule41:^(sudoku-N30|puzzle32)
sat-comp-2025	de8c42d50f1dbf43a731f1916dc6bf01-16_16_booth_dadda_mapped_and_and_wallace_origin_bit28	16_16_booth_dadda_mapped_and_and_wallace_origin_bit28	multiplier-16x16	14	sat-comp-2026	rule0:^16_16_
sat-comp-2025	df813fe752353c2cc3b9040865aecfe4-veer_axi_yosyshq_appnote_123_veer_axi-p06_transition	veer_axi_yosyshq_appnote_123_veer_axi-p06_transition	hwmc-step-transition	8		rule18:^(2018D_VexRiscv|veer_axi|x-epic|bv_ILA|nla-digbench)
sat-comp-2025	dff4ea0af62900ab4d404f3bf7649a4d-nla-digbench-scaling_dijkstra-u_valuebound1_step	nla-digbench-scaling_dijkstra-u_valuebound1_step	hwmc-step-transition	8		rule18:^(2018D_VexRiscv|veer_axi|x-epic|bv_ILA|nla-digbench)
sat-comp-2025	e12874b16df577b301608d03731595d8-rphp5_085_shuffled	rphp5_085_shuffled	php	7		rule40:^(rphp5_|rphp_p|harder-fphp|php_sudoku)
sat-comp-2025	e207ba2df64495327f715e08155a220f-fermat-834855329100173267	fermat-834855329100173267	factoring	5		rule23:^(factorize-|toughsat_|fermat-)
sat-comp-2025	e23edb67db2d1dfdbfe2f4c02d09c6c7-14.normalised	14.normalised	anon-normalised	13		rule84:^\d+\.normalised$
sat-comp-2025	e2d2b011b0805782df6adba648db92e8-59-129706	59-129706	anon-pair	9		rule88:^\d\d-\d{6}$
sat-comp-2025	e318e2ac78b473091c3c2197afd7fc98-544707209399nw.shuffled-as.sat03-1671	544707209399nw.shuffled-as.sat03-1671	sat03-nw	3		sub:^(2013113162201nw|544707209399n[cw])
sat-comp-2025	e3bd4a397f34a99c47d1b2e0e9abcd43-crusti_g2io_250_0.2_255_43.normalised	crusti_g2io_250_0.2_255_43.normalised	crusti-g2io	13		rule30:^crusti_g2io
sat-comp-2025	e430acf720b63044e5c825a00a76b0eb-rphp_p25_r25	rphp_p25_r25	php	7	sat-comp-2026	rule40:^(rphp5_|rphp_p|harder-fphp|php_sudoku)
sat-comp-2025	e442248e155eb81a811edd1deca8a2cd-sudoku-N30-23	sudoku-N30-23	sudoku	7		rule41:^(sudoku-N30|puzzle32)
sat-comp-2025	e4ac15cf2373fe0a3601065225178916-2013113162201nw.shuffled-as.sat03-1668	2013113162201nw.shuffled-as.sat03-1668	sat03-nw	3		sub:^(2013113162201nw|544707209399n[cw])
sat-comp-2025	e707c7e87816dd02ae433d268bd327c6-Break_triple_14_48.xml	Break_triple_14_48.xml	break-scheduling	7		rule68:^Break_
sat-comp-2025	e7addace716ccd5c16ff9a5650869465-mp1-klieber2017s-0300-032-t12	mp1-klieber2017s-0300-032-t12	mp1	12		rule77:^(mp1-|Nb54T6)
sat-comp-2025	e7ee736cb1d140b3f70c6f519097aa32-circuit_32in32out_with_64gates_7in7out_dist128_seed2.sanitized	circuit_32in32out_with_64gates_7in7out_dist128_seed2.sanitized	circuit-gates	2		rule8:^circuit_\d+in\d+out
sat-comp-2025	e9f6eb5654365bb115e6d96405ea9a76-crusti_g2io_250_0.2_255_12.normalised	crusti_g2io_250_0.2_255_12.normalised	crusti-g2io	13		rule30:^crusti_g2io
sat-comp-2025	ea37a677b357328c1641ef2f6087bf66-clqcl_30_9_8.normalised	clqcl_30_9_8.normalised	clqcl	8		rule54:^clqcl_
sat-comp-2025	ea40162dda3f9b923b6160854cf7f75a-sudoku-N30-15	sudoku-N30-15	sudoku	7		rule41:^(sudoku-N30|puzzle32)
sat-comp-2025	ebbda8d90dfd9b6500bf932f952907a6-2018D_VexRiscv-regch0-20-p1_step	2018D_VexRiscv-regch0-20-p1_step	hwmc-step-transition	8		rule18:^(2018D_VexRiscv|veer_axi|x-epic|bv_ILA|nla-digbench)
sat-comp-2025	ed6d842f96d10f3400bce251f9e95bfb-battleship-16-31-sat	battleship-16-31-sat	battleship	2		rule44:^battleship-
sat-comp-2025	ed9f304b537a768f462bd1c723c5396e-ITC2021_Early_9.xml	ITC2021_Early_9.xml	itc2021	4		rule66:^ITC2021_
sat-comp-2025	ee5fb3e181571740adb8444bd052dbdc-11.normalised	11.normalised	anon-normalised	13		rule84:^\d+\.normalised$
sat-comp-2025	efc1b7cc3861df8c2b68ca10399b794e-oddball_19_4_ttf.normalised	oddball_19_4_ttf.normalised	oddball	21		sub:^oddball_
sat-comp-2025	f0753a43fd48018b408d64ea68a4a924-Nb54T6	Nb54T6	mp1	12		rule77:^(mp1-|Nb54T6)
sat-comp-2025	f0bafebdcce23ccfbaf6c27a7522069b-div-mitern172	div-mitern172	div-sqrt-miter	8		rule5:^(div_miter|div-mitern|sqrt-mitern|DivS_)
sat-comp-2025	f17dfbed8c18716a41b231702e127524-SC25_Timetable_C_406_E_45_Cl_26_D_7_T_50.normalised	SC25_Timetable_C_406_E_45_Cl_26_D_7_T_50.normalised	timetable	15		rule63:^(SC2[135]_Timetable)
sat-comp-2025	f1973c0a4e960a914ff12aa7e4e9293c-lockchart-group2-rnd0.3-L19-K38-P8D4J1_4	lockchart-group2-rnd0.3-L19-K38-P8D4J1_4	lockchart	12		rule71:^lockchart-
sat-comp-2025	f1cd694d42891a20c96a65ee1c321edc-oddball_24_4_ttf.normalised	oddball_24_4_ttf.normalised	oddball	21		sub:^oddball_
sat-comp-2025	f25a1df88f89c6bcbe2602fa7f6e816b-1-TC-256-K-63.sanitized	1-TC-256-K-63.sanitized	et-tc	4		sub:^1-(ET|TC)-
sat-comp-2025	f32bb347996c351bc3e9a91c58e8601d-DLTM_twitter774_83_17	DLTM_twitter774_83_17	dltm	3		sub:^DLTM_twitter
sat-comp-2025	f33a6163305d6559043b7438a692dea9-simon-r17-1.sanitized	simon-r17-1.sanitized	simon	6		sub:^simon-r\d+
sat-comp-2025	f371fb73e6bd6d05b306519818bd5c89-WS_500_16_90_70.apx_1_DS-ST	WS_500_16_90_70.apx_1_DS-ST	argumentation	32		rule31:(\.af(_\d+)?\.sanitized$|\.apx_|^af-synthesis|^stb_\d+|^st_\d+_)
sat-comp-2025	f37757b26c83935780be4f814f8ea401-bp4_TCO_IXA_FPBLE_ZR.normalised	bp4_TCO_IXA_FPBLE_ZR.normalised	bp	21		rule79:^bp[45]_
sat-comp-2025	f3abc375afaf48c7eae21500b773bd21-tseitin_grid_n400_m400	tseitin_grid_n400_m400	tseitin	5		rule59:^tseitin_
sat-comp-2025	f406e2b8b28f205f16e8983bd522db13-oddball_112_5_ttf.normalised	oddball_112_5_ttf.normalised	oddball	21		sub:^oddball_
sat-comp-2025	f4ca5fca83e870d2ed56f2b00b074ed4-TT7F-33-24B	TT7F-33-24B	singletons	37		rule46:^(mrpp_|maximum_constrained_partition|size_5_5_5|MM-23|summle_|StConn_|two-trees|TT7F|w19-|E00X|ex095|p160_|os_fwalk|lru_|FmlaImplyChain|hhyp_cec|fastlec_cep|marijn-philips|soelberg_unit|anbul-dated|jgiraldezlevy|gto_p60|Ptn-|hid-uns-enc|crn_40|dislog_|goldb-heqc|UR-15|289-unsat|16_2$|001$|ACG-20|atco_enc|SocialGolfers|QuasiGroup|latin_square|fixedbandwidth)
sat-comp-2025	f569dc48ad062a3110ff08a8d59e59ab-crusti_g2io_200_0.1_127_19.normalised	crusti_g2io_200_0.1_127_19.normalised	crusti-g2io	13		rule30:^crusti_g2io
sat-comp-2025	f5c12b1eb9c49e994abb238576a9372b-bp4_BC012_CSO_IXA_LP_FPBLE.normalised	bp4_BC012_CSO_IXA_LP_FPBLE.normalised	bp	21		rule79:^bp[45]_
sat-comp-2025	f626408ec204fd8e1a7924d0e59672e9-oski15a01b41s_opt	oski15a01b41s_opt	oski	13		rule14:^oski15
sat-comp-2025	f6a085f3c728e53f57542e62df20e56b-crafted_n10_d6_c4_num8	crafted_n10_d6_c4_num8	crafted-n	2		rule49:^crafted_n
sat-comp-2025	f6f91f6a44c3953b788c026cbbaa4e91-arles_thres10_p20_r4514	arles_thres10_p20_r4514	arles	14		sub:^arles_thres
sat-comp-2025	fab2022deb130fe3ad1136a5c71b4109-case9	case9	case	14		rule80:^case\d+
sat-comp-2025	fae6cf26f3da1e7d8fc4926a9ca86b61-SC25_Timetable_C_495_E_50_Cl_33_D_7_T_50.normalised	SC25_Timetable_C_495_E_50_Cl_33_D_7_T_50.normalised	timetable	15		rule63:^(SC2[135]_Timetable)
sat-comp-2025	fbdca334e6985cd2de8718b60695b5f6-gm16sparrc	gm16sparrc	gm-sparrc	4		rule7:^gm\d+sp
sat-comp-2025	fc67d414ea20a0ffffc087d7577af2fe-sudoku-N30-28	sudoku-N30-28	sudoku	7		rule41:^(sudoku-N30|puzzle32)
sat-comp-2025	fcc4c4522c54db2f1cee86fe0fff5f4a-x-epic_a19-p16_step	x-epic_a19-p16_step	hwmc-step-transition	8		rule18:^(2018D_VexRiscv|veer_axi|x-epic|bv_ILA|nla-digbench)
sat-comp-2025	fdc4dd704e4d93a50fafb1debd8a6789-bp4_CB_LP_FPBLE.normalised	bp4_CB_LP_FPBLE.normalised	bp	21		rule79:^bp[45]_
sat-comp-2025	fdefca5f5236d5a8361dbdff0d017eeb-oddball_29_4_ttf.normalised	oddball_29_4_ttf.normalised	oddball	21		sub:^oddball_
sat-comp-2025	fe851239cedd4197c5390cee55fee723-grs-256-64	grs-256-64	grs	6		sub:^grs-
sat-comp-2025	fe9b9a35531e13dab41307e569386dab-lockchart-group1-L220-K317-p8d4j1.normalised	lockchart-group1-L220-K317-p8d4j1.normalised	lockchart	12		rule71:^lockchart-
sat-comp-2025	fea0f926e766ccba7c7dc261084ecbd0-16_16_default_mapped_ultra_and_and_dadda_mapped_bit28	16_16_default_mapped_ultra_and_and_dadda_mapped_bit28	multiplier-16x16	14		rule0:^16_16_
sat-comp-2026	011984fd82d62d609e776fbf5de75440-arles_thres20_p10_r7533	arles_thres20_p10_r7533	arles	14		sub:^arles_thres
sat-comp-2026	01d6fa8efd18ebfecd06af408958477b-lightsout_sat_25_unbounded_direct_planted250_4_sat.sanitized	lightsout_sat_25_unbounded_direct_planted250_4_sat.sanitized	lightsout	7		rule43:^lightsout_
sat-comp-2026	02a46668243d6dabab4cf74d3811f6b6-1x1x13_1x3x6_pair_4_2_0_2_5_0.sanitized	1x1x13_1x3x6_pair_4_2_0_2_5_0.sanitized	pair-packing	16		rule45:^(1x1x1[34]_1x[23]x[69]_pair_)
sat-comp-2026	0359596347daa117da50950748bc06d1-j3037_9_rggt_bm1	j3037_9_rggt_bm1	rggt	2		sub:^j30\d\d_\d_rggt
sat-comp-2026	03e49a528251af9a7b7e1ca03c33b162-schooltt-5-5-8-2-4-5-10-0.1-0.2-seed2.sanitized	schooltt-5-5-8-2-4-5-10-0.1-0.2-seed2.sanitized	schooltt	12		rule64:^schooltt-
sat-comp-2026	042cdc726a92bf0a2195b3b426f35bce-reconf20_50_grid10_1_6141	reconf20_50_grid10_1_6141	reconf	5		sub:^reconf\d+_
sat-comp-2026	043c91001968a1fbd1ef419540fcb396-miles1500.72.sanitized	miles1500.72.sanitized	dimacs-coloring	11		rule56:^(6g_6color|color-19|le450_|fpsol2|inithx|mulsol|zeroin|miles1500|myciel)
sat-comp-2026	04d0ae28e10d4a35ebab62f42f0200e8-168.smt2	168.smt2	smt2	4		rule26:\.smt2
sat-comp-2026	0757e47d262b75171c0040987e6d20ce-vdwb_k6_n400.sanitized	vdwb_k6_n400.sanitized	vdw	15		rule32:^(VanDerWaerden|vdw_|vdwb_)
sat-comp-2026	07df5e6f674201e2bf31bcaa8866ba75-cabp-V-nos6.mtx.rnd-k331.sanitized	cabp-V-nos6.mtx.rnd-k331.sanitized	bandwidth-mtx	17		sub:^(abw-K-|cabp-)
sat-comp-2026	08cf53ca00dce11f5bfc02121c9bcd33-GreenTao_2-3-5_528	GreenTao_2-3-5_528	greentao	3		rule34:^GreenTao
sat-comp-2026	0922feab75c35d04d9b8df69013a6df0-toughsat_22bits_0	toughsat_22bits_0	factoring	5		rule23:^(factorize-|toughsat_|fermat-)
sat-comp-2026	09637d3bd641b4d733666a862e8918ea-mrpp_8x8_20_14	mrpp_8x8_20_14	singletons	37		rule46:^(mrpp_|maximum_constrained_partition|size_5_5_5|MM-23|summle_|StConn_|two-trees|TT7F|w19-|E00X|ex095|p160_|os_fwalk|lru_|FmlaImplyChain|hhyp_cec|fastlec_cep|marijn-philips|soelberg_unit|anbul-dated|jgiraldezlevy|gto_p60|Ptn-|hid-uns-enc|crn_40|dislog_|goldb-heqc|UR-15|289-unsat|16_2$|001$|ACG-20|atco_enc|SocialGolfers|QuasiGroup|latin_square|fixedbandwidth)
sat-comp-2026	09e0775d2b51c49ec1ec4d214ee7c8c8-ntil-90d-37.sanitized	ntil-90d-37.sanitized	ntil	16		rule73:^ntil-90d
sat-comp-2026	0aea4286a11d91ee8fa356d5db046373-gus-md5-08	gus-md5-08	crypto-hash	5		rule22:^(gus-md5|sha1__|preimage_|asconhash)
sat-comp-2026	0be1e12a8e7282d1a4e389bb90f6dbc7-or_randxor_k3_n600_m600	or_randxor_k3_n600_m600	parity	6		rule61:^(or_randxor|par32-|mod2c?-rand3bip)
sat-comp-2026	0c9da400944b002f90fd385d4fdab385-DivS_568_11.cnf.sanitized	DivS_568_11.cnf.sanitized	div-sqrt-miter	8		rule5:^(div_miter|div-mitern|sqrt-mitern|DivS_)
sat-comp-2026	0cab9100cdd8505069301d658d085899-AProVE07-01	AProVE07-01	aprove	3		rule75:^AProVE07
sat-comp-2026	0d082b8fa36f662217bee5524cd24d3a-mexam_23_20_2.sanitized	mexam_23_20_2.sanitized	exam-timetabling	12		rule65:^(exam_|mexam_)
sat-comp-2026	0d0fabe0fbca67a8740ebe8b8621d465-as-p147-l51-o0-rot-rfl-68-i.sanitized	as-p147-l51-o0-rot-rfl-68-i.sanitized	as-p	16		sub:^as-p\d+-l\d+
sat-comp-2026	0e06895600b5cd0b6fadb87e17bf8145-ntil-90d-39.sanitized	ntil-90d-39.sanitized	ntil	16		rule73:^ntil-90d
sat-comp-2026	0ec6bf97a96b9840ae84f1d1da4c4dcd-count_p3_M19.sanitized	count_p3_M19.sanitized	count	6		rule48:^count_p
sat-comp-2026	0efcbd10294eb001b16b4d126923372f-lightsout_sat_23_unbounded_direct_random50_2_unsat.sanitized	lightsout_sat_23_unbounded_direct_random50_2_unsat.sanitized	lightsout	7		rule43:^lightsout_
sat-comp-2026	0f1070ba60b55aa62d3a98798a14700e-mulsol.i.2.30.sanitized	mulsol.i.2.30.sanitized	dimacs-coloring	11		rule56:^(6g_6color|color-19|le450_|fpsol2|inithx|mulsol|zeroin|miles1500|myciel)
sat-comp-2026	117b99ffa16d21cb4ccb1c66829b0c7e-adv_gc_n50_k14_UNSAT_s42.sanitized	adv_gc_n50_k14_UNSAT_s42.sanitized	adv-gc	12		rule53:^adv_gc_
sat-comp-2026	1236c1406a2749b8022b5196e93de589-ntil-90d-33.sanitized	ntil-90d-33.sanitized	ntil	16		rule73:^ntil-90d
sat-comp-2026	123c397f55eeae78c45e8d973b8e9dce-rpoc_xits_09_UNSAT	rpoc_xits_09_UNSAT	xits-miters	3		rule15:^(hwmcc17miters|rpoc_xits)
sat-comp-2026	12535b3264a9c88bac14522171b497ef-sbdp4_138.sanitized	sbdp4_138.sanitized	sbdp	6		rule47:^sbdp4_
sat-comp-2026	129162378e8ad29b5485a9c53feee4b7-hantzsche_wendt_unit_93	hantzsche_wendt_unit_93	hantzsche-wendt	1		rule38:^hantzsche_wendt
sat-comp-2026	12ac1c71ff0405cc150c2a2db6c4a255-exam_75_65.sanitized	exam_75_65.sanitized	exam-timetabling	12		rule65:^(exam_|mexam_)
sat-comp-2026	12cd0c3196589ac8105653cbfe613fc6-4pipe	4pipe	velev-pipe	3		rule19:^(4pipe|velev-pipe)
sat-comp-2026	1397d1d4d8d831069a2cdf911321da07-adv_gc_n300_k10_UNSAT_s42.sanitized	adv_gc_n300_k10_UNSAT_s42.sanitized	adv-gc	12		rule53:^adv_gc_
sat-comp-2026	147ae051ca727d5b2af87223b2299fbe-1x1x13_1x3x6_pair_0_0_0_2_2_1.sanitized	1x1x13_1x3x6_pair_0_0_0_2_2_1.sanitized	pair-packing	16		rule45:^(1x1x1[34]_1x[23]x[69]_pair_)
sat-comp-2026	15456f0d13b26f0b4b21525ef7d0d711-clique_n5_k10.sanitized	clique_n5_k10.sanitized	clique-coloring	6		rule55:^(clique_n|cliquecolo)
sat-comp-2026	15e666a42158e3304fc3979de28a5e44-adv_gc_n200_k12_UNSAT_s42.sanitized	adv_gc_n200_k12_UNSAT_s42.sanitized	adv-gc	12		rule53:^adv_gc_
sat-comp-2026	166e1e5a9f63fcf94ddae8533fa2a090-mp1-squ_any_s09x07_c27_abix_UNS	mp1-squ_any_s09x07_c27_abix_UNS	mp1	12		rule77:^(mp1-|Nb54T6)
sat-comp-2026	1680176921bab3f01c4f7c33791c8c23-schooltt-5-5-9-2-4-5-10-0.1-0.2-seed2.sanitized	schooltt-5-5-9-2-4-5-10-0.1-0.2-seed2.sanitized	schooltt	12		rule64:^schooltt-
sat-comp-2026	16ca57f2cdffd5b0260fc771017e1f04-mdp-36-10-unsat	mdp-36-10-unsat	mdp	4		sub:^mdp-\d+
sat-comp-2026	16f8b291c8cdedb5ca7210fa0eeb34d9-zeroin.i.3.29.sanitized	zeroin.i.3.29.sanitized	dimacs-coloring	11		rule56:^(6g_6color|color-19|le450_|fpsol2|inithx|mulsol|zeroin|miles1500|myciel)
sat-comp-2026	1707c4c24e66b2cfe6c03955b638bebf-xorshift_r16_119.sanitized	xorshift_r16_119.sanitized	xorshift	11		rule58:^xorshift_
sat-comp-2026	180e6d8b61fe6bab26126b78591e324e-baseballcover11with22_and2positions	baseballcover11with22_and2positions	baseballcover	3		rule72:^baseballcover
sat-comp-2026	1890f49a43a94b97828528b68c32b78e-homer11.shuffled	homer11.shuffled	homer	4	sat-comp-2025	sub:^homer\d+
sat-comp-2026	1a3bef9e03bab1ed4e9e34506d72a451-le450_25b.col.25	le450_25b.col.25	dimacs-coloring	11		rule56:^(6g_6color|color-19|le450_|fpsol2|inithx|mulsol|zeroin|miles1500|myciel)
sat-comp-2026	1b9c308123cb2b48d1894fc6d1848f1e-cabp-M-bcsstk06.mtx.rnd-k33.sanitized	cabp-M-bcsstk06.mtx.rnd-k33.sanitized	bandwidth-mtx	17		sub:^(abw-K-|cabp-)
sat-comp-2026	1bb9fe12b4fb50e98903ee87a51d6472-goldb-heqc-k2mul	goldb-heqc-k2mul	singletons	37		rule46:^(mrpp_|maximum_constrained_partition|size_5_5_5|MM-23|summle_|StConn_|two-trees|TT7F|w19-|E00X|ex095|p160_|os_fwalk|lru_|FmlaImplyChain|hhyp_cec|fastlec_cep|marijn-philips|soelberg_unit|anbul-dated|jgiraldezlevy|gto_p60|Ptn-|hid-uns-enc|crn_40|dislog_|goldb-heqc|UR-15|289-unsat|16_2$|001$|ACG-20|atco_enc|SocialGolfers|QuasiGroup|latin_square|fixedbandwidth)
sat-comp-2026	1c0fe2ac410f3942e374ea72ec005d76-SDP_120_17_1675.sanitized	SDP_120_17_1675.sanitized	sdp	12		sub:^SDP_
sat-comp-2026	1eea3d913d346b900252d77fc0cb25c8-par32-4.shuffled	par32-4.shuffled	parity	6		rule61:^(or_randxor|par32-|mod2c?-rand3bip)
sat-comp-2026	1f81f7e009f501014cb23a8c2d41836f-ACG-20-10p1	ACG-20-10p1	singletons	37		rule46:^(mrpp_|maximum_constrained_partition|size_5_5_5|MM-23|summle_|StConn_|two-trees|TT7F|w19-|E00X|ex095|p160_|os_fwalk|lru_|FmlaImplyChain|hhyp_cec|fastlec_cep|marijn-philips|soelberg_unit|anbul-dated|jgiraldezlevy|gto_p60|Ptn-|hid-uns-enc|crn_40|dislog_|goldb-heqc|UR-15|289-unsat|16_2$|001$|ACG-20|atco_enc|SocialGolfers|QuasiGroup|latin_square|fixedbandwidth)
sat-comp-2026	1fac905143027e3bf0932c09f427aa15-adv_gc_n100_k10_UNSAT_s42.sanitized	adv_gc_n100_k10_UNSAT_s42.sanitized	adv-gc	12		rule53:^adv_gc_
sat-comp-2026	1fb646d2657b6dd5f0106dbec9fd6c27-chnl-040x041.sanitized	chnl-040x041.sanitized	chnl	6		rule52:^chnl-
sat-comp-2026	2027301e88cb029e4b47b747da8a180a-chnl-050x051.sanitized	chnl-050x051.sanitized	chnl	6		rule52:^chnl-
sat-comp-2026	20ae1404784ed226a1e3e4c9b2d61a41-bwoadm_28_5.sanitized	bwoadm_28_5.sanitized	mult-miter	12		rule1:^(bd|bw|do)[a-z]*_\d+_\d+\.sanitized$
sat-comp-2026	211b0708454f7901054f5f92f525972e-sbdp4_65.sanitized	sbdp4_65.sanitized	sbdp	6		rule47:^sbdp4_
sat-comp-2026	218f0eccbff400e06c9736bd759c1d3a-scc_9630_26_0.3_0.1_17.af_76.sanitized	scc_9630_26_0.3_0.1_17.af_76.sanitized	argumentation	32		rule31:(\.af(_\d+)?\.sanitized$|\.apx_|^af-synthesis|^stb_\d+|^st_\d+_)
sat-comp-2026	22465e251284b8f3e48bf9a06a94855c-as-p81-l27-o6-rot-568.sanitized	as-p81-l27-o6-rot-568.sanitized	as-p	16		sub:^as-p\d+-l\d+
sat-comp-2026	22c8d6aa86d51e15ef5ab37479eda22b-xor_op_n40_d3	xor_op_n40_d3	xor-op	4	sat-comp-2025	rule60:^xor_op_
sat-comp-2026	231f3a169120d3cda9f8feea88a20d85-xorshift_r14_42.sanitized	xorshift_r14_42.sanitized	xorshift	11		rule58:^xorshift_
sat-comp-2026	23daec2c71ce3c1e346e6042f3dc42eb-mdp-32-14-unsat	mdp-32-14-unsat	mdp	4		sub:^mdp-\d+
sat-comp-2026	247e42e46495f1c4b8707e497af8c93e-16.sanitized	16.sanitized	anon-sanitized	12		rule86:^\d+\.sanitized$
sat-comp-2026	2563ea83d8508d635cc034d80014cd72-1x1x13_1x3x6_pair_2_1_1_4_2_0.sanitized	1x1x13_1x3x6_pair_2_1_1_4_2_0.sanitized	pair-packing	16		rule45:^(1x1x1[34]_1x[23]x[69]_pair_)
sat-comp-2026	262a226a47330987f038128579967405-ais8.cnf.mis-97.debugged	ais8.cnf.mis-97.debugged	mis-debugged	5		sub:^(x2_64|marg6x6|ais8|dubois50|genurq7)
sat-comp-2026	266e890b706cf336378bf148bbda1aff-mexam_15_12_2.sanitized	mexam_15_12_2.sanitized	exam-timetabling	12		rule65:^(exam_|mexam_)
sat-comp-2026	27495ba0093076d2e39a9b218e521ee2-sbdp4_61_2.sanitized	sbdp4_61_2.sanitized	sbdp	6		rule47:^sbdp4_
sat-comp-2026	276c46723eeb15ec37be224fbbd67574-sha1__zeroOut_18__freeIn_22__seed_0	sha1__zeroOut_18__freeIn_22__seed_0	crypto-hash	5		rule22:^(gus-md5|sha1__|preimage_|asconhash)
sat-comp-2026	284dec9d0d0404c8b80d8bd8064e4c68-gensys-ukn004.shuffled-as.sat05-3844	gensys-ukn004.shuffled-as.sat05-3844	gensys	2		sub:^(gensys-ukn|QG7-gensys)
sat-comp-2026	28dcc4119e1bbb5fbd3fdd8f4140f28d-lightsout_sat_25_unbounded_totalizer_planted150_3_sat.sanitized	lightsout_sat_25_unbounded_totalizer_planted150_3_sat.sanitized	lightsout	7		rule43:^lightsout_
sat-comp-2026	29a27e97790bda6c34808f631dd0418e-linvrinv5.shuffled-as.sat05-564	linvrinv5.shuffled-as.sat05-564	linvrinv	1		sub:^linvrinv5
sat-comp-2026	2a38c5d48846ee1c35c4c40938082a16-sbdp4_138_2.sanitized	sbdp4_138_2.sanitized	sbdp	6		rule47:^sbdp4_
sat-comp-2026	2ae678a4f0b8097615160a440efbe08e-as-p111-l36-o3-rot-II-5680-i.sanitized	as-p111-l36-o3-rot-II-5680-i.sanitized	as-p	16		sub:^as-p\d+-l\d+
sat-comp-2026	2b35377a7b95f24449a3b607b61fff05-bench_1277.smt2	bench_1277.smt2	smt2	4		rule26:\.smt2
sat-comp-2026	2b7e863462991fd008f9898eca63ebf4-SC23_Timetable_C_481_E_50_Cl_32_D_6_T_50	SC23_Timetable_C_481_E_50_Cl_32_D_6_T_50	timetable	15		rule63:^(SC2[135]_Timetable)
sat-comp-2026	2b8cac8e1f5cad04696004e7fbf5cf2e-ntil-90d-34.sanitized	ntil-90d-34.sanitized	ntil	16		rule73:^ntil-90d
sat-comp-2026	2bb63853a9b8b9b9327a142210a9f437-Medium-result_b30.af_61.sanitized	Medium-result_b30.af_61.sanitized	argumentation	32		rule31:(\.af(_\d+)?\.sanitized$|\.apx_|^af-synthesis|^stb_\d+|^st_\d+_)
sat-comp-2026	2bbc3327d89b59591b89b5d5a486f037-001	001	singletons	37		rule46:^(mrpp_|maximum_constrained_partition|size_5_5_5|MM-23|summle_|StConn_|two-trees|TT7F|w19-|E00X|ex095|p160_|os_fwalk|lru_|FmlaImplyChain|hhyp_cec|fastlec_cep|marijn-philips|soelberg_unit|anbul-dated|jgiraldezlevy|gto_p60|Ptn-|hid-uns-enc|crn_40|dislog_|goldb-heqc|UR-15|289-unsat|16_2$|001$|ACG-20|atco_enc|SocialGolfers|QuasiGroup|latin_square|fixedbandwidth)
sat-comp-2026	2c4491c50d4df86e7c1838083cedc703-1x1x14_1x2x9_pair_4_3_0_2_3_1.sanitized	1x1x14_1x2x9_pair_4_3_0_2_3_1.sanitized	pair-packing	16		rule45:^(1x1x1[34]_1x[23]x[69]_pair_)
sat-comp-2026	2c458ef30d7b670f143d6c6e175e3ee9-oddball_70_5_tto_zp.normalised	oddball_70_5_tto_zp.normalised	oddball	21		sub:^oddball_
sat-comp-2026	2ca47af4ab7a817725138b8b66e9af7f-st_540_25_12_12_9.af.sanitized	st_540_25_12_12_9.af.sanitized	argumentation	32		rule31:(\.af(_\d+)?\.sanitized$|\.apx_|^af-synthesis|^stb_\d+|^st_\d+_)
sat-comp-2026	2d261a19d2754d92da3ddff04fda23c8-ntil-90d-44.sanitized	ntil-90d-44.sanitized	ntil	16		rule73:^ntil-90d
sat-comp-2026	2d89fda1bd6a761ca5e2f4bb89202681-2.sanitized	2.sanitized	anon-sanitized	12		rule86:^\d+\.sanitized$
sat-comp-2026	2fcd8533eba981967292f1b6e41f7433-simon-r20-0.sanitized	simon-r20-0.sanitized	simon	6		sub:^simon-r\d+
sat-comp-2026	3005623c4df6f5056a41a26d0f173e70-DLTM_twitter634_77_13	DLTM_twitter634_77_13	dltm	3		sub:^DLTM_twitter
sat-comp-2026	306a29e966fa6293d407bc7ebbc3ecb1-lattice-25.24.sanitized	lattice-25.24.sanitized	lattice	2		rule82:^lattice-
sat-comp-2026	30c6fa5c4f5910029b782b712844c93a-6.sanitized	6.sanitized	anon-sanitized	12		rule86:^\d+\.sanitized$
sat-comp-2026	30e8b47741a4104c01eeea1d00bbce9e-aes_equiv_encry_3_rounds.debugged	aes_equiv_encry_3_rounds.debugged	crypto-cipher	6		rule21:^(aes_equiv|post-cbmc-aes|bivium|grain-|hitag2)
sat-comp-2026	31fa00368fc99b15c33c04eb6b257deb-cabp-P-can__445.mtx.rnd-k96.sanitized	cabp-P-can__445.mtx.rnd-k96.sanitized	bandwidth-mtx	17		sub:^(abw-K-|cabp-)
sat-comp-2026	324b2441c6f1fa9d5f3cf3a4c8447fc7-SC21_Timetable_C_512_E_66_Cl_34_S_35	SC21_Timetable_C_512_E_66_Cl_34_S_35	timetable	15		rule63:^(SC2[135]_Timetable)
sat-comp-2026	32e344a5ab3af245f982678d2b751c6d-lightsout_sat_24_unbounded_totalizer_corner_0_unsat.sanitized	lightsout_sat_24_unbounded_totalizer_corner_0_unsat.sanitized	lightsout	7		rule43:^lightsout_
sat-comp-2026	3367ba4c01fe07b385980a14211f250e-shuffling-2-s158913847-of-bench-sat04-306.used-as.sat04-610	shuffling-2-s158913847-of-bench-sat04-306.used-as.sat04-610	shuffling-sat04	4		sub:^shuffling-
sat-comp-2026	337ee3de87f824f99508e65faa6e1a0b-SocialGolfers-6-6-7-cp_c18	SocialGolfers-6-6-7-cp_c18	singletons	37		rule46:^(mrpp_|maximum_constrained_partition|size_5_5_5|MM-23|summle_|StConn_|two-trees|TT7F|w19-|E00X|ex095|p160_|os_fwalk|lru_|FmlaImplyChain|hhyp_cec|fastlec_cep|marijn-philips|soelberg_unit|anbul-dated|jgiraldezlevy|gto_p60|Ptn-|hid-uns-enc|crn_40|dislog_|goldb-heqc|UR-15|289-unsat|16_2$|001$|ACG-20|atco_enc|SocialGolfers|QuasiGroup|latin_square|fixedbandwidth)
sat-comp-2026	33c8aca6a52d10e040da959439834d6a-SDP_96_14_3612.sanitized	SDP_96_14_3612.sanitized	sdp	12		sub:^SDP_
sat-comp-2026	34360a677fc854189c982294853e6891-Large-result_b23.af_303.sanitized	Large-result_b23.af_303.sanitized	argumentation	32		rule31:(\.af(_\d+)?\.sanitized$|\.apx_|^af-synthesis|^stb_\d+|^st_\d+_)
sat-comp-2026	3598c10125496ad7218852effc5c711f-SGI_30_70_22_70_7-dir.shuffled-as.sat03-154	SGI_30_70_22_70_7-dir.shuffled-as.sat03-154	sgi	3		sub:^SGI_30
sat-comp-2026	35e0b5a19c88961d98dd806e805759f4-count_p2_M33.sanitized	count_p2_M33.sanitized	count	6		rule48:^count_p
sat-comp-2026	365a02a7d781d655bb2a64d2273a2d0c-Medium-result_b10.af_252.sanitized	Medium-result_b10.af_252.sanitized	argumentation	32		rule31:(\.af(_\d+)?\.sanitized$|\.apx_|^af-synthesis|^stb_\d+|^st_\d+_)
sat-comp-2026	372021735d9e46002b862aa2a038a818-j3045_4_rggt_bm1	j3045_4_rggt_bm1	rggt	2		sub:^j30\d\d_\d_rggt
sat-comp-2026	3732b6ac50b1c3f28d72247de89b00e8-as-p123-l39-o0-rot-II-4680-i.sanitized	as-p123-l39-o0-rot-II-4680-i.sanitized	as-p	16		sub:^as-p\d+-l\d+
sat-comp-2026	37c88155822f1934a190dd6f4614f0ce-atco_enc1_opt2_20_12	atco_enc1_opt2_20_12	singletons	37		rule46:^(mrpp_|maximum_constrained_partition|size_5_5_5|MM-23|summle_|StConn_|two-trees|TT7F|w19-|E00X|ex095|p160_|os_fwalk|lru_|FmlaImplyChain|hhyp_cec|fastlec_cep|marijn-philips|soelberg_unit|anbul-dated|jgiraldezlevy|gto_p60|Ptn-|hid-uns-enc|crn_40|dislog_|goldb-heqc|UR-15|289-unsat|16_2$|001$|ACG-20|atco_enc|SocialGolfers|QuasiGroup|latin_square|fixedbandwidth)
sat-comp-2026	37fa67bd34cc613f3fc6954cdee943c1-SDP_106_15_2616.sanitized	SDP_106_15_2616.sanitized	sdp	12		sub:^SDP_
sat-comp-2026	3a8409393cc1ebae1444a079d216f221-x2_64.shuffled-as.sat03-1603.cnf.mis-125.debugged	x2_64.shuffled-as.sat03-1603.cnf.mis-125.debugged	mis-debugged	5		sub:^(x2_64|marg6x6|ais8|dubois50|genurq7)
sat-comp-2026	3a9dfcbcb56689f1118fd7a2150c3c0c-ntil-90d-40.sanitized	ntil-90d-40.sanitized	ntil	16		rule73:^ntil-90d
sat-comp-2026	3b0eeddcabf36da8642c5774ac67680c-as-p153-l57-o0-rot-rfl-II-68-i.sanitized	as-p153-l57-o0-rot-rfl-II-68-i.sanitized	as-p	16		sub:^as-p\d+-l\d+
sat-comp-2026	3b560b9eafce79a4ac3c1062a9e72028-cabp-X-can__715.mtx.rnd-k108.sanitized	cabp-X-can__715.mtx.rnd-k108.sanitized	bandwidth-mtx	17		sub:^(abw-K-|cabp-)
sat-comp-2026	3b608084b3caae2e9517a2d58cdcd275-Medium-result_b9.af_268.sanitized	Medium-result_b9.af_268.sanitized	argumentation	32		rule31:(\.af(_\d+)?\.sanitized$|\.apx_|^af-synthesis|^stb_\d+|^st_\d+_)
sat-comp-2026	3c4ac805726d78a869ff8116ee3533db-homer18.shuffled	homer18.shuffled	homer	4		sub:^homer\d+
sat-comp-2026	3c51a565526faa922fb298a2658440e9-fastlec_cep_14_T27_58.sanitized	fastlec_cep_14_T27_58.sanitized	singletons	37		rule46:^(mrpp_|maximum_constrained_partition|size_5_5_5|MM-23|summle_|StConn_|two-trees|TT7F|w19-|E00X|ex095|p160_|os_fwalk|lru_|FmlaImplyChain|hhyp_cec|fastlec_cep|marijn-philips|soelberg_unit|anbul-dated|jgiraldezlevy|gto_p60|Ptn-|hid-uns-enc|crn_40|dislog_|goldb-heqc|UR-15|289-unsat|16_2$|001$|ACG-20|atco_enc|SocialGolfers|QuasiGroup|latin_square|fixedbandwidth)
sat-comp-2026	3e44926d72e94f5ceccbb69de24033b2-newpol23-4	newpol23-4	newpol	2		sub:^newpol
sat-comp-2026	3e7d8073c795d263ed862db64cf9f0fb-bdmbwm_28_94.sanitized	bdmbwm_28_94.sanitized	mult-miter	12		rule1:^(bd|bw|do)[a-z]*_\d+_\d+\.sanitized$
sat-comp-2026	3e912cd2a499b8f956246b866e2f9f64-grain-53-80-0s0-seed-125-4-init-35	grain-53-80-0s0-seed-125-4-init-35	crypto-cipher	6		rule21:^(aes_equiv|post-cbmc-aes|bivium|grain-|hitag2)
sat-comp-2026	3ed56242f55e3653dbceeb4a70221787-rbsat-v945c61409gyes9-sc2009	rbsat-v945c61409gyes9-sc2009	rbsat	3		sub:^rbsat-
sat-comp-2026	40ae60a61929b6bfa2ac99ab4b9a0f7e-grs-96-192	grs-96-192	grs	6		sub:^grs-
sat-comp-2026	416e33a8463911546e4cd87d282a7e1e-case10	case10	case	14	sat-comp-2025	rule80:^case\d+
sat-comp-2026	425c81fc3af7f5124b6282583d80df11-mdp-32-12-unsat	mdp-32-12-unsat	mdp	4		sub:^mdp-\d+
sat-comp-2026	43c298c756cac6d547a0457c2da7e468-xorshift_r14_31.sanitized	xorshift_r14_31.sanitized	xorshift	11		rule58:^xorshift_
sat-comp-2026	43d40ced32b5be08814ef24f97379654-php_sudoku_p15_h14.sanitized	php_sudoku_p15_h14.sanitized	php	7		rule40:^(rphp5_|rphp_p|harder-fphp|php_sudoku)
sat-comp-2026	44196693d2cfdb787ba578eef4272f74-crusti_g2io_350_0.5_255_12.af_290.sanitized	crusti_g2io_350_0.5_255_12.af_290.sanitized	crusti-g2io	13		rule30:^crusti_g2io
sat-comp-2026	4430d3502b0b5e6f4ed473437519e609-as-p123-l39-o0-rot-II-4682-i.sanitized	as-p123-l39-o0-rot-II-4682-i.sanitized	as-p	16		sub:^as-p\d+-l\d+
sat-comp-2026	44452f4bac1e77157bbc900c5cc0756d-1x1x13_1x3x6_pair_4_1_0_2_3_0.sanitized	1x1x13_1x3x6_pair_4_1_0_2_3_0.sanitized	pair-packing	16		rule45:^(1x1x1[34]_1x[23]x[69]_pair_)
sat-comp-2026	44b7d2c8d08574002ac959e6d1ef30ae-1x1x14_1x2x9_pair_4_2_0_2_3_0.sanitized	1x1x14_1x2x9_pair_4_2_0_2_3_0.sanitized	pair-packing	16		rule45:^(1x1x1[34]_1x[23]x[69]_pair_)
sat-comp-2026	4551c996fc6f5fbe62b43076abb25077-knight_18	knight_18	chess-puzzles	6		rule39:^(rook-|knight_|korf-|mchess_)
sat-comp-2026	45a09efb026036ff4b8d19024a7563a9-fermat-931960058139995587	fermat-931960058139995587	factoring	5		rule23:^(factorize-|toughsat_|fermat-)
sat-comp-2026	46dc5e955b1fb541678d0634389353ac-ntil-90d-45.sanitized	ntil-90d-45.sanitized	ntil	16		rule73:^ntil-90d
sat-comp-2026	47173e8ab499159d3aa301b0101fe170-schooltt-5-3-9-2-4-5-10-0.1-0.1-seed3.sanitized	schooltt-5-3-9-2-4-5-10-0.1-0.1-seed3.sanitized	schooltt	12		rule64:^schooltt-
sat-comp-2026	48432767076e402d2accbf2da7260885-schooltt-5-3-8-2-4-5-10-0.1-0.2-seed2.sanitized	schooltt-5-3-8-2-4-5-10-0.1-0.2-seed2.sanitized	schooltt	12		rule64:^schooltt-
sat-comp-2026	49644428681a87666a68fc9380dce072-cabp-X-can__715.mtx.rnd-k116.sanitized	cabp-X-can__715.mtx.rnd-k116.sanitized	bandwidth-mtx	17		sub:^(abw-K-|cabp-)
sat-comp-2026	4989239fbeb6eb40fc0b664d9ba92636-asconhashv12_opt64_H7_M2-K1zfAs8_m0_3_U5.c	asconhashv12_opt64_H7_M2-K1zfAs8_m0_3_U5.c	crypto-hash	5		rule22:^(gus-md5|sha1__|preimage_|asconhash)
sat-comp-2026	4aab4f954196d3277d9ca7b17c52acca-clqcl_25_8_7.normalised	clqcl_25_8_7.normalised	clqcl	8		rule54:^clqcl_
sat-comp-2026	4ae685a11b5cecca76dc3d463481ce92-x9-10032.sat.sanitized	x9-10032.sat.sanitized	x9	6		sub:^x9-\d+\.sat
sat-comp-2026	4d6bd7b2c674fb67b271127586914b74-vdw_4_8_n145.sanitized	vdw_4_8_n145.sanitized	vdw	15		rule32:^(VanDerWaerden|vdw_|vdwb_)
sat-comp-2026	4d84e818a5ab324dde37429dd2455551-4.sanitized	4.sanitized	anon-sanitized	12		rule86:^\d+\.sanitized$
sat-comp-2026	4de5b7b3c8bf44b2e8c549128bc936a3-as-p141-l39-o0-rot-rfl-680-i.sanitized	as-p141-l39-o0-rot-rfl-680-i.sanitized	as-p	16		sub:^as-p\d+-l\d+
sat-comp-2026	4e0de894799790b06e8d6c3efd109ade-9.xz.sanitized	9.xz.sanitized	anon-xz-sanitized	10		rule85:^\d+\.xz\.sanitized$
sat-comp-2026	4e64ffc14db014d5591f40865376c32a-satcoin-genesis-UNSAT-7200	satcoin-genesis-UNSAT-7200	satcoin	1		rule25:^satcoin
sat-comp-2026	4f09ef861ee74e50dc101765e1ce27fb-BubbleVsPancakeSort_6_7	BubbleVsPancakeSort_6_7	sort-equivalence	10		rule11:^(BubbleVsPancakeSort|PancakeVsSelectionSort)
sat-comp-2026	510df610f94d5d57073a2c3b694dac4c-51-136961	51-136961	anon-pair	9		rule88:^\d\d-\d{6}$
sat-comp-2026	511f1794698a8620c18a7cc32cfc7776-14.sanitized	14.sanitized	anon-sanitized	12		rule86:^\d+\.sanitized$
sat-comp-2026	515511be3905018ae7e6eb7ba7064d72-SDP_134_18_4334.sanitized	SDP_134_18_4334.sanitized	sdp	12		sub:^SDP_
sat-comp-2026	5220b0e01fb49440531004bebbafbc44-coreMQTT_MQTT_ProcessLoop.dimacs	coreMQTT_MQTT_ProcessLoop.dimacs	software-verif	1		rule27:^coreMQTT
sat-comp-2026	5314fd6ccb53b6f6af49a594ea68a273-oski15a01b15s_opt	oski15a01b15s_opt	oski	13	sat-comp-2025	rule14:^oski15
sat-comp-2026	53d23b2b464a5c041114eb1f00cc4b81-puzzle32_sat	puzzle32_sat	sudoku	7		rule41:^(sudoku-N30|puzzle32)
sat-comp-2026	53e8a231196dfdf1baebfa2f29646f14-shuffling-2-s504782760-of-bench-sat04-312.used-as.sat04-604	shuffling-2-s504782760-of-bench-sat04-312.used-as.sat04-604	shuffling-sat04	4		sub:^shuffling-
sat-comp-2026	543e67dd5abc272c37775b1b742a1d9a-qwh.60.1728.shuffled-as.sat03-1659	qwh.60.1728.shuffled-as.sat03-1659	qwh	1		sub:^qwh\.60
sat-comp-2026	546a73eef02dda3719018050b09e9392-schooltt-5-3-8-2-4-5-10-0.1-0.2-seed1.sanitized	schooltt-5-3-8-2-4-5-10-0.1-0.2-seed1.sanitized	schooltt	12		rule64:^schooltt-
sat-comp-2026	553b056f2651fdc182ca74174aa8ea10-ntil-90d-46.sanitized	ntil-90d-46.sanitized	ntil	16		rule73:^ntil-90d
sat-comp-2026	5553fec254b32349e0e48c7ee1e2d6c7-post-cbmc-aes-ee-r2	post-cbmc-aes-ee-r2	crypto-cipher	6		rule21:^(aes_equiv|post-cbmc-aes|bivium|grain-|hitag2)
sat-comp-2026	57f6bbfc8be5a981322fe9991209aa33-3.xz.sanitized	3.xz.sanitized	anon-xz-sanitized	10		rule85:^\d+\.xz\.sanitized$
sat-comp-2026	58eaf62034046ed4fc52562869569b44-count_p2_M41.sanitized	count_p2_M41.sanitized	count	6		rule48:^count_p
sat-comp-2026	59b585a33d30e6b7a476ed52a3f0384d-T92.2.0	T92.2.0	g2-t	5		rule16:^(g2-|T9\d\.2\.)
sat-comp-2026	5ab5ac8d66c7e375037f12a536baf721-sbdp4_136_2.sanitized	sbdp4_136_2.sanitized	sbdp	6		rule47:^sbdp4_
sat-comp-2026	5babccd4bf9b270acf0568bba32313bd-8.xz.sanitized	8.xz.sanitized	anon-xz-sanitized	10		rule85:^\d+\.xz\.sanitized$
sat-comp-2026	5cae5c0629ce1c724746af890410cfc1-jkkk-one-one-11-38-sat	jkkk-one-one-11-38-sat	jkkk	2		sub:^jkkk-one-one
sat-comp-2026	5ce7d137442bd97a321a883c425e4634-56-126575	56-126575	anon-pair	9		rule88:^\d\d-\d{6}$
sat-comp-2026	5d02aa18eac7304c705577f1cce07784-as-p41-l15-o10-567.sanitized	as-p41-l15-o10-567.sanitized	as-p	16		sub:^as-p\d+-l\d+
sat-comp-2026	5d06225b27017e9a703f10cb577cf3bf-clqcl_25_7_6.normalised	clqcl_25_7_6.normalised	clqcl	8		rule54:^clqcl_
sat-comp-2026	5d8b47745dba3fe50f9c8712be389cd5-mexam_25_20_2.sanitized	mexam_25_20_2.sanitized	exam-timetabling	12		rule65:^(exam_|mexam_)
sat-comp-2026	5de866bc7ff4dfde3cd682b5aca75894-n320p5q2_n.af_239.sanitized	n320p5q2_n.af_239.sanitized	argumentation	32		rule31:(\.af(_\d+)?\.sanitized$|\.apx_|^af-synthesis|^stb_\d+|^st_\d+_)
sat-comp-2026	5e1f1759de9bf931a8e26dbe7dd5b212-cabp-V-nos6.mtx.rnd-k290.sanitized	cabp-V-nos6.mtx.rnd-k290.sanitized	bandwidth-mtx	17		sub:^(abw-K-|cabp-)
sat-comp-2026	5ee05ef0bcb42cb12bd698978c05178c-mp1-bsat201-707	mp1-bsat201-707	mp1	12		rule77:^(mp1-|Nb54T6)
sat-comp-2026	5f65b4cceeb01c56e037df144309b29e-SGI_30_70_21_70_7-log.shuffled-as.sat03-153	SGI_30_70_21_70_7-log.shuffled-as.sat03-153	sgi	3		sub:^SGI_30
sat-comp-2026	5f729f069a233fa88dfb470bbee7c924-1x1x14_1x2x9_pair_2_4_0_2_2_0.sanitized	1x1x14_1x2x9_pair_2_4_0_2_2_0.sanitized	pair-packing	16		rule45:^(1x1x1[34]_1x[23]x[69]_pair_)
sat-comp-2026	5f81a94799858590a2bc96db917bf894-bdobwm_28_54.sanitized	bdobwm_28_54.sanitized	mult-miter	12		rule1:^(bd|bw|do)[a-z]*_\d+_\d+\.sanitized$
sat-comp-2026	5f9d0127b390a4686171311d38f3fbf8-cabp-M-bcsstk06.mtx.rnd-k37.sanitized	cabp-M-bcsstk06.mtx.rnd-k37.sanitized	bandwidth-mtx	17		sub:^(abw-K-|cabp-)
sat-comp-2026	5faba478cb08194407b5ec957ab08599-schooltt-5-7-11-2-4-1.4-2.6-0.8-0.9-seed2.sanitized	schooltt-5-7-11-2-4-1.4-2.6-0.8-0.9-seed2.sanitized	schooltt	12		rule64:^schooltt-
sat-comp-2026	5fb5e437292532efe687ac6f74a9cb76-SDP_126_17_1585.sanitized	SDP_126_17_1585.sanitized	sdp	12		sub:^SDP_
sat-comp-2026	61fee64c8fc7f05b97a2bc14c0c2bf41-par32-4-c.shuffled	par32-4-c.shuffled	parity	6		rule61:^(or_randxor|par32-|mod2c?-rand3bip)
sat-comp-2026	62060247cd0ad566a828c30571c2c774-marijn-philips	marijn-philips	singletons	37		rule46:^(mrpp_|maximum_constrained_partition|size_5_5_5|MM-23|summle_|StConn_|two-trees|TT7F|w19-|E00X|ex095|p160_|os_fwalk|lru_|FmlaImplyChain|hhyp_cec|fastlec_cep|marijn-philips|soelberg_unit|anbul-dated|jgiraldezlevy|gto_p60|Ptn-|hid-uns-enc|crn_40|dislog_|goldb-heqc|UR-15|289-unsat|16_2$|001$|ACG-20|atco_enc|SocialGolfers|QuasiGroup|latin_square|fixedbandwidth)
sat-comp-2026	626c368587dd880086afc7b3fa1e6f27-snw_16_9_CCSpre	snw_16_9_CCSpre	snw	5		sub:^snw_
sat-comp-2026	62eae28dcf3170b1547fb5db73e6a295-stable-400-0.1-7-9876543214007	stable-400-0.1-7-9876543214007	stable	3		sub:^stable-400
sat-comp-2026	654241eda3e1283f4b139192d1db055a-SDP_140_19_8786.sanitized	SDP_140_19_8786.sanitized	sdp	12		sub:^SDP_
sat-comp-2026	65bf849f3e86ab275e339934f4d140a0-DSC125.9.30.sanitized	DSC125.9.30.sanitized	dsc	2		sub:^DSC125
sat-comp-2026	65ee6b49612eccb7d213e4d950f23677-lightsout_sat_22_unbounded_direct_planted150_4_sat.sanitized	lightsout_sat_22_unbounded_direct_planted150_4_sat.sanitized	lightsout	7		rule43:^lightsout_
sat-comp-2026	66204949278cdd9d81e102eace6d4669-vdw_4_7_n109.sanitized	vdw_4_7_n109.sanitized	vdw	15		rule32:^(VanDerWaerden|vdw_|vdwb_)
sat-comp-2026	667341ee8c1dea3db613db317e2b2c33-lightsout_sat_23_unbounded_totalizer_corner_0_unsat.sanitized	lightsout_sat_23_unbounded_totalizer_corner_0_unsat.sanitized	lightsout	7		rule43:^lightsout_
sat-comp-2026	67133027ab55906e3b757148ca7011dd-snw_16_9_Encpre	snw_16_9_Encpre	snw	5		sub:^snw_
sat-comp-2026	6793abe982f9d5f9646f6657e13ecc39-55-140792	55-140792	anon-pair	9		rule88:^\d\d-\d{6}$
sat-comp-2026	68ef4b1ed6a28c75defea64bb7d53e06-vdwb_k6_n350.sanitized	vdwb_k6_n350.sanitized	vdw	15		rule32:^(VanDerWaerden|vdw_|vdwb_)
sat-comp-2026	6ad453d6174581d982c4e75e37a38d79-dobdm_14_1.sanitized	dobdm_14_1.sanitized	mult-miter	12		rule1:^(bd|bw|do)[a-z]*_\d+_\d+\.sanitized$
sat-comp-2026	6add7e416c1126607afeb2666af330ac-constraints_16_0.5_1.sanitized	constraints_16_0.5_1.sanitized	constraints	3		rule50:^constraints_
sat-comp-2026	6cd46641ebd4c840b8f116d14ca17dfd-sembuster_7500.af_74.sanitized	sembuster_7500.af_74.sanitized	argumentation	32		rule31:(\.af(_\d+)?\.sanitized$|\.apx_|^af-synthesis|^stb_\d+|^st_\d+_)
sat-comp-2026	6cfd9ef85d9f6e62dcbb9a4fd9334c90-GreenTao_2-4-5_4231	GreenTao_2-4-5_4231	greentao	3		rule34:^GreenTao
sat-comp-2026	6d815089fb4095208754622b4c44a8f7-Carry_Bits_Fast_12.cnf	Carry_Bits_Fast_12.cnf	bits-fast	3		rule6:^(Carry_Bits_Fast|Wallace_Bits_Fast)
sat-comp-2026	6db4b3f59a1e530ca5309d8a7544f5c3-color-19-4.shuffled-as.sat05-444	color-19-4.shuffled-as.sat05-444	dimacs-coloring	11		rule56:^(6g_6color|color-19|le450_|fpsol2|inithx|mulsol|zeroin|miles1500|myciel)
sat-comp-2026	6ddda96839bb24cd7389d5556d3ab16d-inithx.i.2.30.sanitized	inithx.i.2.30.sanitized	dimacs-coloring	11		rule56:^(6g_6color|color-19|le450_|fpsol2|inithx|mulsol|zeroin|miles1500|myciel)
sat-comp-2026	6e297bdb1c3f957f6333c37804805ecb-spg_200_301	spg_200_301	spg	2		sub:^spg_
sat-comp-2026	6e8dba16e06c793a2daca1fa440eeb4f-newpol32-4	newpol32-4	newpol	2		sub:^newpol
sat-comp-2026	6f1b15ebd0ac13c05fb052e5b0453f64-as-p93-l27-o6-rot-rfl-5682-i.sanitized	as-p93-l27-o6-rot-rfl-5682-i.sanitized	as-p	16		sub:^as-p\d+-l\d+
sat-comp-2026	71849248b47db583f56e77f55f31e525-exam_85_70.sanitized	exam_85_70.sanitized	exam-timetabling	12		rule65:^(exam_|mexam_)
sat-comp-2026	727ebce936c010888c7f71f00885e643-count_p2_M25.sanitized	count_p2_M25.sanitized	count	6		rule48:^count_p
sat-comp-2026	7372171e2e794a98cda6540676608f32-DSC125.9.25.sanitized	DSC125.9.25.sanitized	dsc	2		sub:^DSC125
sat-comp-2026	744238c5aadea40f8e05db49429da576-10.sanitized	10.sanitized	anon-sanitized	12		rule86:^\d+\.sanitized$
sat-comp-2026	74931e82fd208ed949fa44bccd80df6b-DivS_862_11.cnf.sanitized	DivS_862_11.cnf.sanitized	div-sqrt-miter	8		rule5:^(div_miter|div-mitern|sqrt-mitern|DivS_)
sat-comp-2026	75429ff7acb5acb597abe01aa745c2a6-mod2-rand3bip-sat-250-3.shuffled-as.sat05-2220	mod2-rand3bip-sat-250-3.shuffled-as.sat05-2220	parity	6		rule61:^(or_randxor|par32-|mod2c?-rand3bip)
sat-comp-2026	757d64688ac60cba697a980dfbbf5075-chnl-030x091.sanitized	chnl-030x091.sanitized	chnl	6		rule52:^chnl-
sat-comp-2026	75b23436a531bbc4004f43009cb4546e-ntil-90d-43.sanitized	ntil-90d-43.sanitized	ntil	16		rule73:^ntil-90d
sat-comp-2026	776ff89b72b0f6290d69af6f95e13182-as-p43-l16-o9-567.sanitized	as-p43-l16-o9-567.sanitized	as-p	16		sub:^as-p\d+-l\d+
sat-comp-2026	77bfac6b280653e63013f77d0991484e-case19.normalised	case19.normalised	case	14	sat-comp-2025	rule80:^case\d+
sat-comp-2026	782b29d2d691fdc94e0ec5b899390e10-vdwb_k6_n300.sanitized	vdwb_k6_n300.sanitized	vdw	15		rule32:^(VanDerWaerden|vdw_|vdwb_)
sat-comp-2026	7a13ffe9546cc7dfabdedebb64700e8a-w19-20.0	w19-20.0	singletons	37		rule46:^(mrpp_|maximum_constrained_partition|size_5_5_5|MM-23|summle_|StConn_|two-trees|TT7F|w19-|E00X|ex095|p160_|os_fwalk|lru_|FmlaImplyChain|hhyp_cec|fastlec_cep|marijn-philips|soelberg_unit|anbul-dated|jgiraldezlevy|gto_p60|Ptn-|hid-uns-enc|crn_40|dislog_|goldb-heqc|UR-15|289-unsat|16_2$|001$|ACG-20|atco_enc|SocialGolfers|QuasiGroup|latin_square|fixedbandwidth)
sat-comp-2026	7ac164a9d153f0a2d9bf54a98d429636-bwoawm_28_5.sanitized	bwoawm_28_5.sanitized	mult-miter	12		rule1:^(bd|bw|do)[a-z]*_\d+_\d+\.sanitized$
sat-comp-2026	7b40e39148de4d5f8d9384d6937c287e-stable-400-0.1-12-98765432140012	stable-400-0.1-12-98765432140012	stable	3		sub:^stable-400
sat-comp-2026	7b9620b5d7da55bda43595fe37867acd-exam_90_80.sanitized	exam_90_80.sanitized	exam-timetabling	12		rule65:^(exam_|mexam_)
sat-comp-2026	7cbc3ce2052ba7c5b501f75af58ab3c4-simon-r22-1.sanitized	simon-r22-1.sanitized	simon	6		sub:^simon-r\d+
sat-comp-2026	7cd6b940be001c46c6294d7cac9aa610-vdw_4_8_n147.sanitized	vdw_4_8_n147.sanitized	vdw	15		rule32:^(VanDerWaerden|vdw_|vdwb_)
sat-comp-2026	7d311f620f4ebc4adf8f4079899750eb-x9-11033.sat.sanitized	x9-11033.sat.sanitized	x9	6		sub:^x9-\d+\.sat
sat-comp-2026	7db30d12cb06f0dc2f30abff80d96d6a-two-trees-1023v.sanitized	two-trees-1023v.sanitized	singletons	37		rule46:^(mrpp_|maximum_constrained_partition|size_5_5_5|MM-23|summle_|StConn_|two-trees|TT7F|w19-|E00X|ex095|p160_|os_fwalk|lru_|FmlaImplyChain|hhyp_cec|fastlec_cep|marijn-philips|soelberg_unit|anbul-dated|jgiraldezlevy|gto_p60|Ptn-|hid-uns-enc|crn_40|dislog_|goldb-heqc|UR-15|289-unsat|16_2$|001$|ACG-20|atco_enc|SocialGolfers|QuasiGroup|latin_square|fixedbandwidth)
sat-comp-2026	7e21850936d6127540157afaaf912c02-marg6x6.shuffled-as.sat03-1456.cnf.mis-119.debugged	marg6x6.shuffled-as.sat03-1456.cnf.mis-119.debugged	mis-debugged	5		sub:^(x2_64|marg6x6|ais8|dubois50|genurq7)
sat-comp-2026	7efc1b160fb755fb1e8b6bcc70bbeb90-SDP_132_18_9892.sanitized	SDP_132_18_9892.sanitized	sdp	12		sub:^SDP_
sat-comp-2026	7fa502dfce37c37c1cafd50b3fba263f-SDP_104_15_107.sanitized	SDP_104_15_107.sanitized	sdp	12		sub:^SDP_
sat-comp-2026	7fe153ced2c966dcdeb42b6714b4d6b7-sudoku-N30-11	sudoku-N30-11	sudoku	7		rule41:^(sudoku-N30|puzzle32)
sat-comp-2026	805a742eb8b4e0df3561ca8e0670670b-homer20.shuffled	homer20.shuffled	homer	4		sub:^homer\d+
sat-comp-2026	808d66b11c602eb1d5728f3f8e90aaef-1x1x14_1x2x9_pair_2_0_0_2_1_1.sanitized	1x1x14_1x2x9_pair_2_0_0_2_1_1.sanitized	pair-packing	16		rule45:^(1x1x1[34]_1x[23]x[69]_pair_)
sat-comp-2026	80b163b706e0a16702173ec27f3d1331-lightsout_sat_24_unbounded_direct_corner_0_unsat.sanitized	lightsout_sat_24_unbounded_direct_corner_0_unsat.sanitized	lightsout	7		rule43:^lightsout_
sat-comp-2026	80bb5209e88def5643bf5593320b104f-Large-result_b24.af_2238.sanitized	Large-result_b24.af_2238.sanitized	argumentation	32		rule31:(\.af(_\d+)?\.sanitized$|\.apx_|^af-synthesis|^stb_\d+|^st_\d+_)
sat-comp-2026	8117a2ac08e1acf52f660663efe2a5ca-170225812	170225812	anon-id	2		rule87:^\d{9}$
sat-comp-2026	81c36c1f55a6ee8e180f53f140ce05a3-01-integer-programming-20-30-40	01-integer-programming-20-30-40	integer-programming	1		rule83:^01-integer-programming
sat-comp-2026	824cd6f379c23cc863e501e397092cb9-BubbleVsPancakeSort_7_7	BubbleVsPancakeSort_7_7	sort-equivalence	10		rule11:^(BubbleVsPancakeSort|PancakeVsSelectionSort)
sat-comp-2026	826a01aaab9f98e8fb6d3fbbf349078b-adv_gc_n300_k13_UNSAT_s42.sanitized	adv_gc_n300_k13_UNSAT_s42.sanitized	adv-gc	12		rule53:^adv_gc_
sat-comp-2026	82cad197a0b7919f1f51ec51f7267e6f-ex095_8	ex095_8	singletons	37		rule46:^(mrpp_|maximum_constrained_partition|size_5_5_5|MM-23|summle_|StConn_|two-trees|TT7F|w19-|E00X|ex095|p160_|os_fwalk|lru_|FmlaImplyChain|hhyp_cec|fastlec_cep|marijn-philips|soelberg_unit|anbul-dated|jgiraldezlevy|gto_p60|Ptn-|hid-uns-enc|crn_40|dislog_|goldb-heqc|UR-15|289-unsat|16_2$|001$|ACG-20|atco_enc|SocialGolfers|QuasiGroup|latin_square|fixedbandwidth)
sat-comp-2026	8390dca257561c53bf4eb6e158a2285f-mp1-klieber2017s-0490-024-t12	mp1-klieber2017s-0490-024-t12	mp1	12		rule77:^(mp1-|Nb54T6)
sat-comp-2026	83ced7d9ee8058c52c9a68ded7fad0a5-p160_1	p160_1	singletons	37		rule46:^(mrpp_|maximum_constrained_partition|size_5_5_5|MM-23|summle_|StConn_|two-trees|TT7F|w19-|E00X|ex095|p160_|os_fwalk|lru_|FmlaImplyChain|hhyp_cec|fastlec_cep|marijn-philips|soelberg_unit|anbul-dated|jgiraldezlevy|gto_p60|Ptn-|hid-uns-enc|crn_40|dislog_|goldb-heqc|UR-15|289-unsat|16_2$|001$|ACG-20|atco_enc|SocialGolfers|QuasiGroup|latin_square|fixedbandwidth)
sat-comp-2026	8456155de4cd22425ec479f75af089c2-cabp-X-can__715.mtx.rnd-k118.sanitized	cabp-X-can__715.mtx.rnd-k118.sanitized	bandwidth-mtx	17		sub:^(abw-K-|cabp-)
sat-comp-2026	860788f93fb766e83e00a29de84180e7-mexam_17_15_2.sanitized	mexam_17_15_2.sanitized	exam-timetabling	12		rule65:^(exam_|mexam_)
sat-comp-2026	878bcc11e1e243680f7946bcf428f465-linked_list_swap_contents_safety_unwind45	linked_list_swap_contents_safety_unwind45	linked-list	2		rule28:^linked_list_swap
sat-comp-2026	87dbc3302b82c09e19c55059fb943191-ntil-90d-38.sanitized	ntil-90d-38.sanitized	ntil	16		rule73:^ntil-90d
sat-comp-2026	8990b3506e948e87b005d103d1ce6eb8-BubbleVsPancakeSort_8_5	BubbleVsPancakeSort_8_5	sort-equivalence	10		rule11:^(BubbleVsPancakeSort|PancakeVsSelectionSort)
sat-comp-2026	8aa9ffb211d1cba850be2ee9d173b7e1-adv_gc_n300_k12_UNSAT_s42.sanitized	adv_gc_n300_k12_UNSAT_s42.sanitized	adv-gc	12		rule53:^adv_gc_
sat-comp-2026	8caa9b4b72b5f1782fe4554980978cbc-1x1x14_1x2x9_pair_4_1_0_2_1_0.sanitized	1x1x14_1x2x9_pair_4_1_0_2_1_0.sanitized	pair-packing	16		rule45:^(1x1x1[34]_1x[23]x[69]_pair_)
sat-comp-2026	8d0d8518a438d93428257d9a38863c3c-as-p31-l12-o9-56.sanitized	as-p31-l12-o9-56.sanitized	as-p	16		sub:^as-p\d+-l\d+
sat-comp-2026	8d2b018a5f8855b6ba1868a3ffff9d2f-xorshift_r15_113.sanitized	xorshift_r15_113.sanitized	xorshift	11		rule58:^xorshift_
sat-comp-2026	8d2dfc50c1759dc11a6564d5c368c6df-FmlaImplyChain_3_7_8.sanitized	FmlaImplyChain_3_7_8.sanitized	singletons	37		rule46:^(mrpp_|maximum_constrained_partition|size_5_5_5|MM-23|summle_|StConn_|two-trees|TT7F|w19-|E00X|ex095|p160_|os_fwalk|lru_|FmlaImplyChain|hhyp_cec|fastlec_cep|marijn-philips|soelberg_unit|anbul-dated|jgiraldezlevy|gto_p60|Ptn-|hid-uns-enc|crn_40|dislog_|goldb-heqc|UR-15|289-unsat|16_2$|001$|ACG-20|atco_enc|SocialGolfers|QuasiGroup|latin_square|fixedbandwidth)
sat-comp-2026	8da88a43b4ac226f614dd82d4519d8c6-toughsat_factoring_inf	toughsat_factoring_inf	factoring	5		rule23:^(factorize-|toughsat_|fermat-)
sat-comp-2026	8db998d5fd64f85a1847115208f73873-Medium-result_b14.af_285.sanitized	Medium-result_b14.af_285.sanitized	argumentation	32		rule31:(\.af(_\d+)?\.sanitized$|\.apx_|^af-synthesis|^stb_\d+|^st_\d+_)
sat-comp-2026	8e1cdc28bad48753110be5bd578cb934-15.sanitized	15.sanitized	anon-sanitized	12		rule86:^\d+\.sanitized$
sat-comp-2026	8e5da99e8323af36e983a99b4df03b92-bwobdm_28_56.sanitized	bwobdm_28_56.sanitized	mult-miter	12		rule1:^(bd|bw|do)[a-z]*_\d+_\d+\.sanitized$
sat-comp-2026	8f5bca645bd8738eb74c2e1dc284774a-sgp_7-4-6.shuffled-as.sat05-2671	sgp_7-4-6.shuffled-as.sat05-2671	sgp	1		sub:^sgp_7-4-6
sat-comp-2026	8fcde459f828e0df9672933e68fa1af2-chnl-020x061.sanitized	chnl-020x061.sanitized	chnl	6		rule52:^chnl-
sat-comp-2026	9078ea73ff67edf2b6dcd007c9696ca0-13.sanitized	13.sanitized	anon-sanitized	12		rule86:^\d+\.sanitized$
sat-comp-2026	90937ed75ba0560158d8fe45f303868a-mp1-Nb7T08	mp1-Nb7T08	mp1	12		rule77:^(mp1-|Nb54T6)
sat-comp-2026	91860f79f079fede859034c7d76a98a2-41-119494	41-119494	anon-pair	9		rule88:^\d\d-\d{6}$
sat-comp-2026	91e0db01b254eb78f6643328045bfeb9-sted5_0x1e3-20	sted5_0x1e3-20	sted	4		sub:^sted\d
sat-comp-2026	920bbe559da4ea37fd636605316a791c-SCPC-500-19	SCPC-500-19	scpc	6		rule70:^SCPC-
sat-comp-2026	92b22042a950db2a9841f08d169d1bb5-exam_90_70.sanitized	exam_90_70.sanitized	exam-timetabling	12		rule65:^(exam_|mexam_)
sat-comp-2026	932e2329dd1efeafe7151a0ebf3a343f-bdodo_28_6.sanitized	bdodo_28_6.sanitized	mult-miter	12		rule1:^(bd|bw|do)[a-z]*_\d+_\d+\.sanitized$
sat-comp-2026	9376a4be372c14aa68235831712ff3f9-cabp-X-can__715.mtx.rnd-k102.sanitized	cabp-X-can__715.mtx.rnd-k102.sanitized	bandwidth-mtx	17		sub:^(abw-K-|cabp-)
sat-comp-2026	93983a1211a506a87907c7e2ffa4e818-shuffling-1-s1719683924-of-bench-sat04-310.used-as.sat04-467	shuffling-1-s1719683924-of-bench-sat04-310.used-as.sat04-467	shuffling-sat04	4		sub:^shuffling-
sat-comp-2026	9541d12f3e3d9201085c13f25145d2f7-cabp-V-nos6.mtx.rnd-k275.sanitized	cabp-V-nos6.mtx.rnd-k275.sanitized	bandwidth-mtx	17		sub:^(abw-K-|cabp-)
sat-comp-2026	958fd8bd1936e5bad8cbccae492edd81-crusti_g2io_200_0.1_127_14.af_151.sanitized	crusti_g2io_200_0.1_127_14.af_151.sanitized	crusti-g2io	13		rule30:^crusti_g2io
sat-comp-2026	95f346a183b890307596310fd33b4836-quad_res_r30_m35	quad_res_r30_m35	quad-res	2		sub:^quad_res
sat-comp-2026	965ca988015c9aee5a1a7b2136c1fe5d-os_fwalk_12	os_fwalk_12	singletons	37		rule46:^(mrpp_|maximum_constrained_partition|size_5_5_5|MM-23|summle_|StConn_|two-trees|TT7F|w19-|E00X|ex095|p160_|os_fwalk|lru_|FmlaImplyChain|hhyp_cec|fastlec_cep|marijn-philips|soelberg_unit|anbul-dated|jgiraldezlevy|gto_p60|Ptn-|hid-uns-enc|crn_40|dislog_|goldb-heqc|UR-15|289-unsat|16_2$|001$|ACG-20|atco_enc|SocialGolfers|QuasiGroup|latin_square|fixedbandwidth)
sat-comp-2026	97af3e49faef7cf67794928b6690b67c-Medium-result_b29.af_78.sanitized	Medium-result_b29.af_78.sanitized	argumentation	32		rule31:(\.af(_\d+)?\.sanitized$|\.apx_|^af-synthesis|^stb_\d+|^st_\d+_)
sat-comp-2026	981b0e855eed536df112bf2e4ff98807-adv_gc_n50_k12_UNSAT_s42.sanitized	adv_gc_n50_k12_UNSAT_s42.sanitized	adv-gc	12		rule53:^adv_gc_
sat-comp-2026	991aec61a2751602d6d7b3e838035610-bwodo_28_7.sanitized	bwodo_28_7.sanitized	mult-miter	12		rule1:^(bd|bw|do)[a-z]*_\d+_\d+\.sanitized$
sat-comp-2026	996bd6326ca560055b6fe916708dfdaa-vdw_3_13_n160.sanitized	vdw_3_13_n160.sanitized	vdw	15		rule32:^(VanDerWaerden|vdw_|vdwb_)
sat-comp-2026	997491c0cbc3e558a3e3266e2a142215-mulsol.i.4.30.sanitized	mulsol.i.4.30.sanitized	dimacs-coloring	11		rule56:^(6g_6color|color-19|le450_|fpsol2|inithx|mulsol|zeroin|miles1500|myciel)
sat-comp-2026	9a4671d8bb658361162976c0f06cc47e-10.xz.sanitized	10.xz.sanitized	anon-xz-sanitized	10		rule85:^\d+\.xz\.sanitized$
sat-comp-2026	9a4837429c656a71283b8d5bb41c05a7-1x1x14_1x2x9_pair_2_4_0_3_2_0.sanitized	1x1x14_1x2x9_pair_2_4_0_3_2_0.sanitized	pair-packing	16		rule45:^(1x1x1[34]_1x[23]x[69]_pair_)
sat-comp-2026	9aa85c5c114245c182ed6afbe3d8daed-schooltt-5-3-8-2-4-5-10-0.1-0.2-seed4.sanitized	schooltt-5-3-8-2-4-5-10-0.1-0.2-seed4.sanitized	schooltt	12		rule64:^schooltt-
sat-comp-2026	9ba8145e0d02318dea5507fc3ba03472-latin_square_10.15.sanitized	latin_square_10.15.sanitized	singletons	37		rule46:^(mrpp_|maximum_constrained_partition|size_5_5_5|MM-23|summle_|StConn_|two-trees|TT7F|w19-|E00X|ex095|p160_|os_fwalk|lru_|FmlaImplyChain|hhyp_cec|fastlec_cep|marijn-philips|soelberg_unit|anbul-dated|jgiraldezlevy|gto_p60|Ptn-|hid-uns-enc|crn_40|dislog_|goldb-heqc|UR-15|289-unsat|16_2$|001$|ACG-20|atco_enc|SocialGolfers|QuasiGroup|latin_square|fixedbandwidth)
sat-comp-2026	9c5dd2eb0a40a150c686459a118c720a-1.xz.sanitized	1.xz.sanitized	anon-xz-sanitized	10		rule85:^\d+\.xz\.sanitized$
sat-comp-2026	9d20bb1bd01838d70177ffd3aa284aeb-ak128modbtbg2msisc	ak128modbtbg2msisc	ak128	1		rule20:^ak128mod
sat-comp-2026	9ef9243ff051b32795890fccd6c3f6b2-sum_of_3_cubes_50_bits_91	sum_of_3_cubes_50_bits_91	sum-of-cubes	4		rule36:^(sum_of_3_cubes|sum_of_three_cubes)
sat-comp-2026	9fbe200523c648000d71b2c739093aa2-adv_gc_n100_k13_UNSAT_s42.sanitized	adv_gc_n100_k13_UNSAT_s42.sanitized	adv-gc	12		rule53:^adv_gc_
sat-comp-2026	a08c17f9a3888841cf7bbc75a807ff7e-xorshift_r14_110.sanitized	xorshift_r14_110.sanitized	xorshift	11		rule58:^xorshift_
sat-comp-2026	a08d0fcc98fe0ce9c53b2fd0c69ccc4b-bwmdm_28_2.sanitized	bwmdm_28_2.sanitized	mult-miter	12		rule1:^(bd|bw|do)[a-z]*_\d+_\d+\.sanitized$
sat-comp-2026	a110c13186ef5785df8da4bfa2ce9a6d-xorshift_r14_7.sanitized	xorshift_r14_7.sanitized	xorshift	11		rule58:^xorshift_
sat-comp-2026	a20f076f7fce54172e823c63ea7948f7-vdwb_k5_n260.sanitized	vdwb_k5_n260.sanitized	vdw	15		rule32:^(VanDerWaerden|vdw_|vdwb_)
sat-comp-2026	a2fdd0935df1379c67cf1bb93ef2cfad-54-138766	54-138766	anon-pair	9		rule88:^\d\d-\d{6}$
sat-comp-2026	a42230be4432b010789b6f97b090343c-soelberg_unit_223	soelberg_unit_223	singletons	37		rule46:^(mrpp_|maximum_constrained_partition|size_5_5_5|MM-23|summle_|StConn_|two-trees|TT7F|w19-|E00X|ex095|p160_|os_fwalk|lru_|FmlaImplyChain|hhyp_cec|fastlec_cep|marijn-philips|soelberg_unit|anbul-dated|jgiraldezlevy|gto_p60|Ptn-|hid-uns-enc|crn_40|dislog_|goldb-heqc|UR-15|289-unsat|16_2$|001$|ACG-20|atco_enc|SocialGolfers|QuasiGroup|latin_square|fixedbandwidth)
sat-comp-2026	a45aefde8bb26edb9634004146d0de89-Circuit_multiplier36	Circuit_multiplier36	circuit-multiplier	3		rule3:^Circuit_multiplier
sat-comp-2026	a4eec7a5fef59547129822f6b513d54c-1x1x13_1x3x6_pair_2_2_1_3_2_0.sanitized	1x1x13_1x3x6_pair_2_2_1_3_2_0.sanitized	pair-packing	16		rule45:^(1x1x1[34]_1x[23]x[69]_pair_)
sat-comp-2026	a4f816482e853dfad9a685ac1459e66d-bwodm_28_5.sanitized	bwodm_28_5.sanitized	mult-miter	12		rule1:^(bd|bw|do)[a-z]*_\d+_\d+\.sanitized$
sat-comp-2026	a5dc08b83ff806ac2c2c8cc23053fb07-SDP_118_16_5515.sanitized	SDP_118_16_5515.sanitized	sdp	12		sub:^SDP_
sat-comp-2026	a60a138325ac9c88ab293ec0c801a95c-xorshift_r15_191.sanitized	xorshift_r15_191.sanitized	xorshift	11		rule58:^xorshift_
sat-comp-2026	a78606fdfd6cf6ee8358bd35fa833be6-as-p61-l22-o8-II-568.sanitized	as-p61-l22-o8-II-568.sanitized	as-p	16		sub:^as-p\d+-l\d+
sat-comp-2026	a789d0722f1aa0d44c5a38b374719c69-13.normalised	13.normalised	anon-normalised	13		rule84:^\d+\.normalised$
sat-comp-2026	a7e5d03892a17e51e22b688f51cf0aab-mexam_20_18_2.sanitized	mexam_20_18_2.sanitized	exam-timetabling	12		rule65:^(exam_|mexam_)
sat-comp-2026	a80a252b748882980d9a80ddea8c5cff-bdmdm_28_1.sanitized	bdmdm_28_1.sanitized	mult-miter	12		rule1:^(bd|bw|do)[a-z]*_\d+_\d+\.sanitized$
sat-comp-2026	a8dcaf436bda091dad9ca1ff58de7287-asconhashv12_opt64_H10_M2-BPHqhzNzqi_m5_6_U14.c	asconhashv12_opt64_H10_M2-BPHqhzNzqi_m5_6_U14.c	crypto-hash	5		rule22:^(gus-md5|sha1__|preimage_|asconhash)
sat-comp-2026	a957fdb07df865bb4fd24a00ceb49fdb-T90.2.0	T90.2.0	g2-t	5		rule16:^(g2-|T9\d\.2\.)
sat-comp-2026	a95f0373ebf724f474fcc9ccd7197bd9-chnl-030x061.sanitized	chnl-030x061.sanitized	chnl	6		rule52:^chnl-
sat-comp-2026	a9856534b6ca67123d58dd5fd9c9a1b2-SDP_98_14_7360.sanitized	SDP_98_14_7360.sanitized	sdp	12		sub:^SDP_
sat-comp-2026	aa0eadb6c4935468fd6954e23a550504-1x1x13_1x3x6_pair_4_2_0_2_0_0.sanitized	1x1x13_1x3x6_pair_4_2_0_2_0_0.sanitized	pair-packing	16		rule45:^(1x1x1[34]_1x[23]x[69]_pair_)
sat-comp-2026	aa2e02360b19c83da68e39e39c530923-cabp-V-nos6.mtx.rnd-k333.sanitized	cabp-V-nos6.mtx.rnd-k333.sanitized	bandwidth-mtx	17		sub:^(abw-K-|cabp-)
sat-comp-2026	aa4e80476e6a6ea1034e303e6b2e46dc-exam_75_70.sanitized	exam_75_70.sanitized	exam-timetabling	12		rule65:^(exam_|mexam_)
sat-comp-2026	aa62e8cb5d38ac1b2d9eeeb8394eadeb-as-p87-l30-o6-rot-II-5678-i.sanitized	as-p87-l30-o6-rot-II-5678-i.sanitized	as-p	16		sub:^as-p\d+-l\d+
sat-comp-2026	ab17eed90e4da47767f72f518e3b4a26-vdwb_k6_n250.sanitized	vdwb_k6_n250.sanitized	vdw	15		rule32:^(VanDerWaerden|vdw_|vdwb_)
sat-comp-2026	ab2ab3a0651f0f35ba319ad976b1b6fd-1.sanitized	1.sanitized	anon-sanitized	12		rule86:^\d+\.sanitized$
sat-comp-2026	ac3e3bb744e258282990aa4307c08cb8-E00X23	E00X23	singletons	37		rule46:^(mrpp_|maximum_constrained_partition|size_5_5_5|MM-23|summle_|StConn_|two-trees|TT7F|w19-|E00X|ex095|p160_|os_fwalk|lru_|FmlaImplyChain|hhyp_cec|fastlec_cep|marijn-philips|soelberg_unit|anbul-dated|jgiraldezlevy|gto_p60|Ptn-|hid-uns-enc|crn_40|dislog_|goldb-heqc|UR-15|289-unsat|16_2$|001$|ACG-20|atco_enc|SocialGolfers|QuasiGroup|latin_square|fixedbandwidth)
sat-comp-2026	ac6256657058fe65dc7ddaf773ab83bf-SC21_Timetable_C_527_E_71_Cl_35_S_35	SC21_Timetable_C_527_E_71_Cl_35_S_35	timetable	15		rule63:^(SC2[135]_Timetable)
sat-comp-2026	aca9f4faabeb57a57c678d55f5bbd2f4-12.sanitized	12.sanitized	anon-sanitized	12		rule86:^\d+\.sanitized$
sat-comp-2026	ad2247443454da1fbd4543dd1fa5b57c-schooltt-5-3-9-2-4-5-10-0.1-0.2-seed3.sanitized	schooltt-5-3-9-2-4-5-10-0.1-0.2-seed3.sanitized	schooltt	12		rule64:^schooltt-
sat-comp-2026	ad5b80bb4d1b60bee12163df25846801-xorshift_r15_104.sanitized	xorshift_r15_104.sanitized	xorshift	11		rule58:^xorshift_
sat-comp-2026	ad6bc2d583c43ff9ef00faad7e29a9c2-as-p99-l33-o6-rot-rfl-568-i.sanitized	as-p99-l33-o6-rot-rfl-568-i.sanitized	as-p	16		sub:^as-p\d+-l\d+
sat-comp-2026	ae48df6541d190c096b1e5ba22d1b534-korf-17	korf-17	chess-puzzles	6		rule39:^(rook-|knight_|korf-|mchess_)
sat-comp-2026	af8248aa34c4803bfc0add954cf2e620-sembuster_4200.af_72.sanitized	sembuster_4200.af_72.sanitized	argumentation	32		rule31:(\.af(_\d+)?\.sanitized$|\.apx_|^af-synthesis|^stb_\d+|^st_\d+_)
sat-comp-2026	af9c2fb7046eb845f185c64cd9dd1006-cabp-T-dwt__592.mtx.rnd-k145.sanitized	cabp-T-dwt__592.mtx.rnd-k145.sanitized	bandwidth-mtx	17		sub:^(abw-K-|cabp-)
sat-comp-2026	b0142b06940fb02e2b4ddb7a2101a3d6-count_p2_M21.sanitized	count_p2_M21.sanitized	count	6		rule48:^count_p
sat-comp-2026	b023ea0eb9adbd9182c01d7e2d443289-mp1-tri_ali_s11_c35_bail_UNS	mp1-tri_ali_s11_c35_bail_UNS	mp1	12		rule77:^(mp1-|Nb54T6)
sat-comp-2026	b0abaa97c4663edc2048d86de3e2b226-schooltt-5-3-9-2-4-5-10-0.1-0.2-seed4.sanitized	schooltt-5-3-9-2-4-5-10-0.1-0.2-seed4.sanitized	schooltt	12		rule64:^schooltt-
sat-comp-2026	b13ba48e09e575d6a628c02200ac23f7-adv_gc_n100_k14_UNSAT_s42.sanitized	adv_gc_n100_k14_UNSAT_s42.sanitized	adv-gc	12		rule53:^adv_gc_
sat-comp-2026	b1c44904cf06682f973b60c8282f45e8-mp1-squ_ali_s10x10_c39_bail_SAT	mp1-squ_ali_s10x10_c39_bail_SAT	mp1	12		rule77:^(mp1-|Nb54T6)
sat-comp-2026	b2047f327e213b5f14adb8c75ee514fb-60-135969	60-135969	anon-pair	9		rule88:^\d\d-\d{6}$
sat-comp-2026	b358bf7111086fd6d60b11c2f01465b8-crn_40_1521_s	crn_40_1521_s	singletons	37		rule46:^(mrpp_|maximum_constrained_partition|size_5_5_5|MM-23|summle_|StConn_|two-trees|TT7F|w19-|E00X|ex095|p160_|os_fwalk|lru_|FmlaImplyChain|hhyp_cec|fastlec_cep|marijn-philips|soelberg_unit|anbul-dated|jgiraldezlevy|gto_p60|Ptn-|hid-uns-enc|crn_40|dislog_|goldb-heqc|UR-15|289-unsat|16_2$|001$|ACG-20|atco_enc|SocialGolfers|QuasiGroup|latin_square|fixedbandwidth)
sat-comp-2026	b3c587501567db72e6e66c6930cf15ed-StConn_7_128.sanitized	StConn_7_128.sanitized	singletons	37		rule46:^(mrpp_|maximum_constrained_partition|size_5_5_5|MM-23|summle_|StConn_|two-trees|TT7F|w19-|E00X|ex095|p160_|os_fwalk|lru_|FmlaImplyChain|hhyp_cec|fastlec_cep|marijn-philips|soelberg_unit|anbul-dated|jgiraldezlevy|gto_p60|Ptn-|hid-uns-enc|crn_40|dislog_|goldb-heqc|UR-15|289-unsat|16_2$|001$|ACG-20|atco_enc|SocialGolfers|QuasiGroup|latin_square|fixedbandwidth)
sat-comp-2026	b438fa464c20a19fdb7788a3f0016f32-size_5_5_5_i116_r12	size_5_5_5_i116_r12	singletons	37		rule46:^(mrpp_|maximum_constrained_partition|size_5_5_5|MM-23|summle_|StConn_|two-trees|TT7F|w19-|E00X|ex095|p160_|os_fwalk|lru_|FmlaImplyChain|hhyp_cec|fastlec_cep|marijn-philips|soelberg_unit|anbul-dated|jgiraldezlevy|gto_p60|Ptn-|hid-uns-enc|crn_40|dislog_|goldb-heqc|UR-15|289-unsat|16_2$|001$|ACG-20|atco_enc|SocialGolfers|QuasiGroup|latin_square|fixedbandwidth)
sat-comp-2026	b54b26f38d40a687b6277c49cf85de69-baseballcover11with25_and6positions	baseballcover11with25_and6positions	baseballcover	3		rule72:^baseballcover
sat-comp-2026	b69132879ed9ea0c8af1bc1e478d6ec3-128.smt2	128.smt2	smt2	4		rule26:\.smt2
sat-comp-2026	b697738cefe9cb2dd62f24653a13b341-EDP3-60000	EDP3-60000	edp	2		rule35:^EDP3-
sat-comp-2026	b6de3c794e223fe515682f52e5d81272-ER_500_50_1.af.sanitized	ER_500_50_1.af.sanitized	argumentation	32		rule31:(\.af(_\d+)?\.sanitized$|\.apx_|^af-synthesis|^stb_\d+|^st_\d+_)
sat-comp-2026	b76b9699c2deb74dd9b4a99a05179acd-hitag2-8-60-0-0xdcdbc8bf368ee73-37	hitag2-8-60-0-0xdcdbc8bf368ee73-37	crypto-cipher	6		rule21:^(aes_equiv|post-cbmc-aes|bivium|grain-|hitag2)
sat-comp-2026	b9a626da76f235aab854c6ef516b9240-AProVE07-26-sc2007	AProVE07-26-sc2007	aprove	3		rule75:^AProVE07
sat-comp-2026	ba14be209c2fc064726025f017cef17a-schooltt-5-7-12-2-4-1.4-2.6-0.8-0.9-seed2.sanitized	schooltt-5-7-12-2-4-1.4-2.6-0.8-0.9-seed2.sanitized	schooltt	12		rule64:^schooltt-
sat-comp-2026	ba7732774961fdf7508a998a41bd5366-factorize-1022117.sanitized	factorize-1022117.sanitized	factoring	5		rule23:^(factorize-|toughsat_|fermat-)
sat-comp-2026	bb8db7af8ede49391a66d4442d91c10b-7.xz.sanitized	7.xz.sanitized	anon-xz-sanitized	10		rule85:^\d+\.xz\.sanitized$
sat-comp-2026	bbcfd33f07cbf6fefa950d8254aa34ce-5.xz.sanitized	5.xz.sanitized	anon-xz-sanitized	10		rule85:^\d+\.xz\.sanitized$
sat-comp-2026	bcdc894819cf050e57849fe84a1e8cc4-chnl-020x101.sanitized	chnl-020x101.sanitized	chnl	6		rule52:^chnl-
sat-comp-2026	bd0b055b890a9ace598a0c4aba40de30-sat-bench-trig-bhaskara	sat-bench-trig-bhaskara	trig	1		rule24:^sat-bench-trig
sat-comp-2026	bf8c8761003704e761ce36db6665f741-scc_6087_19_0.3_0.1_20.af_130.sanitized	scc_6087_19_0.3_0.1_20.af_130.sanitized	argumentation	32		rule31:(\.af(_\d+)?\.sanitized$|\.apx_|^af-synthesis|^stb_\d+|^st_\d+_)
sat-comp-2026	bfc825d1eb0670fd90805c546fea5c6b-snw_17_9_CCSpreOptEncpre	snw_17_9_CCSpreOptEncpre	snw	5		sub:^snw_
sat-comp-2026	c14f0c610d59a9d5e8cec328485b916f-vdw_3_13_n161.sanitized	vdw_3_13_n161.sanitized	vdw	15		rule32:^(VanDerWaerden|vdw_|vdwb_)
sat-comp-2026	c15b09b9a7ceff4d4c8fe705958f92ba-snw_16_9_preOpt_pre	snw_16_9_preOpt_pre	snw	5		sub:^snw_
sat-comp-2026	c261941bfec8b89d75fee1a66a839169-manthey_single-ordered-initialized-w48-b9	manthey_single-ordered-initialized-w48-b9	manthey	2		sub:^manthey_single
sat-comp-2026	c300445f0f756c8f5d6571ebf0bb6edc-cabp-M-bcsstk06.mtx.rnd-k36.sanitized	cabp-M-bcsstk06.mtx.rnd-k36.sanitized	bandwidth-mtx	17		sub:^(abw-K-|cabp-)
sat-comp-2026	c3bc9b01e5f804723b74715508941bf2-2.xz.sanitized	2.xz.sanitized	anon-xz-sanitized	10		rule85:^\d+\.xz\.sanitized$
sat-comp-2026	c44762c4b177ac64fd0919f37de8382e-mexam_14_12_2.sanitized	mexam_14_12_2.sanitized	exam-timetabling	12		rule65:^(exam_|mexam_)
sat-comp-2026	c557ad9cb79983b9d429c219e3cecbb8-scc_7216_12_0.5_0.2_11.af_463.sanitized	scc_7216_12_0.5_0.2_11.af_463.sanitized	argumentation	32		rule31:(\.af(_\d+)?\.sanitized$|\.apx_|^af-synthesis|^stb_\d+|^st_\d+_)
sat-comp-2026	c615d49f357813514966186ab834be28-preimage_80r_486m_160h_seed_306	preimage_80r_486m_160h_seed_306	crypto-hash	5		rule22:^(gus-md5|sha1__|preimage_|asconhash)
sat-comp-2026	c62a1855a4db8ae0b4bd625455332a4c-1x1x14_1x2x9_pair_2_2_0_3_2_1.sanitized	1x1x14_1x2x9_pair_2_2_0_3_2_1.sanitized	pair-packing	16		rule45:^(1x1x1[34]_1x[23]x[69]_pair_)
sat-comp-2026	c6487f6dfcc1438eccca1876a33d9a9c-genurq7Sat.shuffled-as.sat03-1513.cnf.mis-135.debugged	genurq7Sat.shuffled-as.sat03-1513.cnf.mis-135.debugged	mis-debugged	5		sub:^(x2_64|marg6x6|ais8|dubois50|genurq7)
sat-comp-2026	c7449e5bc5ef75a69f8a454c13d371de-bdoawm_28_4.sanitized	bdoawm_28_4.sanitized	mult-miter	12		rule1:^(bd|bw|do)[a-z]*_\d+_\d+\.sanitized$
sat-comp-2026	c8cde50f32ca3f78a4c74a173c63449b-bp5_CSO.normalised	bp5_CSO.normalised	bp	21	sat-comp-2025	rule79:^bp[45]_
sat-comp-2026	ca18feb7d2bb6bee7a8ab28673fe1d62-as-p75-l27-o6-rot-4568.sanitized	as-p75-l27-o6-rot-4568.sanitized	as-p	16		sub:^as-p\d+-l\d+
sat-comp-2026	ca7f7824a958b98512a0c96d73251f8b-xorshift_r16_180.sanitized	xorshift_r16_180.sanitized	xorshift	11		rule58:^xorshift_
sat-comp-2026	cb2e8b7fada420c5046f587ea754d052-clique_n2_k10.sanitized	clique_n2_k10.sanitized	clique-coloring	6		rule55:^(clique_n|cliquecolo)
sat-comp-2026	cc42cc7a8022820cbd0e98595126d07e-g2-T97.2.1	g2-T97.2.1	g2-t	5		rule16:^(g2-|T9\d\.2\.)
sat-comp-2026	cc436db9fe0278663ce376e068069815-minandmaxor128	minandmaxor128	arith-xor-misc	4		rule12:^(minandmaxor|smulo|mod4block|uniqinv)
sat-comp-2026	d0b5d1dc96a5bf33d2c65106c3b179a8-connm-ue-csp-sat-n600-d0.04-s1793042357.used-as.sat04-975	connm-ue-csp-sat-n600-d0.04-s1793042357.used-as.sat04-975	connm-csp	2		sub:^connm-ue-csp
sat-comp-2026	d10b8bcd1bb5977c5ffe2d1859e4335f-xorshift_r15_175.sanitized	xorshift_r15_175.sanitized	xorshift	11		rule58:^xorshift_
sat-comp-2026	d1335d8a6a98a1988b54e1f481a64fcf-mulsol.i.1.48.sanitized	mulsol.i.1.48.sanitized	dimacs-coloring	11		rule56:^(6g_6color|color-19|le450_|fpsol2|inithx|mulsol|zeroin|miles1500|myciel)
sat-comp-2026	d27f76623aed2fce608c092b2aafafc5-exam_95_70.sanitized	exam_95_70.sanitized	exam-timetabling	12		rule65:^(exam_|mexam_)
sat-comp-2026	d418605014fdeb1236bfa720ac460c62-xorshift_r14_85.sanitized	xorshift_r14_85.sanitized	xorshift	11		rule58:^xorshift_
sat-comp-2026	d4a6b1a299c7a8ad6ea9769abcc60507-GreenTao_2-3-7_13850	GreenTao_2-3-7_13850	greentao	3		rule34:^GreenTao
sat-comp-2026	d5949f26c5c5128ef2d4ac4d3b432cc2-as-p51-l19-o8-II-568.sanitized	as-p51-l19-o8-II-568.sanitized	as-p	16		sub:^as-p\d+-l\d+
sat-comp-2026	d699355595398f0765c5f51c9d0ad852-crusti_g2io_350_0.5_255_21.af_299.sanitized	crusti_g2io_350_0.5_255_21.af_299.sanitized	crusti-g2io	13		rule30:^crusti_g2io
sat-comp-2026	d737aeb8e2eb9baed7f007056b3874af-scc_7216_12_0.5_0.2_11.af.sanitized	scc_7216_12_0.5_0.2_11.af.sanitized	argumentation	32		rule31:(\.af(_\d+)?\.sanitized$|\.apx_|^af-synthesis|^stb_\d+|^st_\d+_)
sat-comp-2026	d8225a58e2ca7c2fb93c533f406c02d5-abw-K-dwt__234.mtx-w50	abw-K-dwt__234.mtx-w50	bandwidth-mtx	17		sub:^(abw-K-|cabp-)
sat-comp-2026	d9fe50de72fb34ea94518c32d8f3077c-hitag2-7-60-0-0xe8fa35372ed37e2-80	hitag2-7-60-0-0xe8fa35372ed37e2-80	crypto-cipher	6		rule21:^(aes_equiv|post-cbmc-aes|bivium|grain-|hitag2)
sat-comp-2026	da34db9ea6b524f13708357f38432bb6-cabp-V-nos6.mtx.rnd-k274.sanitized	cabp-V-nos6.mtx.rnd-k274.sanitized	bandwidth-mtx	17		sub:^(abw-K-|cabp-)
sat-comp-2026	da6fae94ae1b1cedcced7169df02a762-1x1x13_1x3x6_pair_2_2_1_3_4_0.sanitized	1x1x13_1x3x6_pair_2_2_1_3_4_0.sanitized	pair-packing	16		rule45:^(1x1x1[34]_1x[23]x[69]_pair_)
sat-comp-2026	db099269d468029b70419bf4a49e99a1-stable-400-0.1-2-9876543214002	stable-400-0.1-2-9876543214002	stable	3		sub:^stable-400
sat-comp-2026	db15a85651e0d941a11bf8640625edd8-mdp-32-11-sat	mdp-32-11-sat	mdp	4		sub:^mdp-\d+
sat-comp-2026	dbbcaa7797145dfddfa4fe73ce91fdec-cabp-M-bcsstk06.mtx.rnd-k39.sanitized	cabp-M-bcsstk06.mtx.rnd-k39.sanitized	bandwidth-mtx	17		sub:^(abw-K-|cabp-)
sat-comp-2026	dc3ac89f98e9c3fc43450e256dce1154-vdw_4_7_n110.sanitized	vdw_4_7_n110.sanitized	vdw	15		rule32:^(VanDerWaerden|vdw_|vdwb_)
sat-comp-2026	dc691557cfebca28aefe7360768389e5-ntil-90d-48.sanitized	ntil-90d-48.sanitized	ntil	16		rule73:^ntil-90d
sat-comp-2026	dc7817dfa2817916b266c1cfacd2ee66-constraints_25_4_5_12_12_0_0_0.sanitized	constraints_25_4_5_12_12_0_0_0.sanitized	constraints	3		rule50:^constraints_
sat-comp-2026	dd062c307e10ebbb0d5641709ff26a7e-SDP_108_15_6925.sanitized	SDP_108_15_6925.sanitized	sdp	12		sub:^SDP_
sat-comp-2026	dd5d530ac8bf0019412d023488b075eb-arles_thres20_p20_r4109	arles_thres20_p20_r4109	arles	14		sub:^arles_thres
sat-comp-2026	ddf6fff9ebbbe9ec2a02f70b3316db6d-QuasiGroup-4-12_c18	QuasiGroup-4-12_c18	singletons	37		rule46:^(mrpp_|maximum_constrained_partition|size_5_5_5|MM-23|summle_|StConn_|two-trees|TT7F|w19-|E00X|ex095|p160_|os_fwalk|lru_|FmlaImplyChain|hhyp_cec|fastlec_cep|marijn-philips|soelberg_unit|anbul-dated|jgiraldezlevy|gto_p60|Ptn-|hid-uns-enc|crn_40|dislog_|goldb-heqc|UR-15|289-unsat|16_2$|001$|ACG-20|atco_enc|SocialGolfers|QuasiGroup|latin_square|fixedbandwidth)
sat-comp-2026	de3440b67769e7af00e58ec9cce9847b-SDP_136_18_712.sanitized	SDP_136_18_712.sanitized	sdp	12		sub:^SDP_
sat-comp-2026	de8c42d50f1dbf43a731f1916dc6bf01-16_16_booth_dadda_mapped_and_and_wallace_origin_bit28	16_16_booth_dadda_mapped_and_and_wallace_origin_bit28	multiplier-16x16	14	sat-comp-2025	rule0:^16_16_
sat-comp-2026	e1292f8d651e022362630d34fef69312-Medium-result_b30.af_80.sanitized	Medium-result_b30.af_80.sanitized	argumentation	32		rule31:(\.af(_\d+)?\.sanitized$|\.apx_|^af-synthesis|^stb_\d+|^st_\d+_)
sat-comp-2026	e2b819680a045a8af67f82fa2f3d945a-59-134241	59-134241	anon-pair	9		rule88:^\d\d-\d{6}$
sat-comp-2026	e305def35c314eec8266087e89a9ab46-ntil-90d-35.sanitized	ntil-90d-35.sanitized	ntil	16		rule73:^ntil-90d
sat-comp-2026	e3a132ecb8108f7d8a46b6686e686b60-9.sanitized	9.sanitized	anon-sanitized	12		rule86:^\d+\.sanitized$
sat-comp-2026	e430acf720b63044e5c825a00a76b0eb-rphp_p25_r25	rphp_p25_r25	php	7	sat-comp-2025	rule40:^(rphp5_|rphp_p|harder-fphp|php_sudoku)
sat-comp-2026	e4d1892db27b721b88e5ee7e5987649f-quad_res_r33_m36	quad_res_r33_m36	quad-res	2		sub:^quad_res
sat-comp-2026	e5066e18b03451d92863160ed8166bdf-1x1x14_1x2x9_pair_2_4_0_3_1_0.sanitized	1x1x14_1x2x9_pair_2_4_0_3_1_0.sanitized	pair-packing	16		rule45:^(1x1x1[34]_1x[23]x[69]_pair_)
sat-comp-2026	e55a49d8065d65650f24c0f3ecef30b6-af-synthesis_stb_50_120_4_unsat	af-synthesis_stb_50_120_4_unsat	argumentation	32		rule31:(\.af(_\d+)?\.sanitized$|\.apx_|^af-synthesis|^stb_\d+|^st_\d+_)
sat-comp-2026	e5787bb4c8c29aa39b14a5e11387999d-fpsol2.i.2.29.sanitized	fpsol2.i.2.29.sanitized	dimacs-coloring	11		rule56:^(6g_6color|color-19|le450_|fpsol2|inithx|mulsol|zeroin|miles1500|myciel)
sat-comp-2026	e67d733d9938c565d6359002333611ff-WS_500_16_70_10.apx_2_DS-ST	WS_500_16_70_10.apx_2_DS-ST	argumentation	32		rule31:(\.af(_\d+)?\.sanitized$|\.apx_|^af-synthesis|^stb_\d+|^st_\d+_)
sat-comp-2026	e685a5d96e1ee9e051f191eca84b0d88-sbdp4_140_2.sanitized	sbdp4_140_2.sanitized	sbdp	6		rule47:^sbdp4_
sat-comp-2026	e85fb114c33f450dc2622c78bc6fa019-lru_7.sanitized	lru_7.sanitized	singletons	37		rule46:^(mrpp_|maximum_constrained_partition|size_5_5_5|MM-23|summle_|StConn_|two-trees|TT7F|w19-|E00X|ex095|p160_|os_fwalk|lru_|FmlaImplyChain|hhyp_cec|fastlec_cep|marijn-philips|soelberg_unit|anbul-dated|jgiraldezlevy|gto_p60|Ptn-|hid-uns-enc|crn_40|dislog_|goldb-heqc|UR-15|289-unsat|16_2$|001$|ACG-20|atco_enc|SocialGolfers|QuasiGroup|latin_square|fixedbandwidth)
sat-comp-2026	e8ccbfaa2762cd0fc22b0ab05bacf529-ntil-90d-36.sanitized	ntil-90d-36.sanitized	ntil	16		rule73:^ntil-90d
sat-comp-2026	e91253303b915493090c1f4b59d9e969-lattice-20.19.sanitized	lattice-20.19.sanitized	lattice	2		rule82:^lattice-
sat-comp-2026	ebc40cf47836100655aea44ef1ed46da-MM-23-2-2-3-B	MM-23-2-2-3-B	singletons	37		rule46:^(mrpp_|maximum_constrained_partition|size_5_5_5|MM-23|summle_|StConn_|two-trees|TT7F|w19-|E00X|ex095|p160_|os_fwalk|lru_|FmlaImplyChain|hhyp_cec|fastlec_cep|marijn-philips|soelberg_unit|anbul-dated|jgiraldezlevy|gto_p60|Ptn-|hid-uns-enc|crn_40|dislog_|goldb-heqc|UR-15|289-unsat|16_2$|001$|ACG-20|atco_enc|SocialGolfers|QuasiGroup|latin_square|fixedbandwidth)
sat-comp-2026	ee44c3f464238366729bf2cb16eb412a-n384p5q2_vh.af_138.sanitized	n384p5q2_vh.af_138.sanitized	argumentation	32		rule31:(\.af(_\d+)?\.sanitized$|\.apx_|^af-synthesis|^stb_\d+|^st_\d+_)
sat-comp-2026	ee8c86d39745aea1c1731d4f34bcaed7-6.xz.sanitized	6.xz.sanitized	anon-xz-sanitized	10		rule85:^\d+\.xz\.sanitized$
sat-comp-2026	ef063cf2e17dd6472f514ab549a5eed5-cabp-V-nos6.mtx.rnd-k297.sanitized	cabp-V-nos6.mtx.rnd-k297.sanitized	bandwidth-mtx	17		sub:^(abw-K-|cabp-)
sat-comp-2026	f15a3ce898e0c66f309bf07d73744adf-crusti_g2io_350_0.5_255_42.af_264.sanitized	crusti_g2io_350_0.5_255_42.af_264.sanitized	crusti-g2io	13		rule30:^crusti_g2io
sat-comp-2026	f1d1a4fee20e2907c33465a88d1e24f2-openstacks-sequencedstrips-nonadl-nonnegated-os-sequencedstrips-p30_1.035-NOTKNOWN	openstacks-sequencedstrips-nonadl-nonnegated-os-sequencedstrips-p30_1.035-NOTKNOWN	planning	3		rule69:^(blocks-blocks|openstacks-|aaai10-planning)
sat-comp-2026	f2c6d035d0aa58cc06927af6be7a821f-scc_9630_26_0.3_0.1_17.af_516.sanitized	scc_9630_26_0.3_0.1_17.af_516.sanitized	argumentation	32		rule31:(\.af(_\d+)?\.sanitized$|\.apx_|^af-synthesis|^stb_\d+|^st_\d+_)
sat-comp-2026	f497bda3018958d7ba2d1cd99da3982e-adv_gc_n100_k12_UNSAT_s42.sanitized	adv_gc_n100_k12_UNSAT_s42.sanitized	adv-gc	12		rule53:^adv_gc_
sat-comp-2026	f52a349677a5b5b5315b5954b3181fe3-schooltt-5-7-12-2-4-1.4-2.6-0.2-0.9-seed2.sanitized	schooltt-5-7-12-2-4-1.4-2.6-0.2-0.9-seed2.sanitized	schooltt	12		rule64:^schooltt-
sat-comp-2026	f554b55356a5e0ed39dbf8c1030ebce0-4.xz.sanitized	4.xz.sanitized	anon-xz-sanitized	10		rule85:^\d+\.xz\.sanitized$
sat-comp-2026	f5bb000a2fb23f3a5c19df2b6613cf77-ntil-90d-47.sanitized	ntil-90d-47.sanitized	ntil	16		rule73:^ntil-90d
sat-comp-2026	f604f43d1f5525f3dab4090190adbc66-1x1x14_1x2x9_pair_2_4_0_3_3_0.sanitized	1x1x14_1x2x9_pair_2_4_0_3_3_0.sanitized	pair-packing	16		rule45:^(1x1x1[34]_1x[23]x[69]_pair_)
sat-comp-2026	f83424f869b61931d720f93e5a12df3c-php_sudoku_p20_h19.sanitized	php_sudoku_p20_h19.sanitized	php	7		rule40:^(rphp5_|rphp_p|harder-fphp|php_sudoku)
sat-comp-2026	f8443057c188f6c9cfb711ff3d4aa6ff-constraints_17_0.5_2.sanitized	constraints_17_0.5_2.sanitized	constraints	3		rule50:^constraints_
sat-comp-2026	f8a3fae231fe11905d91db3fb6c42449-289-unsat-13x32	289-unsat-13x32	singletons	37		rule46:^(mrpp_|maximum_constrained_partition|size_5_5_5|MM-23|summle_|StConn_|two-trees|TT7F|w19-|E00X|ex095|p160_|os_fwalk|lru_|FmlaImplyChain|hhyp_cec|fastlec_cep|marijn-philips|soelberg_unit|anbul-dated|jgiraldezlevy|gto_p60|Ptn-|hid-uns-enc|crn_40|dislog_|goldb-heqc|UR-15|289-unsat|16_2$|001$|ACG-20|atco_enc|SocialGolfers|QuasiGroup|latin_square|fixedbandwidth)
sat-comp-2026	fa3e27fb7209620b792d5c75a75d669b-schooltt-5-5-10-2-4-5-10-0.1-0.2-seed5.sanitized	schooltt-5-5-10-2-4-5-10-0.1-0.2-seed5.sanitized	schooltt	12		rule64:^schooltt-
sat-comp-2026	fac2035ba83ac2d0c2d67509d3f82b94-16_16_booth_dadda_origin_and_default_mapped_ultra_bit29	16_16_booth_dadda_origin_and_default_mapped_ultra_bit29	multiplier-16x16	14		rule0:^16_16_
sat-comp-2026	faf4561dc9f61c71b926d7d0aec7fb4a-smulo128	smulo128	arith-xor-misc	4		rule12:^(minandmaxor|smulo|mod4block|uniqinv)
sat-comp-2026	fbbfbee9e6cba8bca18fbcfc23dcfcb6-adv_gc_n100_k11_UNSAT_s42.sanitized	adv_gc_n100_k11_UNSAT_s42.sanitized	adv-gc	12		rule53:^adv_gc_
sat-comp-2026	fbd9968f5067604694f11f14c07c5527-count_p2_M45.sanitized	count_p2_M45.sanitized	count	6		rule48:^count_p
sat-comp-2026	fbf3b9f8a03a1efedae3da04622fe96e-sqrt-mitern168	sqrt-mitern168	div-sqrt-miter	8		rule5:^(div_miter|div-mitern|sqrt-mitern|DivS_)
sat-comp-2026	fca71c20202ef404349136c3a00465eb-em_8_4_5_fbc	em_8_4_5_fbc	em	3		rule51:^em_\d
sat-comp-2026	fd1e0ce3662b9b25d23eb01c6e53a425-ntil-90d-42.sanitized	ntil-90d-42.sanitized	ntil	16		rule73:^ntil-90d
sat-comp-2026	fe776dd02d74e0d68a3e3fc3f9d934de-vdwb_k7_n3703.sanitized	vdwb_k7_n3703.sanitized	vdw	15		rule32:^(VanDerWaerden|vdw_|vdwb_)
sat-comp-2026	fed1f1b55b33c7e0f8356832d571b0bf-ntil-90d-41.sanitized	ntil-90d-41.sanitized	ntil	16		rule73:^ntil-90d
sat-comp-2026	fed3f8d39738c2e935e8ed13ddeb6967-8.sanitized	8.sanitized	anon-sanitized	12		rule86:^\d+\.sanitized$
sat-comp-2026	ff706804d01ac07e8b8502de6331f2de-adv_gc_n200_k15_UNSAT_s42.sanitized	adv_gc_n200_k15_UNSAT_s42.sanitized	adv-gc	12		rule53:^adv_gc_
