stem	tag	flavour	seed	limit_ticks	wall_s	procs	peak_rss_mb	env
00d5a43a481477fa4d56a2ce152a6cfb-st_890_86_9_572.normalised	fork	fork	0	141849416851	42521	7	164.5	SAT_POLICY_BRANCH=315:reorder,562:margin,578:mode,636:reorder,651:reduce,707:reduce,846:mode,847:reduce SAT_POLICY_BRANCH_JOBS=6
00d5a43a481477fa4d56a2ce152a6cfb-st_890_86_9_572.normalised	seg	random	0	141849416851	7586	1	164.5	SAT_POLICY_SEED=1889578631 SAT_POLICY_TEMP=1.0 SAT_POLICY_SEGMENT=5
00d5a43a481477fa4d56a2ce152a6cfb-st_890_86_9_572.normalised	jit	jitter	0	141849416851	7586	1	164.5	SAT_POLICY_SEED=1889578632 SAT_POLICY_TEMP=0.5
0205e2dffaef93a90c239df31755f2e1-bp4_CSO_AM_IXA_LP.normalised	fork	fork	0	16835657211	4130	7	97.4	SAT_POLICY_BRANCH=7:probe,8:mode,9:reduce,19:reorder SAT_POLICY_BRANCH_JOBS=6
0205e2dffaef93a90c239df31755f2e1-bp4_CSO_AM_IXA_LP.normalised	seg	random	0	16835657211	1482	1	97.4	SAT_POLICY_SEED=243480446 SAT_POLICY_TEMP=1.0 SAT_POLICY_SEGMENT=5
0205e2dffaef93a90c239df31755f2e1-bp4_CSO_AM_IXA_LP.normalised	jit	jitter	0	16835657211	1482	1	97.4	SAT_POLICY_SEED=243480447 SAT_POLICY_TEMP=0.5
04648cef5bed430ab6429991fa9e107d-ramsey_3_6_19.normalised	fork	fork	0	109181978694	41504	7	119.9	SAT_POLICY_BRANCH=235:mode,375:reorder,404:probe,530:probe,548:reduce,578:reorder,621:margin,638:probe SAT_POLICY_BRANCH_JOBS=6
04648cef5bed430ab6429991fa9e107d-ramsey_3_6_19.normalised	seg	random	0	109181978694	7417	1	119.9	SAT_POLICY_SEED=756807407 SAT_POLICY_TEMP=1.0 SAT_POLICY_SEGMENT=5
04648cef5bed430ab6429991fa9e107d-ramsey_3_6_19.normalised	jit	jitter	0	109181978694	7417	1	119.9	SAT_POLICY_SEED=756807408 SAT_POLICY_TEMP=0.5
04f43bb4a4f2c193a18e7195a4fd8e41-goldcrest-and-11	fork	fork	0	21772897554	11696	7	255.7	SAT_POLICY_BRANCH=5:reduce,7:rephase,24:reorder,29:probe,32:rephase,37:margin SAT_POLICY_BRANCH_JOBS=6
04f43bb4a4f2c193a18e7195a4fd8e41-goldcrest-and-11	seg	random	0	21772897554	2819	1	255.7	SAT_POLICY_SEED=1380310089 SAT_POLICY_TEMP=1.0 SAT_POLICY_SEGMENT=5
04f43bb4a4f2c193a18e7195a4fd8e41-goldcrest-and-11	jit	jitter	0	21772897554	2819	1	255.7	SAT_POLICY_SEED=1380310090 SAT_POLICY_TEMP=0.5
053e06424279f5cfec8bb14dfa9af23c-oisc-subrv-and-nested-15	fork	fork	0	44146008048	41560	7	6078.7	SAT_POLICY_BRANCH=122:probe,154:reduce,155:sweep,167:reorder,173:reduce,179:probe,181:margin,187:eliminate SAT_POLICY_BRANCH_JOBS=6
053e06424279f5cfec8bb14dfa9af23c-oisc-subrv-and-nested-15	seg	random	0	44146008048	7426	1	6078.7	SAT_POLICY_SEED=739163145 SAT_POLICY_TEMP=1.0 SAT_POLICY_SEGMENT=5
053e06424279f5cfec8bb14dfa9af23c-oisc-subrv-and-nested-15	jit	jitter	0	44146008048	7426	1	6078.7	SAT_POLICY_SEED=739163146 SAT_POLICY_TEMP=0.5
062f58e44eb73f9274b57af5092cad90-rook-51-0-0	fork	fork	0	99784881986	85455	7	128.4	SAT_POLICY_BRANCH=65:probe,78:mode,88:probe,110:rephase,114:reorder,143:reduce,155:reduce,169:mode,177:margin,183:probe,200:reorder,216:mode,228:eliminate,246:reduce,268:margin,277:probe SAT_POLICY_BRANCH_JOBS=6
062f58e44eb73f9274b57af5092cad90-rook-51-0-0	seg	random	0	99784881986	9085	1	128.4	SAT_POLICY_SEED=220718729 SAT_POLICY_TEMP=1.0 SAT_POLICY_SEGMENT=5
062f58e44eb73f9274b57af5092cad90-rook-51-0-0	jit	jitter	0	99784881986	9085	1	128.4	SAT_POLICY_SEED=220718730 SAT_POLICY_TEMP=0.5
06d2ca2ee0b47f00d93090495f7fd4f4-clqcl_100_6_5.normalised	fork	fork	0	118468890960	44022	7	330.2	SAT_POLICY_BRANCH=252:rephase,344:mode,347:eliminate,350:eliminate,362:reorder,457:rephase,573:reorder,665:mode SAT_POLICY_BRANCH_JOBS=6
06d2ca2ee0b47f00d93090495f7fd4f4-clqcl_100_6_5.normalised	seg	random	0	118468890960	7837	1	330.2	SAT_POLICY_SEED=1318469937 SAT_POLICY_TEMP=1.0 SAT_POLICY_SEGMENT=5
06d2ca2ee0b47f00d93090495f7fd4f4-clqcl_100_6_5.normalised	jit	jitter	0	118468890960	7837	1	330.2	SAT_POLICY_SEED=1318469938 SAT_POLICY_TEMP=0.5
07cea7a64248a60d509368d09d3057c2-pj2013_k9	fork	fork	0	3818910492	1396	7	347.8	SAT_POLICY_BRANCH=0:mode,1:mode,4:eliminate SAT_POLICY_BRANCH_JOBS=6
07cea7a64248a60d509368d09d3057c2-pj2013_k9	seg	random	0	3818910492	865	1	347.8	SAT_POLICY_SEED=14305090 SAT_POLICY_TEMP=1.0 SAT_POLICY_SEGMENT=5
07cea7a64248a60d509368d09d3057c2-pj2013_k9	jit	jitter	0	3818910492	865	1	347.8	SAT_POLICY_SEED=14305091 SAT_POLICY_TEMP=0.5
081f111af59344b61346367a930e24f6-Break_triple_04_06.xml	fork	fork	0	36744000	1080	7	3.5	SAT_POLICY_BRANCH=0:eliminate SAT_POLICY_BRANCH_JOBS=6
081f111af59344b61346367a930e24f6-Break_triple_04_06.xml	seg	random	0	36744000	840	1	3.5	SAT_POLICY_SEED=1921839486 SAT_POLICY_TEMP=1.0 SAT_POLICY_SEGMENT=5
081f111af59344b61346367a930e24f6-Break_triple_04_06.xml	jit	jitter	0	36744000	840	1	3.5	SAT_POLICY_SEED=1921839487 SAT_POLICY_TEMP=0.5
0876c518e5653369e20fb1ee0bb8db40-mp1-klieber2017s-0500-023-t12	fork	fork	0	5088328325	1320	7	22.3	SAT_POLICY_BRANCH=0:reorder,1:probe,3:reorder SAT_POLICY_BRANCH_JOBS=6
0876c518e5653369e20fb1ee0bb8db40-mp1-klieber2017s-0500-023-t12	seg	random	0	5088328325	840	1	22.3	SAT_POLICY_SEED=1843136102 SAT_POLICY_TEMP=1.0 SAT_POLICY_SEGMENT=5
0876c518e5653369e20fb1ee0bb8db40-mp1-klieber2017s-0500-023-t12	jit	jitter	0	5088328325	840	1	22.3	SAT_POLICY_SEED=1843136103 SAT_POLICY_TEMP=0.5
08d56c03e6561f6b9bec2e3f344ea3de-cliquecoloring_n26_k7_c6	fork	fork	0	105530135398	34005	7	179.7	SAT_POLICY_BRANCH=222:sweep,255:mode,258:margin,329:margin,427:mode,490:reduce,593:reduce,620:sweep SAT_POLICY_BRANCH_JOBS=6
08d56c03e6561f6b9bec2e3f344ea3de-cliquecoloring_n26_k7_c6	seg	random	0	105530135398	7281	1	179.7	SAT_POLICY_SEED=765047744 SAT_POLICY_TEMP=1.0 SAT_POLICY_SEGMENT=5
08d56c03e6561f6b9bec2e3f344ea3de-cliquecoloring_n26_k7_c6	jit	jitter	0	105530135398	7281	1	179.7	SAT_POLICY_SEED=765047745 SAT_POLICY_TEMP=0.5
09cd83e233380d0ba1fc56cee88367b1-s38417	fork	fork	0	3585502941	1080	7	14.8	SAT_POLICY_BRANCH=0:margin SAT_POLICY_BRANCH_JOBS=6
09cd83e233380d0ba1fc56cee88367b1-s38417	seg	random	0	3585502941	840	1	14.8	SAT_POLICY_SEED=9653115 SAT_POLICY_TEMP=1.0 SAT_POLICY_SEGMENT=5
09cd83e233380d0ba1fc56cee88367b1-s38417	jit	jitter	0	3585502941	840	1	14.8	SAT_POLICY_SEED=9653116 SAT_POLICY_TEMP=0.5
0a4880c0e882e6a4a31943522573c394-b19_1	fork	fork	0	40413919856	29399	7	164.4	SAT_POLICY_BRANCH=27:reduce,36:sweep,38:probe,45:mode,51:margin,58:margin,59:eliminate,70:probe,75:reduce,76:mode,77:reduce,80:margin SAT_POLICY_BRANCH_JOBS=6
0a4880c0e882e6a4a31943522573c394-b19_1	seg	random	0	40413919856	4199	1	164.4	SAT_POLICY_SEED=924374004 SAT_POLICY_TEMP=1.0 SAT_POLICY_SEGMENT=5
0a4880c0e882e6a4a31943522573c394-b19_1	jit	jitter	0	40413919856	4199	1	164.4	SAT_POLICY_SEED=924374005 SAT_POLICY_TEMP=0.5
0a8a4c28d27228e954354ea0a6e7f16c-sum_of_three_cubes_42_known_representation	fork	fork	0	16396819059	7222	7	599.5	SAT_POLICY_BRANCH=4:mode,10:eliminate,13:eliminate,25:reduce SAT_POLICY_BRANCH_JOBS=6
0a8a4c28d27228e954354ea0a6e7f16c-sum_of_three_cubes_42_known_representation	seg	random	0	16396819059	2255	1	599.5	SAT_POLICY_SEED=1690710803 SAT_POLICY_TEMP=1.0 SAT_POLICY_SEGMENT=5
0a8a4c28d27228e954354ea0a6e7f16c-sum_of_three_cubes_42_known_representation	jit	jitter	0	16396819059	2255	1	599.5	SAT_POLICY_SEED=1690710804 SAT_POLICY_TEMP=0.5
0ae917c2e0c1d39cbe411c29b2f5ff08-dislog_a14_x14_n24	fork	fork	0	75793518768	41013	7	40.2	SAT_POLICY_BRANCH=18:margin,29:rephase,31:mode,34:rephase,48:margin,50:margin,52:reduce,56:eliminate,60:probe,66:reduce,69:reduce,70:mode,77:rephase,80:margin,81:probe,89:mode,97:reorder,98:reorder,99:reduce,113:reduce,126:mode SAT_POLICY_BRANCH_JOBS=6
0ae917c2e0c1d39cbe411c29b2f5ff08-dislog_a14_x14_n24	seg	random	0	75793518768	3708	1	40.2	SAT_POLICY_SEED=409740857 SAT_POLICY_TEMP=1.0 SAT_POLICY_SEGMENT=5
0ae917c2e0c1d39cbe411c29b2f5ff08-dislog_a14_x14_n24	jit	jitter	0	75793518768	3708	1	40.2	SAT_POLICY_SEED=409740858 SAT_POLICY_TEMP=0.5
0c0430a68f147be18ab3fded07f30fdb-oddball_53_5_tto_zp.normalised	fork	fork	0	52520710645	71700	7	659.9	SAT_POLICY_BRANCH=49:reorder,64:reduce,67:probe,68:margin,80:margin,85:sweep,91:reduce,101:eliminate,102:reduce,105:reorder,121:mode,160:eliminate,166:rephase,174:reduce,186:mode,195:mode SAT_POLICY_BRANCH_JOBS=6
0c0430a68f147be18ab3fded07f30fdb-oddball_53_5_tto_zp.normalised	seg	random	0	52520710645	7710	1	659.9	SAT_POLICY_SEED=966438866 SAT_POLICY_TEMP=1.0 SAT_POLICY_SEGMENT=5
0c0430a68f147be18ab3fded07f30fdb-oddball_53_5_tto_zp.normalised	jit	jitter	0	52520710645	7710	1	659.9	SAT_POLICY_SEED=966438867 SAT_POLICY_TEMP=0.5
0c9bcbc815cf0f109b7aeef3fbffc42d-par32-2.shuffled-as.sat03-1534	fork	fork	0	171072493243	83008	7	48.9	SAT_POLICY_BRANCH=136:reduce,224:eliminate,242:eliminate,243:mode,264:rephase,288:mode,304:rephase,369:probe,398:eliminate,399:probe,430:sweep,441:reduce,503:reduce,523:probe,534:mode,570:probe SAT_POLICY_BRANCH_JOBS=6
0c9bcbc815cf0f109b7aeef3fbffc42d-par32-2.shuffled-as.sat03-1534	seg	random	0	171072493243	8091	1	48.9	SAT_POLICY_SEED=706741924 SAT_POLICY_TEMP=1.0 SAT_POLICY_SEGMENT=5
0c9bcbc815cf0f109b7aeef3fbffc42d-par32-2.shuffled-as.sat03-1534	jit	jitter	0	171072493243	8091	1	48.9	SAT_POLICY_SEED=706741925 SAT_POLICY_TEMP=0.5
0ccb0f855352783a972be45188bf3164-SCPC-500-12	fork	fork	0	7867195122	1356	7	14.3	SAT_POLICY_BRANCH=0:sweep,8:mode,9:reorder SAT_POLICY_BRANCH_JOBS=6
0ccb0f855352783a972be45188bf3164-SCPC-500-12	seg	random	0	7867195122	852	1	14.3	SAT_POLICY_SEED=1596384569 SAT_POLICY_TEMP=1.0 SAT_POLICY_SEGMENT=5
0ccb0f855352783a972be45188bf3164-SCPC-500-12	jit	jitter	0	7867195122	852	1	14.3	SAT_POLICY_SEED=1596384570 SAT_POLICY_TEMP=0.5
0e1d562093d5f4fc9013cf4a14a03f70-Break_12_50.xml	fork	fork	0	4890109972	1080	7	12.0	SAT_POLICY_BRANCH=0:mode SAT_POLICY_BRANCH_JOBS=6
0e1d562093d5f4fc9013cf4a14a03f70-Break_12_50.xml	seg	random	0	4890109972	840	1	12.0	SAT_POLICY_SEED=1040754935 SAT_POLICY_TEMP=1.0 SAT_POLICY_SEGMENT=5
0e1d562093d5f4fc9013cf4a14a03f70-Break_12_50.xml	jit	jitter	0	4890109972	840	1	12.0	SAT_POLICY_SEED=1040754936 SAT_POLICY_TEMP=0.5
0e36fa2e12f32cde67937803299fb57b-6s268r_Iter94	fork	fork	0	2441883165	1837	7	224.7	SAT_POLICY_BRANCH=0:eliminate,1:probe,2:margin,3:mode SAT_POLICY_BRANCH_JOBS=6
0e36fa2e12f32cde67937803299fb57b-6s268r_Iter94	seg	random	0	2441883165	1012	1	224.7	SAT_POLICY_SEED=2049095112 SAT_POLICY_TEMP=1.0 SAT_POLICY_SEGMENT=5
0e36fa2e12f32cde67937803299fb57b-6s268r_Iter94	jit	jitter	0	2441883165	1012	1	224.7	SAT_POLICY_SEED=2049095113 SAT_POLICY_TEMP=0.5
0ed8c06438673f179985a79b9d6a9fe4-cfi-rigid-s2-0064-04-or_2_shuffle_all	fork	fork	0	88700765339	89018	7	477.9	SAT_POLICY_BRANCH=68:mode,82:rephase,86:reduce,102:probe,106:eliminate,128:reduce,138:rephase,156:reorder,163:sweep,165:sweep,170:eliminate,194:probe,197:margin,200:margin,213:reduce,223:reduce SAT_POLICY_BRANCH_JOBS=6
0ed8c06438673f179985a79b9d6a9fe4-cfi-rigid-s2-0064-04-or_2_shuffle_all	seg	random	0	88700765339	8638	1	477.9	SAT_POLICY_SEED=2038369442 SAT_POLICY_TEMP=1.0 SAT_POLICY_SEGMENT=5
0ed8c06438673f179985a79b9d6a9fe4-cfi-rigid-s2-0064-04-or_2_shuffle_all	jit	jitter	0	88700765339	8638	1	477.9	SAT_POLICY_SEED=2038369443 SAT_POLICY_TEMP=0.5
110f8eb8b9b80204fe955ea0973bbb00-clqcl_30_7_6.normalised	fork	fork	0	108110456935	41879	7	198.2	SAT_POLICY_BRANCH=230:reduce,238:mode,253:probe,288:sweep,333:sweep,479:probe,506:sweep,586:margin SAT_POLICY_BRANCH_JOBS=6
110f8eb8b9b80204fe955ea0973bbb00-clqcl_30_7_6.normalised	seg	random	0	108110456935	7479	1	198.2	SAT_POLICY_SEED=1141310622 SAT_POLICY_TEMP=1.0 SAT_POLICY_SEGMENT=5
110f8eb8b9b80204fe955ea0973bbb00-clqcl_30_7_6.normalised	jit	jitter	0	108110456935	7479	1	198.2	SAT_POLICY_SEED=1141310623 SAT_POLICY_TEMP=0.5
12820b981e6b199a1b1a8c896386a337-RoundRobin_n16_d14	fork	fork	0	138497201057	44129	7	144.5	SAT_POLICY_BRANCH=323:eliminate,385:reduce,435:eliminate,497:probe,577:margin,648:mode,682:mode,785:probe SAT_POLICY_BRANCH_JOBS=6
12820b981e6b199a1b1a8c896386a337-RoundRobin_n16_d14	seg	random	0	138497201057	7854	1	144.5	SAT_POLICY_SEED=1698699258 SAT_POLICY_TEMP=1.0 SAT_POLICY_SEGMENT=5
12820b981e6b199a1b1a8c896386a337-RoundRobin_n16_d14	jit	jitter	0	138497201057	7854	1	144.5	SAT_POLICY_SEED=1698699259 SAT_POLICY_TEMP=0.5
1576e239e1c17939f24688a12fb10fae-6s299b685_Iter22	fork	fork	0	1272966892	1080	7	84.2	SAT_POLICY_BRANCH=0:reorder SAT_POLICY_BRANCH_JOBS=6
1576e239e1c17939f24688a12fb10fae-6s299b685_Iter22	seg	random	0	1272966892	840	1	84.2	SAT_POLICY_SEED=615755775 SAT_POLICY_TEMP=1.0 SAT_POLICY_SEGMENT=5
1576e239e1c17939f24688a12fb10fae-6s299b685_Iter22	jit	jitter	0	1272966892	840	1	84.2	SAT_POLICY_SEED=615755776 SAT_POLICY_TEMP=0.5
16564a6acba6b9fc887c447d4e507767-ER_400_20_7.apx_2_DS-ST	fork	fork	0	51151070937	25630	7	65.6	SAT_POLICY_BRANCH=14:probe,15:rephase,29:rephase,37:mode,42:reorder,43:mode,65:reduce,73:rephase,74:reorder,77:probe,85:reorder,89:mode,91:sweep,98:eliminate,99:margin SAT_POLICY_BRANCH_JOBS=6
16564a6acba6b9fc887c447d4e507767-ER_400_20_7.apx_2_DS-ST	seg	random	0	51151070937	3103	1	65.6	SAT_POLICY_SEED=1308989185 SAT_POLICY_TEMP=1.0 SAT_POLICY_SEGMENT=5
16564a6acba6b9fc887c447d4e507767-ER_400_20_7.apx_2_DS-ST	jit	jitter	0	51151070937	3103	1	65.6	SAT_POLICY_SEED=1308989186 SAT_POLICY_TEMP=0.5
16c999d046885c8e51f196e60c34d966-aaai10-planning-ipc5-pathways-17-step20	fork	fork	0	12836117208	3158	7	46.0	SAT_POLICY_BRANCH=9:mode,10:rephase,18:probe,21:reorder SAT_POLICY_BRANCH_JOBS=6
16c999d046885c8e51f196e60c34d966-aaai10-planning-ipc5-pathways-17-step20	seg	random	0	12836117208	1239	1	46.0	SAT_POLICY_SEED=73645696 SAT_POLICY_TEMP=1.0 SAT_POLICY_SEGMENT=5
16c999d046885c8e51f196e60c34d966-aaai10-planning-ipc5-pathways-17-step20	jit	jitter	0	12836117208	1239	1	46.0	SAT_POLICY_SEED=73645697 SAT_POLICY_TEMP=0.5
16ff47a05b769ed6a04c7175cfc6da55-sqrt-mitern170	fork	fork	0	26945500221	9668	7	23.4	SAT_POLICY_BRANCH=6:reorder,15:sweep,19:eliminate,21:probe,28:reorder,43:probe,49:probe,52:reorder SAT_POLICY_BRANCH_JOBS=6
16ff47a05b769ed6a04c7175cfc6da55-sqrt-mitern170	seg	random	0	26945500221	1895	1	23.4	SAT_POLICY_SEED=410561941 SAT_POLICY_TEMP=1.0 SAT_POLICY_SEGMENT=5
16ff47a05b769ed6a04c7175cfc6da55-sqrt-mitern170	jit	jitter	0	26945500221	1895	1	23.4	SAT_POLICY_SEED=410561942 SAT_POLICY_TEMP=0.5
18d4124324b56e434118f9ef72198d84-spg_300_300	fork	fork	0	10204742460	5403	7	380.3	SAT_POLICY_BRANCH=4:eliminate,7:reorder,9:reorder,11:probe SAT_POLICY_BRANCH_JOBS=6
18d4124324b56e434118f9ef72198d84-spg_300_300	seg	random	0	10204742460	1800	1	380.3	SAT_POLICY_SEED=1095901679 SAT_POLICY_TEMP=1.0 SAT_POLICY_SEGMENT=5
18d4124324b56e434118f9ef72198d84-spg_300_300	jit	jitter	0	10204742460	1800	1	380.3	SAT_POLICY_SEED=1095901680 SAT_POLICY_TEMP=0.5
19951d43eff5fc4ef6fd07d7a5324fa0-oddball_80_5_tto_zp.normalised	fork	fork	0	49275386763	47126	7	785.9	SAT_POLICY_BRANCH=101:margin,120:eliminate,129:margin,205:reorder,208:margin,223:reduce,228:reorder,248:eliminate SAT_POLICY_BRANCH_JOBS=6
19951d43eff5fc4ef6fd07d7a5324fa0-oddball_80_5_tto_zp.normalised	seg	random	0	49275386763	8354	1	785.9	SAT_POLICY_SEED=1181951028 SAT_POLICY_TEMP=1.0 SAT_POLICY_SEGMENT=5
19951d43eff5fc4ef6fd07d7a5324fa0-oddball_80_5_tto_zp.normalised	jit	jitter	0	49275386763	8354	1	785.9	SAT_POLICY_SEED=1181951029 SAT_POLICY_TEMP=0.5
1a92907cdec0528583a8f49a818b406d-BubbleVsPancakeSort_8_4	fork	fork	0	74801410740	51000	7	40.6	SAT_POLICY_BRANCH=20:sweep,21:reduce,26:mode,28:eliminate,42:reorder,44:rephase,45:margin,52:reduce,60:sweep,62:margin,73:probe,96:reorder,100:reduce,106:sweep,110:probe,111:reduce,122:margin,136:eliminate,143:reorder,145:eliminate,149:reorder,154:probe SAT_POLICY_BRANCH_JOBS=6
1a92907cdec0528583a8f49a818b406d-BubbleVsPancakeSort_8_4	seg	random	0	74801410740	4200	1	40.6	SAT_POLICY_SEED=1040192543 SAT_POLICY_TEMP=1.0 SAT_POLICY_SEGMENT=5
1a92907cdec0528583a8f49a818b406d-BubbleVsPancakeSort_8_4	jit	jitter	0	74801410740	4200	1	40.6	SAT_POLICY_SEED=1040192544 SAT_POLICY_TEMP=0.5
1a9512580b2d946ebd41de4e8c08c42d-linked_list_swap_contents_safety_unwind50	fork	fork	0	2857246905	1447	7	1122.8	SAT_POLICY_BRANCH=1:mode,2:reorder,4:probe SAT_POLICY_BRANCH_JOBS=6
1a9512580b2d946ebd41de4e8c08c42d-linked_list_swap_contents_safety_unwind50	seg	random	0	2857246905	882	1	1122.8	SAT_POLICY_SEED=2014264278 SAT_POLICY_TEMP=1.0 SAT_POLICY_SEGMENT=5
1a9512580b2d946ebd41de4e8c08c42d-linked_list_swap_contents_safety_unwind50	jit	jitter	0	2857246905	882	1	1122.8	SAT_POLICY_SEED=2014264279 SAT_POLICY_TEMP=0.5
1b84df53843ecd90ec8c3c7a01cada6c-ramsey_4_4_18.normalised	fork	fork	0	104389326727	48931	7	111.2	SAT_POLICY_BRANCH=277:probe,351:reorder,373:probe,413:reduce,451:sweep,576:reduce,606:probe,633:reduce SAT_POLICY_BRANCH_JOBS=6
1b84df53843ecd90ec8c3c7a01cada6c-ramsey_4_4_18.normalised	seg	random	0	104389326727	7504	1	111.2	SAT_POLICY_SEED=736278806 SAT_POLICY_TEMP=1.0 SAT_POLICY_SEGMENT=5
1b84df53843ecd90ec8c3c7a01cada6c-ramsey_4_4_18.normalised	jit	jitter	0	104389326727	7504	1	111.2	SAT_POLICY_SEED=736278807 SAT_POLICY_TEMP=0.5
1b8806812861df2b7e91dc316ad1ef80-oddball_52_5_tto_zp.normalised	fork	fork	0	57505391179	41779	7	608.3	SAT_POLICY_BRANCH=109:eliminate,137:eliminate,141:reorder,142:probe,225:reduce,230:rephase,251:reorder,288:margin SAT_POLICY_BRANCH_JOBS=6
1b8806812861df2b7e91dc316ad1ef80-oddball_52_5_tto_zp.normalised	seg	random	0	57505391179	7463	1	608.3	SAT_POLICY_SEED=1824462975 SAT_POLICY_TEMP=1.0 SAT_POLICY_SEGMENT=5
1b8806812861df2b7e91dc316ad1ef80-oddball_52_5_tto_zp.normalised	jit	jitter	0	57505391179	7463	1	608.3	SAT_POLICY_SEED=1824462976 SAT_POLICY_TEMP=0.5
1d18837c0ced5c18a3a4693993e61728-SC25_Timetable_C_392_E_45_Cl_25_D_7_T_50.normalised	fork	fork	0	2203399165	1079	7	141.8	SAT_POLICY_BRANCH=0:mode,1:reorder SAT_POLICY_BRANCH_JOBS=6
1d18837c0ced5c18a3a4693993e61728-SC25_Timetable_C_392_E_45_Cl_25_D_7_T_50.normalised	seg	random	0	2203399165	839	1	141.8	SAT_POLICY_SEED=1699679938 SAT_POLICY_TEMP=1.0 SAT_POLICY_SEGMENT=5
1d18837c0ced5c18a3a4693993e61728-SC25_Timetable_C_392_E_45_Cl_25_D_7_T_50.normalised	jit	jitter	0	2203399165	839	1	141.8	SAT_POLICY_SEED=1699679939 SAT_POLICY_TEMP=0.5
1d90be3e37a42432d281cf6c1b8eae4b-multiplier_16bits__miter_22	fork	fork	0	144958855163	42860	7	90.1	SAT_POLICY_BRANCH=333:eliminate,415:mode,493:reduce,519:eliminate,643:eliminate,715:probe,812:mode,856:reorder SAT_POLICY_BRANCH_JOBS=6
1d90be3e37a42432d281cf6c1b8eae4b-multiplier_16bits__miter_22	seg	random	0	144958855163	7643	1	90.1	SAT_POLICY_SEED=1721032524 SAT_POLICY_TEMP=1.0 SAT_POLICY_SEGMENT=5
1d90be3e37a42432d281cf6c1b8eae4b-multiplier_16bits__miter_22	jit	jitter	0	144958855163	7643	1	90.1	SAT_POLICY_SEED=1721032525 SAT_POLICY_TEMP=0.5
1e0d58c7e52319b3b17e343ec7ca6de5-QG7-gensys-icl006.sat05-3132.reshuffled-07	fork	fork	0	38278811562	11556	7	32.8	SAT_POLICY_BRANCH=14:eliminate,17:sweep,26:eliminate,32:probe,34:margin,38:eliminate,40:reduce,45:mode,71:reorder,73:probe,75:reduce SAT_POLICY_BRANCH_JOBS=6
1e0d58c7e52319b3b17e343ec7ca6de5-QG7-gensys-icl006.sat05-3132.reshuffled-07	seg	random	0	38278811562	1969	1	32.8	SAT_POLICY_SEED=909320790 SAT_POLICY_TEMP=1.0 SAT_POLICY_SEGMENT=5
1e0d58c7e52319b3b17e343ec7ca6de5-QG7-gensys-icl006.sat05-3132.reshuffled-07	jit	jitter	0	38278811562	1969	1	32.8	SAT_POLICY_SEED=909320791 SAT_POLICY_TEMP=0.5
1e87463fee15de63143796fd92d88a58-crusti_g2io_175_0.2_511_32.normalised	fork	fork	0	480672367	1080	7	641.9	SAT_POLICY_BRANCH=0:reduce SAT_POLICY_BRANCH_JOBS=6
1e87463fee15de63143796fd92d88a58-crusti_g2io_175_0.2_511_32.normalised	seg	random	0	480672367	840	1	641.9	SAT_POLICY_SEED=1212258530 SAT_POLICY_TEMP=1.0 SAT_POLICY_SEGMENT=5
1e87463fee15de63143796fd92d88a58-crusti_g2io_175_0.2_511_32.normalised	jit	jitter	0	480672367	840	1	641.9	SAT_POLICY_SEED=1212258531 SAT_POLICY_TEMP=0.5
207ebdf62e5ce54c8b4ddeeb17843a56-hhyp_cec_multi_2	fork	fork	0	59677094591	40877	7	233.7	SAT_POLICY_BRANCH=134:sweep,177:mode,223:reduce,252:reduce,274:sweep,276:reorder,337:probe,348:sweep SAT_POLICY_BRANCH_JOBS=6
207ebdf62e5ce54c8b4ddeeb17843a56-hhyp_cec_multi_2	seg	random	0	59677094591	7312	1	233.7	SAT_POLICY_SEED=364472186 SAT_POLICY_TEMP=1.0 SAT_POLICY_SEGMENT=5
207ebdf62e5ce54c8b4ddeeb17843a56-hhyp_cec_multi_2	jit	jitter	0	59677094591	7312	1	233.7	SAT_POLICY_SEED=364472187 SAT_POLICY_TEMP=0.5
21415e807689ea75536e846a24623de1-clqcl_50_6_5.normalised	fork	fork	0	115553190991	43261	7	229.5	SAT_POLICY_BRANCH=239:probe,245:reorder,332:reduce,484:mode,486:rephase,499:margin,579:eliminate,683:reduce SAT_POLICY_BRANCH_JOBS=6
21415e807689ea75536e846a24623de1-clqcl_50_6_5.normalised	seg	random	0	115553190991	7710	1	229.5	SAT_POLICY_SEED=1604689646 SAT_POLICY_TEMP=1.0 SAT_POLICY_SEGMENT=5
21415e807689ea75536e846a24623de1-clqcl_50_6_5.normalised	jit	jitter	0	115553190991	7710	1	229.5	SAT_POLICY_SEED=1604689647 SAT_POLICY_TEMP=0.5
21b173943af57eefaac5e88bfa2662ad-shuffling-1-s1769330284-of-bench-sat04-422.used-as.sat04-561	fork	fork	0	14162174076	2495	7	21.7	SAT_POLICY_BRANCH=5:mode,14:reduce,15:eliminate,16:mode SAT_POLICY_BRANCH_JOBS=6
21b173943af57eefaac5e88bfa2662ad-shuffling-1-s1769330284-of-bench-sat04-422.used-as.sat04-561	seg	random	0	14162174076	1231	1	21.7	SAT_POLICY_SEED=322211753 SAT_POLICY_TEMP=1.0 SAT_POLICY_SEGMENT=5
21b173943af57eefaac5e88bfa2662ad-shuffling-1-s1769330284-of-bench-sat04-422.used-as.sat04-561	jit	jitter	0	14162174076	1231	1	21.7	SAT_POLICY_SEED=322211754 SAT_POLICY_TEMP=0.5
2241a1fb5bdbac0c1a3c1980ed8b332d-crusti_g2io_225_0.1_31_25.normalised	fork	fork	0	4308820878	1477	7	76.8	SAT_POLICY_BRANCH=3:rephase,4:reduce,7:reorder SAT_POLICY_BRANCH_JOBS=6
2241a1fb5bdbac0c1a3c1980ed8b332d-crusti_g2io_225_0.1_31_25.normalised	seg	random	0	4308820878	892	1	76.8	SAT_POLICY_SEED=70228992 SAT_POLICY_TEMP=1.0 SAT_POLICY_SEGMENT=5
2241a1fb5bdbac0c1a3c1980ed8b332d-crusti_g2io_225_0.1_31_25.normalised	jit	jitter	0	4308820878	892	1	76.8	SAT_POLICY_SEED=70228993 SAT_POLICY_TEMP=0.5
22df1827e3253fc824cc7ce806d75e0a-x9-10070.sat.sanitized	fork	fork	0	6881168940	1319	7	11.1	SAT_POLICY_BRANCH=1:reorder,4:eliminate,11:reduce SAT_POLICY_BRANCH_JOBS=6
22df1827e3253fc824cc7ce806d75e0a-x9-10070.sat.sanitized	seg	random	0	6881168940	839	1	11.1	SAT_POLICY_SEED=1002848764 SAT_POLICY_TEMP=1.0 SAT_POLICY_SEGMENT=5
22df1827e3253fc824cc7ce806d75e0a-x9-10070.sat.sanitized	jit	jitter	0	6881168940	839	1	11.1	SAT_POLICY_SEED=1002848765 SAT_POLICY_TEMP=0.5
24bde22f729a988fb2394b644cb60d39-SC25_Timetable_C_481_E_49_Cl_32_D_7_T_58.normalised	fork	fork	0	15417355809	7257	7	341.9	SAT_POLICY_BRANCH=4:margin,8:eliminate,18:eliminate,20:probe SAT_POLICY_BRANCH_JOBS=6
24bde22f729a988fb2394b644cb60d39-SC25_Timetable_C_481_E_49_Cl_32_D_7_T_58.normalised	seg	random	0	15417355809	2264	1	341.9	SAT_POLICY_SEED=636984032 SAT_POLICY_TEMP=1.0 SAT_POLICY_SEGMENT=5
24bde22f729a988fb2394b644cb60d39-SC25_Timetable_C_481_E_49_Cl_32_D_7_T_58.normalised	jit	jitter	0	15417355809	2264	1	341.9	SAT_POLICY_SEED=636984033 SAT_POLICY_TEMP=0.5
27570c6780aaade3dc771c6a12534fb8-reconf10_22_queen20_3_8667	fork	fork	0	78781176032	54600	7	122.1	SAT_POLICY_BRANCH=27:rephase,29:probe,30:reorder,31:eliminate,32:reorder,33:margin,42:reorder,43:reorder,54:mode,55:eliminate,73:reduce,74:eliminate,88:probe,120:probe,123:margin,127:reduce,132:mode,142:mode,169:margin,175:mode,183:eliminate,184:reduce,192:eliminate,199:mode SAT_POLICY_BRANCH_JOBS=6
27570c6780aaade3dc771c6a12534fb8-reconf10_22_queen20_3_8667	seg	random	0	78781176032	4200	1	122.1	SAT_POLICY_SEED=475878370 SAT_POLICY_TEMP=1.0 SAT_POLICY_SEGMENT=5
27570c6780aaade3dc771c6a12534fb8-reconf10_22_queen20_3_8667	jit	jitter	0	78781176032	4200	1	122.1	SAT_POLICY_SEED=475878371 SAT_POLICY_TEMP=0.5
27cb3a6ca772613c5998d7f78a55ba45-bp4_AM_IXA_FPBLE.normalised	fork	fork	0	71854041597	47399	7	77.0	SAT_POLICY_BRANCH=19:margin,20:eliminate,21:probe,25:rephase,27:rephase,29:reduce,39:margin,43:mode,54:reorder,61:eliminate,62:sweep,67:probe,72:mode,87:probe,90:mode,101:reorder,110:probe,114:reorder,134:margin,136:eliminate,137:reduce SAT_POLICY_BRANCH_JOBS=6
27cb3a6ca772613c5998d7f78a55ba45-bp4_AM_IXA_FPBLE.normalised	seg	random	0	71854041597	4199	1	77.0	SAT_POLICY_SEED=188036454 SAT_POLICY_TEMP=1.0 SAT_POLICY_SEGMENT=5
27cb3a6ca772613c5998d7f78a55ba45-bp4_AM_IXA_FPBLE.normalised	jit	jitter	0	71854041597	4199	1	77.0	SAT_POLICY_SEED=188036455 SAT_POLICY_TEMP=0.5
28eeb2beac7005a9afa98e4d3aaca621-oski15a01b40s_opt	fork	fork	0	36358485036	20688	7	301.5	SAT_POLICY_BRANCH=14:eliminate,18:probe,23:eliminate,26:reorder,41:reduce,45:mode,49:mode,52:rephase,62:margin SAT_POLICY_BRANCH_JOBS=6
28eeb2beac7005a9afa98e4d3aaca621-oski15a01b40s_opt	seg	random	0	36358485036	3948	1	301.5	SAT_POLICY_SEED=1582519513 SAT_POLICY_TEMP=1.0 SAT_POLICY_SEGMENT=5
28eeb2beac7005a9afa98e4d3aaca621-oski15a01b40s_opt	jit	jitter	0	36358485036	3948	1	301.5	SAT_POLICY_SEED=1582519514 SAT_POLICY_TEMP=0.5
2925ee90763e08b2f7e79c7c713c86b9-at-least-two-ibm-2004-23-k100	fork	fork	0	9763128489	4790	7	325.1	SAT_POLICY_BRANCH=2:eliminate,4:rephase,11:probe,14:reduce SAT_POLICY_BRANCH_JOBS=6
2925ee90763e08b2f7e79c7c713c86b9-at-least-two-ibm-2004-23-k100	seg	random	0	9763128489	1647	1	325.1	SAT_POLICY_SEED=1644967803 SAT_POLICY_TEMP=1.0 SAT_POLICY_SEGMENT=5
2925ee90763e08b2f7e79c7c713c86b9-at-least-two-ibm-2004-23-k100	jit	jitter	0	9763128489	1647	1	325.1	SAT_POLICY_SEED=1644967804 SAT_POLICY_TEMP=0.5
292bedf65cee7cc38fe8b2725eb50868-cliquecoloring_n32_k5_c4	fork	fork	0	113168221783	42950	7	248.5	SAT_POLICY_BRANCH=293:probe,557:rephase,581:margin,606:reduce,609:sweep,664:reduce,676:rephase,682:eliminate SAT_POLICY_BRANCH_JOBS=6
292bedf65cee7cc38fe8b2725eb50868-cliquecoloring_n32_k5_c4	seg	random	0	113168221783	7658	1	248.5	SAT_POLICY_SEED=1098179878 SAT_POLICY_TEMP=1.0 SAT_POLICY_SEGMENT=5
292bedf65cee7cc38fe8b2725eb50868-cliquecoloring_n32_k5_c4	jit	jitter	0	113168221783	7658	1	248.5	SAT_POLICY_SEED=1098179879 SAT_POLICY_TEMP=0.5
296fd43ed40e242875984420f29be73f-oddball_24_5_ttf.normalised	fork	fork	0	43771616753	17413	7	46.6	SAT_POLICY_BRANCH=10:mode,20:eliminate,25:probe,26:eliminate,31:mode,35:reorder,48:probe,59:reduce,63:mode,69:sweep,74:reorder,76:reorder SAT_POLICY_BRANCH_JOBS=6
296fd43ed40e242875984420f29be73f-oddball_24_5_ttf.normalised	seg	random	0	43771616753	2701	1	46.6	SAT_POLICY_SEED=1538342132 SAT_POLICY_TEMP=1.0 SAT_POLICY_SEGMENT=5
296fd43ed40e242875984420f29be73f-oddball_24_5_ttf.normalised	jit	jitter	0	43771616753	2701	1	46.6	SAT_POLICY_SEED=1538342133 SAT_POLICY_TEMP=0.5
29b573e0f7b922c4bd0a675db005265f-b18	fork	fork	0	29344961717	14043	7	96.1	SAT_POLICY_BRANCH=13:eliminate,15:mode,19:probe,30:rephase,43:eliminate,44:reorder,49:reorder,51:margin SAT_POLICY_BRANCH_JOBS=6
29b573e0f7b922c4bd0a675db005265f-b18	seg	random	0	29344961717	2840	1	96.1	SAT_POLICY_SEED=2129231355 SAT_POLICY_TEMP=1.0 SAT_POLICY_SEGMENT=5
29b573e0f7b922c4bd0a675db005265f-b18	jit	jitter	0	29344961717	2840	1	96.1	SAT_POLICY_SEED=2129231356 SAT_POLICY_TEMP=0.5
2bdfcf23ac1829912a408402a540972a-1-ET-256-K-65.sanitized	fork	fork	0	21851682558	6722	7	43.7	SAT_POLICY_BRANCH=15:probe,26:reorder,33:probe,34:mode,35:mode,38:sweep SAT_POLICY_BRANCH_JOBS=6
2bdfcf23ac1829912a408402a540972a-1-ET-256-K-65.sanitized	seg	random	0	21851682558	1824	1	43.7	SAT_POLICY_SEED=529681137 SAT_POLICY_TEMP=1.0 SAT_POLICY_SEGMENT=5
2bdfcf23ac1829912a408402a540972a-1-ET-256-K-65.sanitized	jit	jitter	0	21851682558	1824	1	43.7	SAT_POLICY_SEED=529681138 SAT_POLICY_TEMP=0.5
2c8eb0402be32cf281e23f00d5a16259-oski15a01b45s_opt	fork	fork	0	50896370161	54600	7	277.0	SAT_POLICY_BRANCH=25:eliminate,32:sweep,35:reduce,37:probe,53:mode,68:reduce,85:eliminate,90:margin,92:margin,99:eliminate,103:probe,105:rephase,108:eliminate,109:rephase,124:mode,129:rephase,138:reorder,142:mode,146:sweep,151:reduce,163:rephase,187:margin,188:reorder,194:mode SAT_POLICY_BRANCH_JOBS=6
2c8eb0402be32cf281e23f00d5a16259-oski15a01b45s_opt	seg	random	0	50896370161	4200	1	277.0	SAT_POLICY_SEED=466040731 SAT_POLICY_TEMP=1.0 SAT_POLICY_SEGMENT=5
2c8eb0402be32cf281e23f00d5a16259-oski15a01b45s_opt	jit	jitter	0	50896370161	4200	1	277.0	SAT_POLICY_SEED=466040732 SAT_POLICY_TEMP=0.5
2d0c041c0fe72dc32527bfbf34f63e61-170223547	fork	fork	0	6631680613	1080	7	7.9	SAT_POLICY_BRANCH=0:reorder SAT_POLICY_BRANCH_JOBS=6
2d0c041c0fe72dc32527bfbf34f63e61-170223547	seg	random	0	6631680613	840	1	7.9	SAT_POLICY_SEED=1750376754 SAT_POLICY_TEMP=1.0 SAT_POLICY_SEGMENT=5
2d0c041c0fe72dc32527bfbf34f63e61-170223547	jit	jitter	0	6631680613	840	1	7.9	SAT_POLICY_SEED=1750376755 SAT_POLICY_TEMP=0.5
2de9b79919882078aea76f297fc923e5-case11.normalised	fork	fork	0	74225186705	50999	7	52.0	SAT_POLICY_BRANCH=35:mode,39:reorder,42:rephase,43:reorder,55:eliminate,59:margin,60:probe,68:probe,70:sweep,74:eliminate,77:reorder,108:mode,113:margin,116:probe,125:reorder,133:mode,137:eliminate,164:mode,166:probe,197:mode,214:sweep,221:reorder,226:mode,232:eliminate SAT_POLICY_BRANCH_JOBS=6
2de9b79919882078aea76f297fc923e5-case11.normalised	seg	random	0	74225186705	4199	1	52.0	SAT_POLICY_SEED=1090611462 SAT_POLICY_TEMP=1.0 SAT_POLICY_SEGMENT=5
2de9b79919882078aea76f297fc923e5-case11.normalised	jit	jitter	0	74225186705	4199	1	52.0	SAT_POLICY_SEED=1090611463 SAT_POLICY_TEMP=0.5
2e058841373f34cc47d8dec927fd1796-blocks-blocks-36-0.150-NOTKNOWN	fork	fork	0	8068523853	3543	7	402.8	SAT_POLICY_BRANCH=3:eliminate,6:reorder,7:rephase,13:reduce SAT_POLICY_BRANCH_JOBS=6
2e058841373f34cc47d8dec927fd1796-blocks-blocks-36-0.150-NOTKNOWN	seg	random	0	8068523853	1335	1	402.8	SAT_POLICY_SEED=623976568 SAT_POLICY_TEMP=1.0 SAT_POLICY_SEGMENT=5
2e058841373f34cc47d8dec927fd1796-blocks-blocks-36-0.150-NOTKNOWN	jit	jitter	0	8068523853	1335	1	402.8	SAT_POLICY_SEED=623976569 SAT_POLICY_TEMP=0.5
30f64b3b0870ce5d22d4217782224dfe-lockchart-group1-L200-K289-p8d4j1.normalised	fork	fork	0	23877950427	41782	7	1329.2	SAT_POLICY_BRANCH=60:probe,68:probe,71:eliminate,87:margin,111:reduce,114:eliminate,116:eliminate,120:reduce SAT_POLICY_BRANCH_JOBS=6
30f64b3b0870ce5d22d4217782224dfe-lockchart-group1-L200-K289-p8d4j1.normalised	seg	random	0	23877950427	7463	1	1329.2	SAT_POLICY_SEED=1273157735 SAT_POLICY_TEMP=1.0 SAT_POLICY_SEGMENT=5
30f64b3b0870ce5d22d4217782224dfe-lockchart-group1-L200-K289-p8d4j1.normalised	jit	jitter	0	23877950427	7463	1	1329.2	SAT_POLICY_SEED=1273157736 SAT_POLICY_TEMP=0.5
3197b65ef50328394a0c9e73281d7122-b20_1	fork	fork	0	3921782567	1320	7	17.5	SAT_POLICY_BRANCH=0:sweep,1:reduce SAT_POLICY_BRANCH_JOBS=6
3197b65ef50328394a0c9e73281d7122-b20_1	seg	random	0	3921782567	840	1	17.5	SAT_POLICY_SEED=396168629 SAT_POLICY_TEMP=1.0 SAT_POLICY_SEGMENT=5
3197b65ef50328394a0c9e73281d7122-b20_1	jit	jitter	0	3921782567	840	1	17.5	SAT_POLICY_SEED=396168630 SAT_POLICY_TEMP=0.5
31e843c53a76ff3961935ad55b953298-sqrt-mitern171	fork	fork	0	12140595552	2905	7	19.8	SAT_POLICY_BRANCH=3:rephase,14:eliminate,16:eliminate,18:probe SAT_POLICY_BRANCH_JOBS=6
31e843c53a76ff3961935ad55b953298-sqrt-mitern171	seg	random	0	12140595552	1176	1	19.8	SAT_POLICY_SEED=1570402291 SAT_POLICY_TEMP=1.0 SAT_POLICY_SEGMENT=5
31e843c53a76ff3961935ad55b953298-sqrt-mitern171	jit	jitter	0	12140595552	1176	1	19.8	SAT_POLICY_SEED=1570402292 SAT_POLICY_TEMP=0.5
35748015c5f16c9ee7e4d1894af497a0-oski15a01b39s_opt	fork	fork	0	42481996548	29400	7	283.5	SAT_POLICY_BRANCH=14:eliminate,16:mode,40:eliminate,51:mode,52:rephase,54:probe,59:rephase,60:reorder,64:margin,65:probe,67:mode,84:sweep SAT_POLICY_BRANCH_JOBS=6
35748015c5f16c9ee7e4d1894af497a0-oski15a01b39s_opt	seg	random	0	42481996548	4200	1	283.5	SAT_POLICY_SEED=39893547 SAT_POLICY_TEMP=1.0 SAT_POLICY_SEGMENT=5
35748015c5f16c9ee7e4d1894af497a0-oski15a01b39s_opt	jit	jitter	0	42481996548	4200	1	283.5	SAT_POLICY_SEED=39893548 SAT_POLICY_TEMP=0.5
35b9091b90bd28a492c9556d6fc4348d-bp4_TCO_CSO_ZR.normalised	fork	fork	0	118822454648	42382	7	88.8	SAT_POLICY_BRANCH=256:reorder,278:sweep,283:mode,284:reduce,289:reduce,303:probe,355:reorder,481:rephase SAT_POLICY_BRANCH_JOBS=6
35b9091b90bd28a492c9556d6fc4348d-bp4_TCO_CSO_ZR.normalised	seg	random	0	118822454648	7563	1	88.8	SAT_POLICY_SEED=641377152 SAT_POLICY_TEMP=1.0 SAT_POLICY_SEGMENT=5
35b9091b90bd28a492c9556d6fc4348d-bp4_TCO_CSO_ZR.normalised	jit	jitter	0	118822454648	7563	1	88.8	SAT_POLICY_SEED=641377153 SAT_POLICY_TEMP=0.5
35ec95b9b2398fb522db178855016ae0-MVRoundRobin_n14_d10_v2	fork	fork	0	154509707030	44520	7	184.7	SAT_POLICY_BRANCH=385:sweep,388:mode,409:rephase,450:eliminate,585:sweep,627:mode,782:reduce,803:eliminate SAT_POLICY_BRANCH_JOBS=6
35ec95b9b2398fb522db178855016ae0-MVRoundRobin_n14_d10_v2	seg	random	0	154509707030	7920	1	184.7	SAT_POLICY_SEED=633027752 SAT_POLICY_TEMP=1.0 SAT_POLICY_SEGMENT=5
35ec95b9b2398fb522db178855016ae0-MVRoundRobin_n14_d10_v2	jit	jitter	0	154509707030	7920	1	184.7	SAT_POLICY_SEED=633027753 SAT_POLICY_TEMP=0.5
362d153b4162127bc42796180110f483-Carry_Bits_Fast_19.cnf	fork	fork	0	4303173265	1080	7	10.7	SAT_POLICY_BRANCH=0:mode SAT_POLICY_BRANCH_JOBS=6
362d153b4162127bc42796180110f483-Carry_Bits_Fast_19.cnf	seg	random	0	4303173265	840	1	10.7	SAT_POLICY_SEED=1295527865 SAT_POLICY_TEMP=1.0 SAT_POLICY_SEGMENT=5
362d153b4162127bc42796180110f483-Carry_Bits_Fast_19.cnf	jit	jitter	0	4303173265	840	1	10.7	SAT_POLICY_SEED=1295527866 SAT_POLICY_TEMP=0.5
36ba44cf208034e2c8e84a1971b9bfd4-connm-ue-csp-sat-n1200-d-0.02-s405595518.shuffled-as.sat05-531	fork	fork	0	144140009947	43191	7	41.9	SAT_POLICY_BRANCH=314:probe,406:margin,425:probe,526:reorder,545:reorder,816:reorder,839:probe,848:probe SAT_POLICY_BRANCH_JOBS=6
36ba44cf208034e2c8e84a1971b9bfd4-connm-ue-csp-sat-n1200-d-0.02-s405595518.shuffled-as.sat05-531	seg	random	0	144140009947	7698	1	41.9	SAT_POLICY_SEED=1602017348 SAT_POLICY_TEMP=1.0 SAT_POLICY_SEGMENT=5
36ba44cf208034e2c8e84a1971b9bfd4-connm-ue-csp-sat-n1200-d-0.02-s405595518.shuffled-as.sat05-531	jit	jitter	0	144140009947	7698	1	41.9	SAT_POLICY_SEED=1602017349 SAT_POLICY_TEMP=0.5
395829127ec213c2e69a6a13dda3623b-lockchart-group2-rnd0.3-L19-K38-P8D4J1_1.normalised	fork	fork	0	87777578877	34672	7	77.5	SAT_POLICY_BRANCH=191:reduce,216:mode,267:reorder,278:reduce,362:mode,491:reorder,506:mode,529:margin SAT_POLICY_BRANCH_JOBS=6
395829127ec213c2e69a6a13dda3623b-lockchart-group2-rnd0.3-L19-K38-P8D4J1_1.normalised	seg	random	0	87777578877	7414	1	77.5	SAT_POLICY_SEED=2092748597 SAT_POLICY_TEMP=1.0 SAT_POLICY_SEGMENT=5
395829127ec213c2e69a6a13dda3623b-lockchart-group2-rnd0.3-L19-K38-P8D4J1_1.normalised	jit	jitter	0	87777578877	7414	1	77.5	SAT_POLICY_SEED=2092748598 SAT_POLICY_TEMP=0.5
3a1f1b4b9a521737cc760017fe9d8b43-MVRoundRobin_n16_d10_v3	fork	fork	0	146916054956	36775	7	160.2	SAT_POLICY_BRANCH=394:mode,487:rephase,535:sweep,594:margin,622:mode,637:reorder,700:margin,811:eliminate SAT_POLICY_BRANCH_JOBS=6
3a1f1b4b9a521737cc760017fe9d8b43-MVRoundRobin_n16_d10_v3	seg	random	0	146916054956	7835	1	160.2	SAT_POLICY_SEED=1860071318 SAT_POLICY_TEMP=1.0 SAT_POLICY_SEGMENT=5
3a1f1b4b9a521737cc760017fe9d8b43-MVRoundRobin_n16_d10_v3	jit	jitter	0	146916054956	7835	1	160.2	SAT_POLICY_SEED=1860071319 SAT_POLICY_TEMP=0.5
3bfa92996634d2ddc6c0568bba9a0f99-case6.normalised	fork	fork	0	86205014231	54599	7	68.5	SAT_POLICY_BRANCH=55:rephase,58:sweep,64:eliminate,100:eliminate,105:mode,130:reorder,156:sweep,169:reorder,171:reduce,175:sweep,184:reorder,186:margin,231:margin,236:mode,244:reorder,286:reduce,296:reorder,305:eliminate,310:mode,324:mode,347:eliminate,348:probe,382:mode,397:reduce SAT_POLICY_BRANCH_JOBS=6
3bfa92996634d2ddc6c0568bba9a0f99-case6.normalised	seg	random	0	86205014231	4199	1	68.5	SAT_POLICY_SEED=699583018 SAT_POLICY_TEMP=1.0 SAT_POLICY_SEGMENT=5
3bfa92996634d2ddc6c0568bba9a0f99-case6.normalised	jit	jitter	0	86205014231	4199	1	68.5	SAT_POLICY_SEED=699583019 SAT_POLICY_TEMP=0.5
3c0db78733bb05b9d1e9d7627b2e8f38-rook-52-0-1	fork	fork	0	78447133827	43093	7	157.0	SAT_POLICY_BRANCH=224:eliminate,228:eliminate,304:rephase,310:reduce,318:probe,319:reduce,446:eliminate,451:mode SAT_POLICY_BRANCH_JOBS=6
3c0db78733bb05b9d1e9d7627b2e8f38-rook-52-0-1	seg	random	0	78447133827	7682	1	157.0	SAT_POLICY_SEED=774584677 SAT_POLICY_TEMP=1.0 SAT_POLICY_SEGMENT=5
3c0db78733bb05b9d1e9d7627b2e8f38-rook-52-0-1	jit	jitter	0	78447133827	7682	1	157.0	SAT_POLICY_SEED=774584678 SAT_POLICY_TEMP=0.5
3c129545f090ef08b6ef89a2903ff83e-oski15a01b09s_opt	fork	fork	0	44357281959	36600	7	249.4	SAT_POLICY_BRANCH=14:reorder,24:reorder,25:reduce,27:mode,36:eliminate,43:reorder,49:probe,57:probe,65:eliminate,70:reduce,86:mode,90:reorder,93:probe,102:reduce SAT_POLICY_BRANCH_JOBS=6
3c129545f090ef08b6ef89a2903ff83e-oski15a01b09s_opt	seg	random	0	44357281959	4200	1	249.4	SAT_POLICY_SEED=1398513668 SAT_POLICY_TEMP=1.0 SAT_POLICY_SEGMENT=5
3c129545f090ef08b6ef89a2903ff83e-oski15a01b09s_opt	jit	jitter	0	44357281959	4200	1	249.4	SAT_POLICY_SEED=1398513669 SAT_POLICY_TEMP=0.5
3cda1cbfbcabfc71ece7961d4d6ad1bb-lockchart-group2-rnd0.3-L19-K38-P8D4J1_3	fork	fork	0	85920334532	34257	7	98.5	SAT_POLICY_BRANCH=217:probe,225:reduce,238:sweep,299:sweep,325:mode,378:mode,390:mode,509:reorder SAT_POLICY_BRANCH_JOBS=6
3cda1cbfbcabfc71ece7961d4d6ad1bb-lockchart-group2-rnd0.3-L19-K38-P8D4J1_3	seg	random	0	85920334532	7331	1	98.5	SAT_POLICY_SEED=1603983167 SAT_POLICY_TEMP=1.0 SAT_POLICY_SEGMENT=5
3cda1cbfbcabfc71ece7961d4d6ad1bb-lockchart-group2-rnd0.3-L19-K38-P8D4J1_3	jit	jitter	0	85920334532	7331	1	98.5	SAT_POLICY_SEED=1603983168 SAT_POLICY_TEMP=0.5
3ec81fcaac5a1da8a6ca4da0b9d8eb02-gm16spctrc	fork	fork	0	59900207114	50999	7	64.2	SAT_POLICY_BRANCH=28:rephase,37:reduce,43:mode,45:eliminate,47:probe,50:mode,70:reorder,71:probe,84:probe,103:mode,117:mode,120:reorder,123:mode,136:sweep,137:margin,145:rephase,168:reorder,184:rephase,190:eliminate,196:margin,197:eliminate,198:mode,221:eliminate,232:mode SAT_POLICY_BRANCH_JOBS=6
3ec81fcaac5a1da8a6ca4da0b9d8eb02-gm16spctrc	seg	random	0	59900207114	4199	1	64.2	SAT_POLICY_SEED=1967109111 SAT_POLICY_TEMP=1.0 SAT_POLICY_SEGMENT=5
3ec81fcaac5a1da8a6ca4da0b9d8eb02-gm16spctrc	jit	jitter	0	59900207114	4199	1	64.2	SAT_POLICY_SEED=1967109112 SAT_POLICY_TEMP=0.5
418b8aa42088cb0b1d85014dfa285b25-16_16_booth_wallace_origin_and_and_dadda_mapped_bit28	fork	fork	0	75458005346	58200	7	43.4	SAT_POLICY_BRANCH=67:probe,76:reorder,77:mode,94:mode,104:probe,136:reduce,143:reorder,175:probe,182:mode,194:reduce,195:eliminate,232:mode,245:rephase,284:reduce,287:eliminate,303:eliminate,348:reorder,385:rephase,391:eliminate,408:eliminate,433:reorder,438:reduce,451:reduce,469:margin SAT_POLICY_BRANCH_JOBS=6
418b8aa42088cb0b1d85014dfa285b25-16_16_booth_wallace_origin_and_and_dadda_mapped_bit28	seg	random	0	75458005346	4200	1	43.4	SAT_POLICY_SEED=1465638524 SAT_POLICY_TEMP=1.0 SAT_POLICY_SEGMENT=5
418b8aa42088cb0b1d85014dfa285b25-16_16_booth_wallace_origin_and_and_dadda_mapped_bit28	jit	jitter	0	75458005346	4200	1	43.4	SAT_POLICY_SEED=1465638525 SAT_POLICY_TEMP=0.5
41915707d831e1365389d3cc47c7953f-oddball_51_5_tto_zp.normalised	fork	fork	0	48535286776	46347	7	584.1	SAT_POLICY_BRANCH=102:reduce,107:reorder,116:reorder,160:sweep,164:rephase,262:mode,265:rephase,273:reorder SAT_POLICY_BRANCH_JOBS=6
41915707d831e1365389d3cc47c7953f-oddball_51_5_tto_zp.normalised	seg	random	0	48535286776	8224	1	584.1	SAT_POLICY_SEED=1661607255 SAT_POLICY_TEMP=1.0 SAT_POLICY_SEGMENT=5
41915707d831e1365389d3cc47c7953f-oddball_51_5_tto_zp.normalised	jit	jitter	0	48535286776	8224	1	584.1	SAT_POLICY_SEED=1661607256 SAT_POLICY_TEMP=0.5
41d14756a06872844577fc0abddb58aa-tseitin_d3_n100000	fork	fork	0	24210622937	42443	7	320.0	SAT_POLICY_BRANCH=61:sweep,66:reorder,102:reorder,109:sweep,120:probe,128:eliminate,151:rephase,152:probe SAT_POLICY_BRANCH_JOBS=6
41d14756a06872844577fc0abddb58aa-tseitin_d3_n100000	seg	random	0	24210622937	7573	1	320.0	SAT_POLICY_SEED=520992758 SAT_POLICY_TEMP=1.0 SAT_POLICY_SEGMENT=5
41d14756a06872844577fc0abddb58aa-tseitin_d3_n100000	jit	jitter	0	24210622937	7573	1	320.0	SAT_POLICY_SEED=520992759 SAT_POLICY_TEMP=0.5
41f507717c7c4553d23cd0cd1fc40104-1-ET-512-K-120.sanitized	fork	fork	0	95384695305	35811	7	169.7	SAT_POLICY_BRANCH=185:mode,201:sweep,296:sweep,340:reduce,434:mode,441:reorder,488:rephase,541:mode SAT_POLICY_BRANCH_JOBS=6
41f507717c7c4553d23cd0cd1fc40104-1-ET-512-K-120.sanitized	seg	random	0	95384695305	7642	1	169.7	SAT_POLICY_SEED=35842558 SAT_POLICY_TEMP=1.0 SAT_POLICY_SEGMENT=5
41f507717c7c4553d23cd0cd1fc40104-1-ET-512-K-120.sanitized	jit	jitter	0	95384695305	7642	1	169.7	SAT_POLICY_SEED=35842559 SAT_POLICY_TEMP=0.5
42f1311ce504db8cc0cb590a568da20a-tseitin_n188_d3	fork	fork	0	123466853970	43436	7	72.8	SAT_POLICY_BRANCH=487:mode,501:mode,535:reduce,540:probe,556:rephase,667:probe,668:reorder,686:mode SAT_POLICY_BRANCH_JOBS=6
42f1311ce504db8cc0cb590a568da20a-tseitin_n188_d3	seg	random	0	123466853970	7739	1	72.8	SAT_POLICY_SEED=1055828506 SAT_POLICY_TEMP=1.0 SAT_POLICY_SEGMENT=5
42f1311ce504db8cc0cb590a568da20a-tseitin_n188_d3	jit	jitter	0	123466853970	7739	1	72.8	SAT_POLICY_SEED=1055828507 SAT_POLICY_TEMP=0.5
43687a48fb119ca61b47c2fc69a71e7d-manthey_single-ordered-initialized-w42-b8	fork	fork	0	20161780293	4778	7	31.1	SAT_POLICY_BRANCH=10:rephase,24:reorder,25:reduce,28:eliminate,34:reorder SAT_POLICY_BRANCH_JOBS=6
43687a48fb119ca61b47c2fc69a71e7d-manthey_single-ordered-initialized-w42-b8	seg	random	0	20161780293	1435	1	31.1	SAT_POLICY_SEED=597477807 SAT_POLICY_TEMP=1.0 SAT_POLICY_SEGMENT=5
43687a48fb119ca61b47c2fc69a71e7d-manthey_single-ordered-initialized-w42-b8	jit	jitter	0	20161780293	1435	1	31.1	SAT_POLICY_SEED=597477808 SAT_POLICY_TEMP=0.5
43ebdada6f6153b50a140ba908d5bf44-oddball_67_5_tto_zp.normalised	fork	fork	0	31926717518	74559	7	665.3	SAT_POLICY_BRANCH=22:eliminate,27:eliminate,33:margin,35:reduce,38:eliminate,40:mode,48:reorder,53:reorder,59:reorder,63:eliminate,67:mode,72:sweep,73:sweep,88:eliminate,93:probe,98:mode SAT_POLICY_BRANCH_JOBS=6
43ebdada6f6153b50a140ba908d5bf44-oddball_67_5_tto_zp.normalised	seg	random	0	31926717518	7995	1	665.3	SAT_POLICY_SEED=22715043 SAT_POLICY_TEMP=1.0 SAT_POLICY_SEGMENT=5
43ebdada6f6153b50a140ba908d5bf44-oddball_67_5_tto_zp.normalised	jit	jitter	0	31926717518	7995	1	665.3	SAT_POLICY_SEED=22715044 SAT_POLICY_TEMP=0.5
43fbacb24ea30054dece1de179c4ca7e-ER_400_20_7.apx_1_DS-ST	fork	fork	0	68930997270	48147	7	64.8	SAT_POLICY_BRANCH=24:margin,28:reduce,29:reorder,35:probe,42:reduce,54:eliminate,56:margin,59:eliminate,64:rephase,71:probe,72:rephase,83:reorder,88:reduce,91:eliminate,107:reduce,112:sweep,115:rephase,119:rephase,127:probe,132:eliminate SAT_POLICY_BRANCH_JOBS=6
43fbacb24ea30054dece1de179c4ca7e-ER_400_20_7.apx_1_DS-ST	seg	random	0	68930997270	3996	1	64.8	SAT_POLICY_SEED=1680460140 SAT_POLICY_TEMP=1.0 SAT_POLICY_SEGMENT=5
43fbacb24ea30054dece1de179c4ca7e-ER_400_20_7.apx_1_DS-ST	jit	jitter	0	68930997270	3996	1	64.8	SAT_POLICY_SEED=1680460141 SAT_POLICY_TEMP=0.5
45742d067cc851edc1201d8a02586eac-mchess_20	fork	fork	0	148353755861	41933	7	64.5	SAT_POLICY_BRANCH=370:rephase,405:reorder,484:probe,520:reduce,535:reduce,678:mode,725:reduce,842:eliminate SAT_POLICY_BRANCH_JOBS=6
45742d067cc851edc1201d8a02586eac-mchess_20	seg	random	0	148353755861	7488	1	64.5	SAT_POLICY_SEED=653365145 SAT_POLICY_TEMP=1.0 SAT_POLICY_SEGMENT=5
45742d067cc851edc1201d8a02586eac-mchess_20	jit	jitter	0	148353755861	7488	1	64.5	SAT_POLICY_SEED=653365146 SAT_POLICY_TEMP=0.5
46355da785714f239393e7630020cae3-REGRandom-K4-L1-Seed40.sanitized	fork	fork	0	72387565	1079	7	67.0	SAT_POLICY_BRANCH=0:probe SAT_POLICY_BRANCH_JOBS=6
46355da785714f239393e7630020cae3-REGRandom-K4-L1-Seed40.sanitized	seg	random	0	72387565	839	1	67.0	SAT_POLICY_SEED=223943895 SAT_POLICY_TEMP=1.0 SAT_POLICY_SEGMENT=5
46355da785714f239393e7630020cae3-REGRandom-K4-L1-Seed40.sanitized	jit	jitter	0	72387565	839	1	67.0	SAT_POLICY_SEED=223943896 SAT_POLICY_TEMP=0.5
465c7f101b2d24de63f6a6f544faa9ee-crusti_g2io_175_0.2_511_10.normalised	fork	fork	0	406259892	1383	7	656.2	SAT_POLICY_BRANCH=0:probe SAT_POLICY_BRANCH_JOBS=6
465c7f101b2d24de63f6a6f544faa9ee-crusti_g2io_175_0.2_511_10.normalised	seg	random	0	406259892	991	1	656.2	SAT_POLICY_SEED=1291526344 SAT_POLICY_TEMP=1.0 SAT_POLICY_SEGMENT=5
465c7f101b2d24de63f6a6f544faa9ee-crusti_g2io_175_0.2_511_10.normalised	jit	jitter	0	406259892	991	1	656.2	SAT_POLICY_SEED=1291526345 SAT_POLICY_TEMP=0.5
46a8727e27d848faafd83a990c2e01a7-case8.normalised	fork	fork	0	21119402067	7932	7	41.1	SAT_POLICY_BRANCH=5:probe,9:sweep,20:probe,24:mode,34:eliminate,37:probe SAT_POLICY_BRANCH_JOBS=6
46a8727e27d848faafd83a990c2e01a7-case8.normalised	seg	random	0	21119402067	2066	1	41.1	SAT_POLICY_SEED=616867070 SAT_POLICY_TEMP=1.0 SAT_POLICY_SEGMENT=5
46a8727e27d848faafd83a990c2e01a7-case8.normalised	jit	jitter	0	21119402067	2066	1	41.1	SAT_POLICY_SEED=616867071 SAT_POLICY_TEMP=0.5
474e9594ec7885cb1bebf66073eb2de2-fsf-300-354-2-2-3-2.35.opt	fork	fork	0	6521661056	1320	7	20.8	SAT_POLICY_BRANCH=4:sweep,11:reduce,13:probe SAT_POLICY_BRANCH_JOBS=6
474e9594ec7885cb1bebf66073eb2de2-fsf-300-354-2-2-3-2.35.opt	seg	random	0	6521661056	840	1	20.8	SAT_POLICY_SEED=377173144 SAT_POLICY_TEMP=1.0 SAT_POLICY_SEGMENT=5
474e9594ec7885cb1bebf66073eb2de2-fsf-300-354-2-2-3-2.35.opt	jit	jitter	0	6521661056	840	1	20.8	SAT_POLICY_SEED=377173145 SAT_POLICY_TEMP=0.5
482295be38dc1d63a16f3cf649ef7ef6-myciel6-cn.used-as.sat04-319	fork	fork	0	93958156499	58199	7	70.6	SAT_POLICY_BRANCH=29:reorder,32:rephase,33:mode,37:reorder,50:rephase,61:rephase,66:probe,74:reduce,91:eliminate,106:probe,113:rephase,133:eliminate,134:sweep,138:mode,139:margin,153:eliminate,158:probe,167:probe,173:mode,176:reorder,185:probe,195:reorder,197:sweep,199:sweep SAT_POLICY_BRANCH_JOBS=6
482295be38dc1d63a16f3cf649ef7ef6-myciel6-cn.used-as.sat04-319	seg	random	0	93958156499	4199	1	70.6	SAT_POLICY_SEED=698426244 SAT_POLICY_TEMP=1.0 SAT_POLICY_SEGMENT=5
482295be38dc1d63a16f3cf649ef7ef6-myciel6-cn.used-as.sat04-319	jit	jitter	0	93958156499	4199	1	70.6	SAT_POLICY_SEED=698426245 SAT_POLICY_TEMP=0.5
4c7e09f077026b9ee3900bfed6825fbb-Ptn-7824-b19	fork	fork	0	139278824133	85719	7	41.1	SAT_POLICY_BRANCH=142:reduce,160:reduce,161:sweep,182:reorder,189:rephase,193:reduce,200:eliminate,265:probe,268:rephase,274:margin,285:mode,291:sweep,345:rephase,378:reduce,400:eliminate,408:reorder SAT_POLICY_BRANCH_JOBS=6
4c7e09f077026b9ee3900bfed6825fbb-Ptn-7824-b19	seg	random	0	139278824133	8338	1	41.1	SAT_POLICY_SEED=632477303 SAT_POLICY_TEMP=1.0 SAT_POLICY_SEGMENT=5
4c7e09f077026b9ee3900bfed6825fbb-Ptn-7824-b19	jit	jitter	0	139278824133	8338	1	41.1	SAT_POLICY_SEED=632477304 SAT_POLICY_TEMP=0.5
4cf3505e5183c26bbd97d89fdaa93f8c-oddball_26_4_ttf.normalised	fork	fork	0	69190217843	58199	7	126.8	SAT_POLICY_BRANCH=32:rephase,36:margin,43:reorder,59:probe,67:reorder,68:reorder,73:reorder,103:probe,106:mode,108:mode,129:eliminate,133:mode,138:probe,144:reorder,152:reorder,159:rephase,184:reorder,188:probe,194:reorder,216:probe,219:sweep,221:reduce,229:reduce,273:eliminate SAT_POLICY_BRANCH_JOBS=6
4cf3505e5183c26bbd97d89fdaa93f8c-oddball_26_4_ttf.normalised	seg	random	0	69190217843	4199	1	126.8	SAT_POLICY_SEED=519929828 SAT_POLICY_TEMP=1.0 SAT_POLICY_SEGMENT=5
4cf3505e5183c26bbd97d89fdaa93f8c-oddball_26_4_ttf.normalised	jit	jitter	0	69190217843	4199	1	126.8	SAT_POLICY_SEED=519929829 SAT_POLICY_TEMP=0.5
4f4d22ce7643079412975a662e9363fd-xor_op_n38_d3	fork	fork	0	53387605037	58199	7	112.5	SAT_POLICY_BRANCH=46:rephase,47:sweep,50:reduce,56:probe,63:rephase,69:probe,75:margin,92:sweep,99:rephase,100:reduce,109:reorder,116:reduce,139:probe,167:eliminate,168:probe,169:mode,196:probe,197:sweep,205:reduce,224:probe,238:reorder,256:margin,264:probe,269:eliminate SAT_POLICY_BRANCH_JOBS=6
4f4d22ce7643079412975a662e9363fd-xor_op_n38_d3	seg	random	0	53387605037	4199	1	112.5	SAT_POLICY_SEED=287274734 SAT_POLICY_TEMP=1.0 SAT_POLICY_SEGMENT=5
4f4d22ce7643079412975a662e9363fd-xor_op_n38_d3	jit	jitter	0	53387605037	4199	1	112.5	SAT_POLICY_SEED=287274735 SAT_POLICY_TEMP=0.5
51482a5b06b055edfdca576d654ce191-bob12s09-opt	fork	fork	0	6730239096	2147	7	38.6	SAT_POLICY_BRANCH=2:rephase,3:mode,4:reduce,5:reduce SAT_POLICY_BRANCH_JOBS=6
51482a5b06b055edfdca576d654ce191-bob12s09-opt	seg	random	0	6730239096	986	1	38.6	SAT_POLICY_SEED=900505790 SAT_POLICY_TEMP=1.0 SAT_POLICY_SEGMENT=5
51482a5b06b055edfdca576d654ce191-bob12s09-opt	jit	jitter	0	6730239096	986	1	38.6	SAT_POLICY_SEED=900505791 SAT_POLICY_TEMP=0.5
5246b7b99ba005af421d86299f7d26d0-b15	fork	fork	0	4466031200	1079	7	15.3	SAT_POLICY_BRANCH=0:reduce SAT_POLICY_BRANCH_JOBS=6
5246b7b99ba005af421d86299f7d26d0-b15	seg	random	0	4466031200	839	1	15.3	SAT_POLICY_SEED=1377459924 SAT_POLICY_TEMP=1.0 SAT_POLICY_SEGMENT=5
5246b7b99ba005af421d86299f7d26d0-b15	jit	jitter	0	4466031200	839	1	15.3	SAT_POLICY_SEED=1377459925 SAT_POLICY_TEMP=0.5
533017e0f42d8246c7ae140313a84161-baseballcover12with25_and5positions	fork	fork	0	111007924981	48910	7	1004.7	SAT_POLICY_BRANCH=207:margin,238:mode,281:reduce,351:rephase,392:reduce,406:reorder,476:reduce,497:mode SAT_POLICY_BRANCH_JOBS=6
533017e0f42d8246c7ae140313a84161-baseballcover12with25_and5positions	seg	random	0	111007924981	8651	1	1004.7	SAT_POLICY_SEED=1087201457 SAT_POLICY_TEMP=1.0 SAT_POLICY_SEGMENT=5
533017e0f42d8246c7ae140313a84161-baseballcover12with25_and5positions	jit	jitter	0	111007924981	8651	1	1004.7	SAT_POLICY_SEED=1087201458 SAT_POLICY_TEMP=0.5
539a1f4e4f7a95ab0ac55df50445cceb-multiplier_15bits__miter_23	fork	fork	0	167230783316	94327	7	80.4	SAT_POLICY_BRANCH=120:rephase,139:rephase,154:probe,167:rephase,243:probe,256:eliminate,279:probe,288:reorder,313:mode,324:reduce,331:eliminate,333:probe,416:reduce,430:reorder,473:reorder,488:probe SAT_POLICY_BRANCH_JOBS=6
539a1f4e4f7a95ab0ac55df50445cceb-multiplier_15bits__miter_23	seg	random	0	167230783316	8410	1	80.4	SAT_POLICY_SEED=1212138400 SAT_POLICY_TEMP=1.0 SAT_POLICY_SEGMENT=5
539a1f4e4f7a95ab0ac55df50445cceb-multiplier_15bits__miter_23	jit	jitter	0	167230783316	8410	1	80.4	SAT_POLICY_SEED=1212138401 SAT_POLICY_TEMP=0.5
546f8e069aa450002a30c9c47538fe95-intel047_Iter78	fork	fork	0	3024429941	1319	7	45.2	SAT_POLICY_BRANCH=0:probe,1:rephase SAT_POLICY_BRANCH_JOBS=6
546f8e069aa450002a30c9c47538fe95-intel047_Iter78	seg	random	0	3024429941	839	1	45.2	SAT_POLICY_SEED=1699444048 SAT_POLICY_TEMP=1.0 SAT_POLICY_SEGMENT=5
546f8e069aa450002a30c9c47538fe95-intel047_Iter78	jit	jitter	0	3024429941	839	1	45.2	SAT_POLICY_SEED=1699444049 SAT_POLICY_TEMP=0.5
557d7d4db5399188f62bc39598c6d868-mp1-Nb7T46	fork	fork	0	3232760030	1319	7	59.1	SAT_POLICY_BRANCH=0:eliminate,1:mode,2:sweep SAT_POLICY_BRANCH_JOBS=6
557d7d4db5399188f62bc39598c6d868-mp1-Nb7T46	seg	random	0	3232760030	839	1	59.1	SAT_POLICY_SEED=1109710983 SAT_POLICY_TEMP=1.0 SAT_POLICY_SEGMENT=5
557d7d4db5399188f62bc39598c6d868-mp1-Nb7T46	jit	jitter	0	3232760030	839	1	59.1	SAT_POLICY_SEED=1109710984 SAT_POLICY_TEMP=0.5
56913ff910c49dd5010653720970d944-grs-32-64	fork	fork	0	9670211313	3514	7	63.8	SAT_POLICY_BRANCH=3:reduce,7:sweep,8:mode,13:reduce SAT_POLICY_BRANCH_JOBS=6
56913ff910c49dd5010653720970d944-grs-32-64	seg	random	0	9670211313	1328	1	63.8	SAT_POLICY_SEED=1696779039 SAT_POLICY_TEMP=1.0 SAT_POLICY_SEGMENT=5
56913ff910c49dd5010653720970d944-grs-32-64	jit	jitter	0	9670211313	1328	1	63.8	SAT_POLICY_SEED=1696779040 SAT_POLICY_TEMP=0.5
57b478982ee9aba245ba792452b18fe3-VanDerWaerden_pd_2-3-22_462	fork	fork	0	66429389278	61800	7	89.6	SAT_POLICY_BRANCH=43:reorder,52:rephase,53:mode,54:rephase,59:reorder,61:reduce,93:reduce,124:rephase,127:reduce,141:sweep,158:reduce,203:reduce,219:reorder,242:eliminate,246:eliminate,256:rephase,269:reduce,282:reduce,303:eliminate,314:reduce,330:probe,333:reduce,336:sweep,345:eliminate SAT_POLICY_BRANCH_JOBS=6
57b478982ee9aba245ba792452b18fe3-VanDerWaerden_pd_2-3-22_462	seg	random	0	66429389278	4200	1	89.6	SAT_POLICY_SEED=709858799 SAT_POLICY_TEMP=1.0 SAT_POLICY_SEGMENT=5
57b478982ee9aba245ba792452b18fe3-VanDerWaerden_pd_2-3-22_462	jit	jitter	0	66429389278	4200	1	89.6	SAT_POLICY_SEED=709858800 SAT_POLICY_TEMP=0.5
5831f35622f3e6c666f0cee6cac60e4c-s38584	fork	fork	0	3521679014	1080	7	20.7	SAT_POLICY_BRANCH=0:mode SAT_POLICY_BRANCH_JOBS=6
5831f35622f3e6c666f0cee6cac60e4c-s38584	seg	random	0	3521679014	840	1	20.7	SAT_POLICY_SEED=918522784 SAT_POLICY_TEMP=1.0 SAT_POLICY_SEGMENT=5
5831f35622f3e6c666f0cee6cac60e4c-s38584	jit	jitter	0	3521679014	840	1	20.7	SAT_POLICY_SEED=918522785 SAT_POLICY_TEMP=0.5
59825ed96dc3bbdbd8789a4870b323ec-hcp_CP18_18	fork	fork	0	181189131273	81869	7	101.6	SAT_POLICY_BRANCH=143:margin,152:rephase,171:mode,184:reorder,250:probe,301:eliminate,333:reorder,341:margin,352:eliminate,381:sweep,425:eliminate,429:rephase,432:probe,470:eliminate,484:reorder,525:reorder SAT_POLICY_BRANCH_JOBS=6
59825ed96dc3bbdbd8789a4870b323ec-hcp_CP18_18	seg	random	0	181189131273	7988	1	101.6	SAT_POLICY_SEED=933694495 SAT_POLICY_TEMP=1.0 SAT_POLICY_SEGMENT=5
59825ed96dc3bbdbd8789a4870b323ec-hcp_CP18_18	jit	jitter	0	181189131273	7988	1	101.6	SAT_POLICY_SEED=933694496 SAT_POLICY_TEMP=0.5
59fc779feee4390b57502814d424e0d6-jgiraldezlevy.2200.9086.08.40.149-sr2015	fork	fork	0	6101225503	1319	7	11.9	SAT_POLICY_BRANCH=0:mode,2:eliminate,3:rephase SAT_POLICY_BRANCH_JOBS=6
59fc779feee4390b57502814d424e0d6-jgiraldezlevy.2200.9086.08.40.149-sr2015	seg	random	0	6101225503	839	1	11.9	SAT_POLICY_SEED=1523212501 SAT_POLICY_TEMP=1.0 SAT_POLICY_SEGMENT=5
59fc779feee4390b57502814d424e0d6-jgiraldezlevy.2200.9086.08.40.149-sr2015	jit	jitter	0	6101225503	839	1	11.9	SAT_POLICY_SEED=1523212502 SAT_POLICY_TEMP=0.5
5aed29ce52192a55ffbd2a6f340017e7-oisc-subrv-and-nested-12	fork	fork	0	41188082852	40358	7	3766.6	SAT_POLICY_BRANCH=90:sweep,102:margin,112:mode,121:eliminate,157:rephase,168:reorder,178:reduce,184:reduce SAT_POLICY_BRANCH_JOBS=6
5aed29ce52192a55ffbd2a6f340017e7-oisc-subrv-and-nested-12	seg	random	0	41188082852	7226	1	3766.6	SAT_POLICY_SEED=1087091391 SAT_POLICY_TEMP=1.0 SAT_POLICY_SEGMENT=5
5aed29ce52192a55ffbd2a6f340017e7-oisc-subrv-and-nested-12	jit	jitter	0	41188082852	7226	1	3766.6	SAT_POLICY_SEED=1087091392 SAT_POLICY_TEMP=0.5
5c24cfeff639fefdead9a5641f65fa22-c7552	fork	fork	0	4095534757	1080	7	7.5	SAT_POLICY_BRANCH=0:reduce SAT_POLICY_BRANCH_JOBS=6
5c24cfeff639fefdead9a5641f65fa22-c7552	seg	random	0	4095534757	840	1	7.5	SAT_POLICY_SEED=343536516 SAT_POLICY_TEMP=1.0 SAT_POLICY_SEGMENT=5
5c24cfeff639fefdead9a5641f65fa22-c7552	jit	jitter	0	4095534757	840	1	7.5	SAT_POLICY_SEED=343536517 SAT_POLICY_TEMP=0.5
5c47810953b22baa5f6f45585430fc77-oski15a01b20s_opt	fork	fork	0	39289715364	25799	7	268.0	SAT_POLICY_BRANCH=8:rephase,9:eliminate,16:eliminate,17:mode,21:reduce,22:reorder,24:mode,43:mode,47:margin,68:reduce SAT_POLICY_BRANCH_JOBS=6
5c47810953b22baa5f6f45585430fc77-oski15a01b20s_opt	seg	random	0	39289715364	4199	1	268.0	SAT_POLICY_SEED=1512200851 SAT_POLICY_TEMP=1.0 SAT_POLICY_SEGMENT=5
5c47810953b22baa5f6f45585430fc77-oski15a01b20s_opt	jit	jitter	0	39289715364	4199	1	268.0	SAT_POLICY_SEED=1512200852 SAT_POLICY_TEMP=0.5
5c8f4e54e195d46053b04e232a5661c4-case7.normalised	fork	fork	0	35876173707	10003	7	36.8	SAT_POLICY_BRANCH=14:probe,16:reduce,19:rephase,28:reduce,43:reduce,53:margin,63:eliminate,67:reduce,70:reorder,73:mode SAT_POLICY_BRANCH_JOBS=6
5c8f4e54e195d46053b04e232a5661c4-case7.normalised	seg	random	0	35876173707	1943	1	36.8	SAT_POLICY_SEED=1034078308 SAT_POLICY_TEMP=1.0 SAT_POLICY_SEGMENT=5
5c8f4e54e195d46053b04e232a5661c4-case7.normalised	jit	jitter	0	35876173707	1943	1	36.8	SAT_POLICY_SEED=1034078309 SAT_POLICY_TEMP=0.5
5ceb95f5960efe1f23c3014847dea118-pj2009_k80	fork	fork	0	7407087711	3575	7	1314.8	SAT_POLICY_BRANCH=2:margin,5:eliminate,7:sweep,8:reorder SAT_POLICY_BRANCH_JOBS=6
5ceb95f5960efe1f23c3014847dea118-pj2009_k80	seg	random	0	7407087711	1343	1	1314.8	SAT_POLICY_SEED=157019552 SAT_POLICY_TEMP=1.0 SAT_POLICY_SEGMENT=5
5ceb95f5960efe1f23c3014847dea118-pj2009_k80	jit	jitter	0	7407087711	1343	1	1314.8	SAT_POLICY_SEED=157019553 SAT_POLICY_TEMP=0.5
5d62e4d7ab116c477c8d4f5bd36907de-lockchart-group2-rnd0.3-L19-K38-P8D4J1_2	fork	fork	0	86062724917	41842	7	97.2	SAT_POLICY_BRANCH=257:eliminate,333:reorder,337:reduce,370:reduce,435:reduce,436:probe,454:eliminate,458:margin SAT_POLICY_BRANCH_JOBS=6
5d62e4d7ab116c477c8d4f5bd36907de-lockchart-group2-rnd0.3-L19-K38-P8D4J1_2	seg	random	0	86062724917	7473	1	97.2	SAT_POLICY_SEED=1288882882 SAT_POLICY_TEMP=1.0 SAT_POLICY_SEGMENT=5
5d62e4d7ab116c477c8d4f5bd36907de-lockchart-group2-rnd0.3-L19-K38-P8D4J1_2	jit	jitter	0	86062724917	7473	1	97.2	SAT_POLICY_SEED=1288882883 SAT_POLICY_TEMP=0.5
5d7bc1fb0f3269d88f732d3fb81abe59-16_16_booth_wallace_origin_and_default_mapped_bit29	fork	fork	0	79336010848	50999	7	35.6	SAT_POLICY_BRANCH=23:reduce,24:reorder,25:mode,39:eliminate,40:rephase,45:sweep,49:sweep,53:probe,64:reduce,80:reduce,95:reduce,99:mode,106:sweep,108:reduce,109:probe,122:mode,125:mode,130:mode,132:reduce,136:mode,141:probe,143:eliminate,162:sweep SAT_POLICY_BRANCH_JOBS=6
5d7bc1fb0f3269d88f732d3fb81abe59-16_16_booth_wallace_origin_and_default_mapped_bit29	seg	random	0	79336010848	4199	1	35.6	SAT_POLICY_SEED=1064542455 SAT_POLICY_TEMP=1.0 SAT_POLICY_SEGMENT=5
5d7bc1fb0f3269d88f732d3fb81abe59-16_16_booth_wallace_origin_and_default_mapped_bit29	jit	jitter	0	79336010848	4199	1	35.6	SAT_POLICY_SEED=1064542456 SAT_POLICY_TEMP=0.5
5dbe7b31f9b8d8e56045493439adb949-bp4_CSO_IXA_ZR.normalised	fork	fork	0	12162892434	2426	7	68.6	SAT_POLICY_BRANCH=6:margin,9:sweep,16:mode,18:margin SAT_POLICY_BRANCH_JOBS=6
5dbe7b31f9b8d8e56045493439adb949-bp4_CSO_IXA_ZR.normalised	seg	random	0	12162892434	1208	1	68.6	SAT_POLICY_SEED=1807945093 SAT_POLICY_TEMP=1.0 SAT_POLICY_SEGMENT=5
5dbe7b31f9b8d8e56045493439adb949-bp4_CSO_IXA_ZR.normalised	jit	jitter	0	12162892434	1208	1	68.6	SAT_POLICY_SEED=1807945094 SAT_POLICY_TEMP=0.5
5e933a625099cc1ec6a8299a7848a2ae-Kakuro-easy-112-ext.xml.hg_7	fork	fork	0	1668285210	2606	7	1442.3	SAT_POLICY_BRANCH=0:mode,1:reorder,2:margin SAT_POLICY_BRANCH_JOBS=6
5e933a625099cc1ec6a8299a7848a2ae-Kakuro-easy-112-ext.xml.hg_7	seg	random	0	1668285210	1268	1	1442.3	SAT_POLICY_SEED=860423499 SAT_POLICY_TEMP=1.0 SAT_POLICY_SEGMENT=5
5e933a625099cc1ec6a8299a7848a2ae-Kakuro-easy-112-ext.xml.hg_7	jit	jitter	0	1668285210	1268	1	1442.3	SAT_POLICY_SEED=860423500 SAT_POLICY_TEMP=0.5
60e39615d3af069932865a28b1bf6330-16_16_booth_dadda_mapped_and_and_wallace_mapped_bit28	fork	fork	0	72125108424	54599	7	50.5	SAT_POLICY_BRANCH=50:reorder,52:rephase,58:reorder,91:probe,109:mode,110:margin,134:sweep,142:probe,143:eliminate,163:mode,167:reduce,207:reorder,213:reduce,247:mode,254:eliminate,325:mode,326:reorder,338:reduce,343:probe,353:margin,397:margin,411:rephase,423:reorder,447:rephase SAT_POLICY_BRANCH_JOBS=6
60e39615d3af069932865a28b1bf6330-16_16_booth_dadda_mapped_and_and_wallace_mapped_bit28	seg	random	0	72125108424	4199	1	50.5	SAT_POLICY_SEED=2022396376 SAT_POLICY_TEMP=1.0 SAT_POLICY_SEGMENT=5
60e39615d3af069932865a28b1bf6330-16_16_booth_dadda_mapped_and_and_wallace_mapped_bit28	jit	jitter	0	72125108424	4199	1	50.5	SAT_POLICY_SEED=2022396377 SAT_POLICY_TEMP=0.5
6147e666b75f603a4c4490d21ab654cd-hid-uns-enc-6-1-0-0-0-0-14492	fork	fork	0	7126285422	1643	7	19.9	SAT_POLICY_BRANCH=3:sweep,5:eliminate,12:reorder SAT_POLICY_BRANCH_JOBS=6
6147e666b75f603a4c4490d21ab654cd-hid-uns-enc-6-1-0-0-0-0-14492	seg	random	0	7126285422	947	1	19.9	SAT_POLICY_SEED=695749557 SAT_POLICY_TEMP=1.0 SAT_POLICY_SEGMENT=5
6147e666b75f603a4c4490d21ab654cd-hid-uns-enc-6-1-0-0-0-0-14492	jit	jitter	0	7126285422	947	1	19.9	SAT_POLICY_SEED=695749558 SAT_POLICY_TEMP=0.5
64cb3656e0c03b3db7033ee9b987f280-em_8_4_5_cmp	fork	fork	0	55645434390	38392	7	94.7	SAT_POLICY_BRANCH=13:eliminate,15:margin,27:sweep,31:reduce,54:reduce,56:rephase,62:eliminate,68:mode,75:probe,77:margin,83:reduce,86:rephase,90:probe,94:rephase,96:reorder,111:reorder SAT_POLICY_BRANCH_JOBS=6
64cb3656e0c03b3db7033ee9b987f280-em_8_4_5_cmp	seg	random	0	55645434390	4035	1	94.7	SAT_POLICY_SEED=29293910 SAT_POLICY_TEMP=1.0 SAT_POLICY_SEGMENT=5
64cb3656e0c03b3db7033ee9b987f280-em_8_4_5_cmp	jit	jitter	0	55645434390	4035	1	94.7	SAT_POLICY_SEED=29293911 SAT_POLICY_TEMP=0.5
65f7145996bbec02b90bd0fa64a20502-test_v7_r12_vr10_c1_s18160.smt2-stp212	fork	fork	0	75316728938	42914	7	255.8	SAT_POLICY_BRANCH=182:reduce,193:reorder,227:rephase,239:margin,344:probe,379:mode,392:mode,395:reduce SAT_POLICY_BRANCH_JOBS=6
65f7145996bbec02b90bd0fa64a20502-test_v7_r12_vr10_c1_s18160.smt2-stp212	seg	random	0	75316728938	7652	1	255.8	SAT_POLICY_SEED=265800333 SAT_POLICY_TEMP=1.0 SAT_POLICY_SEGMENT=5
65f7145996bbec02b90bd0fa64a20502-test_v7_r12_vr10_c1_s18160.smt2-stp212	jit	jitter	0	75316728938	7652	1	255.8	SAT_POLICY_SEED=265800334 SAT_POLICY_TEMP=0.5
663bb5659e42c2c75f74354f48895302-SCPC-500-13	fork	fork	0	7665943097	1320	7	11.2	SAT_POLICY_BRANCH=1:probe,3:probe,4:rephase SAT_POLICY_BRANCH_JOBS=6
663bb5659e42c2c75f74354f48895302-SCPC-500-13	seg	random	0	7665943097	840	1	11.2	SAT_POLICY_SEED=122843162 SAT_POLICY_TEMP=1.0 SAT_POLICY_SEGMENT=5
663bb5659e42c2c75f74354f48895302-SCPC-500-13	jit	jitter	0	7665943097	840	1	11.2	SAT_POLICY_SEED=122843163 SAT_POLICY_TEMP=0.5
67aa1a256f92020dccdf66b235de3986-jkkk-one-one-10-34-sat	fork	fork	0	33608688518	17542	7	52.1	SAT_POLICY_BRANCH=8:reorder,12:rephase,15:eliminate,17:reduce,23:probe,30:sweep,34:mode,44:reorder,60:eliminate SAT_POLICY_BRANCH_JOBS=6
67aa1a256f92020dccdf66b235de3986-jkkk-one-one-10-34-sat	seg	random	0	33608688518	3020	1	52.1	SAT_POLICY_SEED=1977868372 SAT_POLICY_TEMP=1.0 SAT_POLICY_SEGMENT=5
67aa1a256f92020dccdf66b235de3986-jkkk-one-one-10-34-sat	jit	jitter	0	33608688518	3020	1	52.1	SAT_POLICY_SEED=1977868373 SAT_POLICY_TEMP=0.5
6832fe907740af686fde98518067ea3f-velev-pipe-sat-1.0-b7	fork	fork	0	9888646202	4436	7	556.8	SAT_POLICY_BRANCH=5:mode,8:reduce,15:rephase,17:mode SAT_POLICY_BRANCH_JOBS=6
6832fe907740af686fde98518067ea3f-velev-pipe-sat-1.0-b7	seg	random	0	9888646202	1878	1	556.8	SAT_POLICY_SEED=2143014745 SAT_POLICY_TEMP=1.0 SAT_POLICY_SEGMENT=5
6832fe907740af686fde98518067ea3f-velev-pipe-sat-1.0-b7	jit	jitter	0	9888646202	1878	1	556.8	SAT_POLICY_SEED=2143014746 SAT_POLICY_TEMP=0.5
69ad7473757d30d55fabab7882268483-BubbleVsPancakeSort_9_4	fork	fork	0	131773395699	44144	7	55.6	SAT_POLICY_BRANCH=314:probe,550:probe,581:mode,656:reorder,706:eliminate,744:reorder,756:mode,818:margin SAT_POLICY_BRANCH_JOBS=6
69ad7473757d30d55fabab7882268483-BubbleVsPancakeSort_9_4	seg	random	0	131773395699	7857	1	55.6	SAT_POLICY_SEED=146003712 SAT_POLICY_TEMP=1.0 SAT_POLICY_SEGMENT=5
69ad7473757d30d55fabab7882268483-BubbleVsPancakeSort_9_4	jit	jitter	0	131773395699	7857	1	55.6	SAT_POLICY_SEED=146003713 SAT_POLICY_TEMP=0.5
69f6dd335626a9b71bfc6f2332f52b9d-Break_04_04.xml	fork	fork	0	37299692	1079	7	3.0	SAT_POLICY_BRANCH=0:reorder SAT_POLICY_BRANCH_JOBS=6
69f6dd335626a9b71bfc6f2332f52b9d-Break_04_04.xml	seg	random	0	37299692	839	1	3.0	SAT_POLICY_SEED=575257675 SAT_POLICY_TEMP=1.0 SAT_POLICY_SEGMENT=5
69f6dd335626a9b71bfc6f2332f52b9d-Break_04_04.xml	jit	jitter	0	37299692	839	1	3.0	SAT_POLICY_SEED=575257676 SAT_POLICY_TEMP=0.5
6cb995b1c550beb579c53e27f6ca881a-RoundRobin_n16_d13	fork	fork	0	159104743423	75945	7	100.7	SAT_POLICY_BRANCH=146:mode,148:reorder,155:mode,229:sweep,251:probe,370:reorder,377:margin,404:sweep,414:reorder,419:probe,469:sweep,491:mode,522:probe,555:reorder,557:probe,565:eliminate SAT_POLICY_BRANCH_JOBS=6
6cb995b1c550beb579c53e27f6ca881a-RoundRobin_n16_d13	seg	random	0	159104743423	8134	1	100.7	SAT_POLICY_SEED=400380867 SAT_POLICY_TEMP=1.0 SAT_POLICY_SEGMENT=5
6cb995b1c550beb579c53e27f6ca881a-RoundRobin_n16_d13	jit	jitter	0	159104743423	8134	1	100.7	SAT_POLICY_SEED=400380868 SAT_POLICY_TEMP=0.5
6cd9571bc71cc0c3fb08aeafb9ca37e4-sted1_0x24204-330	fork	fork	0	12600756110	3433	7	42.0	SAT_POLICY_BRANCH=8:eliminate,9:rephase,12:probe,16:rephase SAT_POLICY_BRANCH_JOBS=6
6cd9571bc71cc0c3fb08aeafb9ca37e4-sted1_0x24204-330	seg	random	0	12600756110	1308	1	42.0	SAT_POLICY_SEED=1927934480 SAT_POLICY_TEMP=1.0 SAT_POLICY_SEGMENT=5
6cd9571bc71cc0c3fb08aeafb9ca37e4-sted1_0x24204-330	jit	jitter	0	12600756110	1308	1	42.0	SAT_POLICY_SEED=1927934481 SAT_POLICY_TEMP=0.5
6e139783cfbcfeec85b49750ad11a615-x9-06068.sat.sanitized	fork	fork	0	5304598939	1080	7	5.7	SAT_POLICY_BRANCH=0:reorder SAT_POLICY_BRANCH_JOBS=6
6e139783cfbcfeec85b49750ad11a615-x9-06068.sat.sanitized	seg	random	0	5304598939	840	1	5.7	SAT_POLICY_SEED=1061721278 SAT_POLICY_TEMP=1.0 SAT_POLICY_SEGMENT=5
6e139783cfbcfeec85b49750ad11a615-x9-06068.sat.sanitized	jit	jitter	0	5304598939	840	1	5.7	SAT_POLICY_SEED=1061721279 SAT_POLICY_TEMP=0.5
6f354fbea13b25a49f3edc1cd10c48d5-bp4_CSO_LP_FPBLE_ZR_YS.normalised	fork	fork	0	18357646752	3866	7	25.3	SAT_POLICY_BRANCH=9:reorder,15:sweep,16:margin,25:probe,27:probe SAT_POLICY_BRANCH_JOBS=6
6f354fbea13b25a49f3edc1cd10c48d5-bp4_CSO_LP_FPBLE_ZR_YS.normalised	seg	random	0	18357646752	1416	1	25.3	SAT_POLICY_SEED=2118755269 SAT_POLICY_TEMP=1.0 SAT_POLICY_SEGMENT=5
6f354fbea13b25a49f3edc1cd10c48d5-bp4_CSO_LP_FPBLE_ZR_YS.normalised	jit	jitter	0	18357646752	1416	1	25.3	SAT_POLICY_SEED=2118755270 SAT_POLICY_TEMP=0.5
6f6a20cd654701b5e7fe9e9e0e5e7787-RoundRobin_n18_d15	fork	fork	0	129627872363	43204	7	166.7	SAT_POLICY_BRANCH=297:probe,312:margin,327:rephase,543:reorder,586:mode,604:reduce,639:reduce,757:reorder SAT_POLICY_BRANCH_JOBS=6
6f6a20cd654701b5e7fe9e9e0e5e7787-RoundRobin_n18_d15	seg	random	0	129627872363	7700	1	166.7	SAT_POLICY_SEED=97631687 SAT_POLICY_TEMP=1.0 SAT_POLICY_SEGMENT=5
6f6a20cd654701b5e7fe9e9e0e5e7787-RoundRobin_n18_d15	jit	jitter	0	129627872363	7700	1	166.7	SAT_POLICY_SEED=97631688 SAT_POLICY_TEMP=0.5
70da0b784f49350e05c0ff8434acdc15-x-epic_a19-p15_transition	fork	fork	0	480415443	1080	7	35.6	SAT_POLICY_BRANCH=0:reduce SAT_POLICY_BRANCH_JOBS=6
70da0b784f49350e05c0ff8434acdc15-x-epic_a19-p15_transition	seg	random	0	480415443	840	1	35.6	SAT_POLICY_SEED=1297987431 SAT_POLICY_TEMP=1.0 SAT_POLICY_SEGMENT=5
70da0b784f49350e05c0ff8434acdc15-x-epic_a19-p15_transition	jit	jitter	0	480415443	840	1	35.6	SAT_POLICY_SEED=1297987432 SAT_POLICY_TEMP=0.5
72a033a7a86f1b89b1bdd8e28a97ecdf-frb80-14-1.used-as.sat04-879	fork	fork	0	141411016776	71078	7	42.7	SAT_POLICY_BRANCH=243:mode,301:probe,385:margin,436:reduce,440:margin,504:reduce,510:eliminate,520:eliminate,547:rephase,581:reduce,611:reduce,638:mode,641:mode,696:sweep,757:mode,804:reduce SAT_POLICY_BRANCH_JOBS=6
72a033a7a86f1b89b1bdd8e28a97ecdf-frb80-14-1.used-as.sat04-879	seg	random	0	141411016776	7647	1	42.7	SAT_POLICY_SEED=1923652417 SAT_POLICY_TEMP=1.0 SAT_POLICY_SEGMENT=5
72a033a7a86f1b89b1bdd8e28a97ecdf-frb80-14-1.used-as.sat04-879	jit	jitter	0	141411016776	7647	1	42.7	SAT_POLICY_SEED=1923652418 SAT_POLICY_TEMP=0.5
72cec28d6e34efe366150066b71edc33-bp4_LPI_FPBEQ_ZR.normalised	fork	fork	0	116038017332	68879	7	101.7	SAT_POLICY_BRANCH=164:reduce,166:probe,194:mode,197:reorder,258:eliminate,278:reduce,366:reorder,381:probe,398:eliminate,399:reduce,450:margin,460:mode,472:sweep,541:margin,546:eliminate,556:mode SAT_POLICY_BRANCH_JOBS=6
72cec28d6e34efe366150066b71edc33-bp4_LPI_FPBEQ_ZR.normalised	seg	random	0	116038017332	7427	1	101.7	SAT_POLICY_SEED=551577187 SAT_POLICY_TEMP=1.0 SAT_POLICY_SEGMENT=5
72cec28d6e34efe366150066b71edc33-bp4_LPI_FPBEQ_ZR.normalised	jit	jitter	0	116038017332	7427	1	101.7	SAT_POLICY_SEED=551577188 SAT_POLICY_TEMP=0.5
753ca299a6ab46e28ece1aefa38f4947-oski15a01b01s_opt	fork	fork	0	37583721027	24315	7	306.4	SAT_POLICY_BRANCH=8:probe,11:sweep,15:mode,19:rephase,42:reduce,47:rephase,51:rephase,54:reduce,60:mode SAT_POLICY_BRANCH_JOBS=6
753ca299a6ab46e28ece1aefa38f4947-oski15a01b01s_opt	seg	random	0	37583721027	3987	1	306.4	SAT_POLICY_SEED=519605283 SAT_POLICY_TEMP=1.0 SAT_POLICY_SEGMENT=5
753ca299a6ab46e28ece1aefa38f4947-oski15a01b01s_opt	jit	jitter	0	37583721027	3987	1	306.4	SAT_POLICY_SEED=519605284 SAT_POLICY_TEMP=0.5
75cc1f02ed4b8c06553ef579b163e1be-SCPC-500-14	fork	fork	0	7571281565	1320	7	12.7	SAT_POLICY_BRANCH=1:eliminate,5:eliminate,8:reduce SAT_POLICY_BRANCH_JOBS=6
75cc1f02ed4b8c06553ef579b163e1be-SCPC-500-14	seg	random	0	7571281565	840	1	12.7	SAT_POLICY_SEED=911130054 SAT_POLICY_TEMP=1.0 SAT_POLICY_SEGMENT=5
75cc1f02ed4b8c06553ef579b163e1be-SCPC-500-14	jit	jitter	0	7571281565	840	1	12.7	SAT_POLICY_SEED=911130055 SAT_POLICY_TEMP=0.5
76bef98aafe7e718e98761f058c7dc1d-bp4_CB_CSO_LP_FPBEQ_FPBLE.normalised	fork	fork	0	51587512170	23048	7	49.7	SAT_POLICY_BRANCH=10:rephase,14:rephase,18:mode,21:reorder,22:sweep,39:eliminate,66:probe,67:mode,76:reduce,79:sweep,83:eliminate,84:rephase SAT_POLICY_BRANCH_JOBS=6
76bef98aafe7e718e98761f058c7dc1d-bp4_CB_CSO_LP_FPBEQ_FPBLE.normalised	seg	random	0	51587512170	3406	1	49.7	SAT_POLICY_SEED=1980265912 SAT_POLICY_TEMP=1.0 SAT_POLICY_SEGMENT=5
76bef98aafe7e718e98761f058c7dc1d-bp4_CB_CSO_LP_FPBEQ_FPBLE.normalised	jit	jitter	0	51587512170	3406	1	49.7	SAT_POLICY_SEED=1980265913 SAT_POLICY_TEMP=0.5
780b0c9b5aed38a127f61c6aae7287aa-rbsat-v1375c111739gyes10	fork	fork	0	67784862111	42454	7	48.1	SAT_POLICY_BRANCH=20:reorder,25:mode,31:mode,36:reorder,41:probe,45:probe,54:margin,56:probe,66:eliminate,69:eliminate,74:eliminate,76:rephase,77:eliminate,83:rephase,87:margin,97:probe,109:sweep,112:margin,121:reduce SAT_POLICY_BRANCH_JOBS=6
780b0c9b5aed38a127f61c6aae7287aa-rbsat-v1375c111739gyes10	seg	random	0	67784862111	4087	1	48.1	SAT_POLICY_SEED=1682360472 SAT_POLICY_TEMP=1.0 SAT_POLICY_SEGMENT=5
780b0c9b5aed38a127f61c6aae7287aa-rbsat-v1375c111739gyes10	jit	jitter	0	67784862111	4087	1	48.1	SAT_POLICY_SEED=1682360473 SAT_POLICY_TEMP=0.5
7a044c997ede14d00002f1db39d45170-sum_of_3_cubes_37_bits_87	fork	fork	0	80164685087	54600	7	37.4	SAT_POLICY_BRANCH=41:reduce,65:mode,73:reorder,98:sweep,100:mode,120:eliminate,133:mode,143:reduce,156:rephase,164:margin,170:probe,175:rephase,198:eliminate,225:reduce,234:reduce,236:sweep,239:rephase,251:eliminate,289:reduce,315:reorder,318:reorder,325:probe,354:sweep,359:margin SAT_POLICY_BRANCH_JOBS=6
7a044c997ede14d00002f1db39d45170-sum_of_3_cubes_37_bits_87	seg	random	0	80164685087	4200	1	37.4	SAT_POLICY_SEED=1936006326 SAT_POLICY_TEMP=1.0 SAT_POLICY_SEGMENT=5
7a044c997ede14d00002f1db39d45170-sum_of_3_cubes_37_bits_87	jit	jitter	0	80164685087	4200	1	37.4	SAT_POLICY_SEED=1936006327 SAT_POLICY_TEMP=0.5
7a206b67366c3049f214f360ff943f62-oddball_56_5_tto_zp.normalised	fork	fork	0	29089180619	22199	7	510.9	SAT_POLICY_BRANCH=12:margin,17:sweep,41:mode,42:eliminate,47:reduce,54:sweep,55:probe,62:reduce,63:eliminate SAT_POLICY_BRANCH_JOBS=6
7a206b67366c3049f214f360ff943f62-oddball_56_5_tto_zp.normalised	seg	random	0	29089180619	4199	1	510.9	SAT_POLICY_SEED=982545658 SAT_POLICY_TEMP=1.0 SAT_POLICY_SEGMENT=5
7a206b67366c3049f214f360ff943f62-oddball_56_5_tto_zp.normalised	jit	jitter	0	29089180619	4199	1	510.9	SAT_POLICY_SEED=982545659 SAT_POLICY_TEMP=0.5
7a44efe7c2dbf88a61e7cb750f307937-Break_triple_12_20.xml	fork	fork	0	4692429989	1320	7	15.0	SAT_POLICY_BRANCH=0:reduce,1:eliminate SAT_POLICY_BRANCH_JOBS=6
7a44efe7c2dbf88a61e7cb750f307937-Break_triple_12_20.xml	seg	random	0	4692429989	840	1	15.0	SAT_POLICY_SEED=1273769255 SAT_POLICY_TEMP=1.0 SAT_POLICY_SEGMENT=5
7a44efe7c2dbf88a61e7cb750f307937-Break_triple_12_20.xml	jit	jitter	0	4692429989	840	1	15.0	SAT_POLICY_SEED=1273769256 SAT_POLICY_TEMP=0.5
7a5e9bdbf9b8c025b1f986d6098b6206-cfi-rigid-t2-0048-04-or_3_shuffle_all	fork	fork	0	1609486587	2258	7	341.4	SAT_POLICY_BRANCH=0:mode,1:mode,2:mode,3:reduce SAT_POLICY_BRANCH_JOBS=6
7a5e9bdbf9b8c025b1f986d6098b6206-cfi-rigid-t2-0048-04-or_3_shuffle_all	seg	random	0	1609486587	1152	1	341.4	SAT_POLICY_SEED=1857996430 SAT_POLICY_TEMP=1.0 SAT_POLICY_SEGMENT=5
7a5e9bdbf9b8c025b1f986d6098b6206-cfi-rigid-t2-0048-04-or_3_shuffle_all	jit	jitter	0	1609486587	1152	1	341.4	SAT_POLICY_SEED=1857996431 SAT_POLICY_TEMP=0.5
7bdf3e5401cc263951003b569bcd689c-bv_ILA_Piccolo_BEQ_sanity_transition	fork	fork	0	1883796679	1079	7	67.8	SAT_POLICY_BRANCH=0:eliminate SAT_POLICY_BRANCH_JOBS=6
7bdf3e5401cc263951003b569bcd689c-bv_ILA_Piccolo_BEQ_sanity_transition	seg	random	0	1883796679	839	1	67.8	SAT_POLICY_SEED=2089251650 SAT_POLICY_TEMP=1.0 SAT_POLICY_SEGMENT=5
7bdf3e5401cc263951003b569bcd689c-bv_ILA_Piccolo_BEQ_sanity_transition	jit	jitter	0	1883796679	839	1	67.8	SAT_POLICY_SEED=2089251651 SAT_POLICY_TEMP=0.5
7e58b502cc9dbef5f76d5161fb9a09b2-mp1-Nb7T45	fork	fork	0	83644734609	43956	7	187.5	SAT_POLICY_BRANCH=193:probe,263:mode,341:probe,366:rephase,427:reduce,485:reduce,521:margin,531:reduce SAT_POLICY_BRANCH_JOBS=6
7e58b502cc9dbef5f76d5161fb9a09b2-mp1-Nb7T45	seg	random	0	83644734609	7826	1	187.5	SAT_POLICY_SEED=1812083354 SAT_POLICY_TEMP=1.0 SAT_POLICY_SEGMENT=5
7e58b502cc9dbef5f76d5161fb9a09b2-mp1-Nb7T45	jit	jitter	0	83644734609	7826	1	187.5	SAT_POLICY_SEED=1812083355 SAT_POLICY_TEMP=0.5
80d8c77f6cab179d469462221f3f624a-clqcl_30_11_10.normalised	fork	fork	0	100951848792	42207	7	207.6	SAT_POLICY_BRANCH=247:probe,299:rephase,377:rephase,410:probe,520:reduce,524:reorder,543:mode,576:eliminate SAT_POLICY_BRANCH_JOBS=6
80d8c77f6cab179d469462221f3f624a-clqcl_30_11_10.normalised	seg	random	0	100951848792	7534	1	207.6	SAT_POLICY_SEED=1352126374 SAT_POLICY_TEMP=1.0 SAT_POLICY_SEGMENT=5
80d8c77f6cab179d469462221f3f624a-clqcl_30_11_10.normalised	jit	jitter	0	100951848792	7534	1	207.6	SAT_POLICY_SEED=1352126375 SAT_POLICY_TEMP=0.5
822cf4daaa4e1d16ad53d088ff567f32-RoundRobin_n15_d13	fork	fork	0	143166782260	43358	7	126.0	SAT_POLICY_BRANCH=325:reorder,377:rephase,417:reorder,431:eliminate,563:probe,690:mode,701:reduce,871:eliminate SAT_POLICY_BRANCH_JOBS=6
822cf4daaa4e1d16ad53d088ff567f32-RoundRobin_n15_d13	seg	random	0	143166782260	7726	1	126.0	SAT_POLICY_SEED=1978747263 SAT_POLICY_TEMP=1.0 SAT_POLICY_SEGMENT=5
822cf4daaa4e1d16ad53d088ff567f32-RoundRobin_n15_d13	jit	jitter	0	143166782260	7726	1	126.0	SAT_POLICY_SEED=1978747264 SAT_POLICY_TEMP=0.5
82851650dea77d44864b3fd8ae387691-REGRandom-K3-L3-Seed30.sanitized	fork	fork	0	94648239	1080	7	54.6	SAT_POLICY_BRANCH=0:eliminate SAT_POLICY_BRANCH_JOBS=6
82851650dea77d44864b3fd8ae387691-REGRandom-K3-L3-Seed30.sanitized	seg	random	0	94648239	840	1	54.6	SAT_POLICY_SEED=421767385 SAT_POLICY_TEMP=1.0 SAT_POLICY_SEGMENT=5
82851650dea77d44864b3fd8ae387691-REGRandom-K3-L3-Seed30.sanitized	jit	jitter	0	94648239	840	1	54.6	SAT_POLICY_SEED=421767386 SAT_POLICY_TEMP=0.5
847c8843ee292b9b31f0c346574af260-ramsey_4_4_19.normalised	fork	fork	0	102722161946	41959	7	115.6	SAT_POLICY_BRANCH=216:mode,252:reorder,325:reduce,407:reorder,421:margin,439:rephase,539:margin,547:eliminate SAT_POLICY_BRANCH_JOBS=6
847c8843ee292b9b31f0c346574af260-ramsey_4_4_19.normalised	seg	random	0	102722161946	7493	1	115.6	SAT_POLICY_SEED=619592238 SAT_POLICY_TEMP=1.0 SAT_POLICY_SEGMENT=5
847c8843ee292b9b31f0c346574af260-ramsey_4_4_19.normalised	jit	jitter	0	102722161946	7493	1	115.6	SAT_POLICY_SEED=619592239 SAT_POLICY_TEMP=0.5
849950561ddce887c78fef773dccfa80-circuit_48in64out_with_800gates_4in4out_dist128_seed3.sanitized	fork	fork	0	5045540229	1319	7	32.8	SAT_POLICY_BRANCH=0:probe,1:mode,2:sweep SAT_POLICY_BRANCH_JOBS=6
849950561ddce887c78fef773dccfa80-circuit_48in64out_with_800gates_4in4out_dist128_seed3.sanitized	seg	random	0	5045540229	839	1	32.8	SAT_POLICY_SEED=5545232 SAT_POLICY_TEMP=1.0 SAT_POLICY_SEGMENT=5
849950561ddce887c78fef773dccfa80-circuit_48in64out_with_800gates_4in4out_dist128_seed3.sanitized	jit	jitter	0	5045540229	839	1	32.8	SAT_POLICY_SEED=5545233 SAT_POLICY_TEMP=0.5
86173292a2c6a506acf27a81db853bb5-ktf_TF-7.tf_3_0.06_113	fork	fork	0	4200250506	1341	7	57.9	SAT_POLICY_BRANCH=2:reorder,5:reduce,6:reduce SAT_POLICY_BRANCH_JOBS=6
86173292a2c6a506acf27a81db853bb5-ktf_TF-7.tf_3_0.06_113	seg	random	0	4200250506	847	1	57.9	SAT_POLICY_SEED=2056025587 SAT_POLICY_TEMP=1.0 SAT_POLICY_SEGMENT=5
86173292a2c6a506acf27a81db853bb5-ktf_TF-7.tf_3_0.06_113	jit	jitter	0	4200250506	847	1	57.9	SAT_POLICY_SEED=2056025588 SAT_POLICY_TEMP=0.5
8707ef793f0443b5804c56c2ffca322e-clqcl_40_6_5.normalised	fork	fork	0	111887897871	42629	7	195.6	SAT_POLICY_BRANCH=242:mode,262:reduce,328:reduce,444:reduce,460:sweep,485:margin,600:reduce,601:margin SAT_POLICY_BRANCH_JOBS=6
8707ef793f0443b5804c56c2ffca322e-clqcl_40_6_5.normalised	seg	random	0	111887897871	7604	1	195.6	SAT_POLICY_SEED=1410534518 SAT_POLICY_TEMP=1.0 SAT_POLICY_SEGMENT=5
8707ef793f0443b5804c56c2ffca322e-clqcl_40_6_5.normalised	jit	jitter	0	111887897871	7604	1	195.6	SAT_POLICY_SEED=1410534519 SAT_POLICY_TEMP=0.5
8733dfd02c923d69720500c9ec8ce36a-reconf10_70_queen14_2	fork	fork	0	16023535839	6200	7	388.4	SAT_POLICY_BRANCH=6:reorder,8:reduce,17:rephase,25:probe SAT_POLICY_BRANCH_JOBS=6
8733dfd02c923d69720500c9ec8ce36a-reconf10_70_queen14_2	seg	random	0	16023535839	2000	1	388.4	SAT_POLICY_SEED=602952476 SAT_POLICY_TEMP=1.0 SAT_POLICY_SEGMENT=5
8733dfd02c923d69720500c9ec8ce36a-reconf10_70_queen14_2	jit	jitter	0	16023535839	2000	1	388.4	SAT_POLICY_SEED=602952477 SAT_POLICY_TEMP=0.5
87f093067622b91fa9dc0de149c8b92c-1-ET-512-K-102.sanitized	fork	fork	0	95049955521	41580	7	136.9	SAT_POLICY_BRANCH=212:reorder,360:reorder,366:probe,392:margin,399:reorder,402:eliminate,500:sweep,506:rephase SAT_POLICY_BRANCH_JOBS=6
87f093067622b91fa9dc0de149c8b92c-1-ET-512-K-102.sanitized	seg	random	0	95049955521	7430	1	136.9	SAT_POLICY_SEED=1006725526 SAT_POLICY_TEMP=1.0 SAT_POLICY_SEGMENT=5
87f093067622b91fa9dc0de149c8b92c-1-ET-512-K-102.sanitized	jit	jitter	0	95049955521	7430	1	136.9	SAT_POLICY_SEED=1006725527 SAT_POLICY_TEMP=0.5
89002102bdb86946869a06dc1f604315-lockchart-group1-L210-K303-p8d4j1.normalised	fork	fork	0	25991444973	76884	7	928.9	SAT_POLICY_BRANCH=14:mode,17:margin,18:reorder,19:margin,23:margin,25:eliminate,28:probe,31:reorder,36:eliminate,37:rephase,41:eliminate,50:eliminate,53:reorder,54:reorder,57:mode,58:margin SAT_POLICY_BRANCH_JOBS=6
89002102bdb86946869a06dc1f604315-lockchart-group1-L210-K303-p8d4j1.normalised	seg	random	0	25991444973	8228	1	928.9	SAT_POLICY_SEED=624783608 SAT_POLICY_TEMP=1.0 SAT_POLICY_SEGMENT=5
89002102bdb86946869a06dc1f604315-lockchart-group1-L210-K303-p8d4j1.normalised	jit	jitter	0	25991444973	8228	1	928.9	SAT_POLICY_SEED=624783609 SAT_POLICY_TEMP=0.5
8b22396ef06770c7dfa7552a610fc911-PancakeVsSelectionSort_6_7	fork	fork	0	28440221772	7666	7	27.4	SAT_POLICY_BRANCH=7:reorder,9:margin,11:margin,13:reduce,38:mode,50:margin,53:probe,58:reduce SAT_POLICY_BRANCH_JOBS=6
8b22396ef06770c7dfa7552a610fc911-PancakeVsSelectionSort_6_7	seg	random	0	28440221772	2013	1	27.4	SAT_POLICY_SEED=954489892 SAT_POLICY_TEMP=1.0 SAT_POLICY_SEGMENT=5
8b22396ef06770c7dfa7552a610fc911-PancakeVsSelectionSort_6_7	jit	jitter	0	28440221772	2013	1	27.4	SAT_POLICY_SEED=954489893 SAT_POLICY_TEMP=0.5
8b267f95678c90b2179944de7233b090-ER_500_20_4.apx_1_DC-AD	fork	fork	0	150469542888	51682	7	113.9	SAT_POLICY_BRANCH=330:reorder,387:eliminate,456:reorder,535:probe,567:eliminate,569:reduce,901:probe,906:sweep SAT_POLICY_BRANCH_JOBS=6
8b267f95678c90b2179944de7233b090-ER_500_20_4.apx_1_DC-AD	seg	random	0	150469542888	7897	1	113.9	SAT_POLICY_SEED=1621772300 SAT_POLICY_TEMP=1.0 SAT_POLICY_SEGMENT=5
8b267f95678c90b2179944de7233b090-ER_500_20_4.apx_1_DC-AD	jit	jitter	0	150469542888	7897	1	113.9	SAT_POLICY_SEED=1621772301 SAT_POLICY_TEMP=0.5
8e1f70e59050693ef128bee0092a7f5f-PancakeVsSelectionSort_6_8	fork	fork	0	57747033971	34349	7	37.6	SAT_POLICY_BRANCH=24:reorder,25:sweep,26:mode,31:probe,36:sweep,45:reduce,52:eliminate,55:margin,61:mode,86:rephase,87:eliminate,89:probe,94:reduce,99:eliminate,103:mode,109:reduce,111:margin SAT_POLICY_BRANCH_JOBS=6
8e1f70e59050693ef128bee0092a7f5f-PancakeVsSelectionSort_6_8	seg	random	0	57747033971	3668	1	37.6	SAT_POLICY_SEED=1488017988 SAT_POLICY_TEMP=1.0 SAT_POLICY_SEGMENT=5
8e1f70e59050693ef128bee0092a7f5f-PancakeVsSelectionSort_6_8	jit	jitter	0	57747033971	3668	1	37.6	SAT_POLICY_SEED=1488017989 SAT_POLICY_TEMP=0.5
8e62c5d47920ffe36052f86177403e70-SC25_Timetable_C_393_E_45_Cl_26_D_7_T_50.normalised	fork	fork	0	2459170425	1397	7	140.8	SAT_POLICY_BRANCH=0:eliminate,1:rephase,2:probe SAT_POLICY_BRANCH_JOBS=6
8e62c5d47920ffe36052f86177403e70-SC25_Timetable_C_393_E_45_Cl_26_D_7_T_50.normalised	seg	random	0	2459170425	865	1	140.8	SAT_POLICY_SEED=180124456 SAT_POLICY_TEMP=1.0 SAT_POLICY_SEGMENT=5
8e62c5d47920ffe36052f86177403e70-SC25_Timetable_C_393_E_45_Cl_26_D_7_T_50.normalised	jit	jitter	0	2459170425	865	1	140.8	SAT_POLICY_SEED=180124457 SAT_POLICY_TEMP=0.5
8f391f2bf8167f1b96467f3479b33dc5-oddball_20_5_ttf.normalised	fork	fork	0	4298847647	1080	7	14.7	SAT_POLICY_BRANCH=0:eliminate SAT_POLICY_BRANCH_JOBS=6
8f391f2bf8167f1b96467f3479b33dc5-oddball_20_5_ttf.normalised	seg	random	0	4298847647	840	1	14.7	SAT_POLICY_SEED=1867300109 SAT_POLICY_TEMP=1.0 SAT_POLICY_SEGMENT=5
8f391f2bf8167f1b96467f3479b33dc5-oddball_20_5_ttf.normalised	jit	jitter	0	4298847647	840	1	14.7	SAT_POLICY_SEED=1867300110 SAT_POLICY_TEMP=0.5
908433870bee8ba2c86f266d0b002fdb-MVRoundRobin_n20_d10_v2	fork	fork	0	167627387265	51942	7	148.7	SAT_POLICY_BRANCH=401:reorder,427:probe,627:reduce,690:reorder,786:reduce,878:eliminate,958:eliminate,984:reduce SAT_POLICY_BRANCH_JOBS=6
908433870bee8ba2c86f266d0b002fdb-MVRoundRobin_n20_d10_v2	seg	random	0	167627387265	7934	1	148.7	SAT_POLICY_SEED=775602460 SAT_POLICY_TEMP=1.0 SAT_POLICY_SEGMENT=5
908433870bee8ba2c86f266d0b002fdb-MVRoundRobin_n20_d10_v2	jit	jitter	0	167627387265	7934	1	148.7	SAT_POLICY_SEED=775602461 SAT_POLICY_TEMP=0.5
90bec6dcf2399d7c7f73acba44a8641e-Wallace_Bits_Fast_8.cnf	fork	fork	0	3952900058	1079	7	15.3	SAT_POLICY_BRANCH=0:reorder SAT_POLICY_BRANCH_JOBS=6
90bec6dcf2399d7c7f73acba44a8641e-Wallace_Bits_Fast_8.cnf	seg	random	0	3952900058	839	1	15.3	SAT_POLICY_SEED=2013772472 SAT_POLICY_TEMP=1.0 SAT_POLICY_SEGMENT=5
90bec6dcf2399d7c7f73acba44a8641e-Wallace_Bits_Fast_8.cnf	jit	jitter	0	3952900058	839	1	15.3	SAT_POLICY_SEED=2013772473 SAT_POLICY_TEMP=0.5
9118e76885506476cd50cef8b2ec5def-ramsey_3_6_18.normalised	fork	fork	0	101616796622	41786	7	108.9	SAT_POLICY_BRANCH=234:probe,301:mode,324:sweep,334:sweep,365:reduce,442:reorder,465:margin,495:rephase SAT_POLICY_BRANCH_JOBS=6
9118e76885506476cd50cef8b2ec5def-ramsey_3_6_18.normalised	seg	random	0	101616796622	7464	1	108.9	SAT_POLICY_SEED=81230961 SAT_POLICY_TEMP=1.0 SAT_POLICY_SEGMENT=5
9118e76885506476cd50cef8b2ec5def-ramsey_3_6_18.normalised	jit	jitter	0	101616796622	7464	1	108.9	SAT_POLICY_SEED=81230962 SAT_POLICY_TEMP=0.5
918d9e7c2e197312517736421d728958-SCPC-500-1	fork	fork	0	12088689603	2159	7	17.3	SAT_POLICY_BRANCH=5:eliminate,8:reduce,11:probe,13:sweep SAT_POLICY_BRANCH_JOBS=6
918d9e7c2e197312517736421d728958-SCPC-500-1	seg	random	0	12088689603	989	1	17.3	SAT_POLICY_SEED=1857470056 SAT_POLICY_TEMP=1.0 SAT_POLICY_SEGMENT=5
918d9e7c2e197312517736421d728958-SCPC-500-1	jit	jitter	0	12088689603	989	1	17.3	SAT_POLICY_SEED=1857470057 SAT_POLICY_TEMP=0.5
91c429adc2dc8430461b6d87a9aef335-16_16_booth_wallace_mapped_and_and_wallace_origin_bit28	fork	fork	0	78043414709	54599	7	34.4	SAT_POLICY_BRANCH=39:mode,50:mode,66:sweep,70:reorder,82:rephase,85:margin,119:reduce,142:mode,143:rephase,148:probe,157:reorder,161:reduce,165:rephase,186:reorder,216:margin,233:eliminate,282:reduce,293:rephase,298:reduce,304:probe,309:mode,321:mode,326:reorder,335:reduce SAT_POLICY_BRANCH_JOBS=6
91c429adc2dc8430461b6d87a9aef335-16_16_booth_wallace_mapped_and_and_wallace_origin_bit28	seg	random	0	78043414709	4199	1	34.4	SAT_POLICY_SEED=231035832 SAT_POLICY_TEMP=1.0 SAT_POLICY_SEGMENT=5
91c429adc2dc8430461b6d87a9aef335-16_16_booth_wallace_mapped_and_and_wallace_origin_bit28	jit	jitter	0	78043414709	4199	1	34.4	SAT_POLICY_SEED=231035833 SAT_POLICY_TEMP=0.5
931621d9964e9d0cd1c4001822015c92-DLTM_twitter845_79_19	fork	fork	0	5564913464	1532	7	33.9	SAT_POLICY_BRANCH=1:reduce,2:reorder,4:reduce SAT_POLICY_BRANCH_JOBS=6
931621d9964e9d0cd1c4001822015c92-DLTM_twitter845_79_19	seg	random	0	5564913464	910	1	33.9	SAT_POLICY_SEED=48882616 SAT_POLICY_TEMP=1.0 SAT_POLICY_SEGMENT=5
931621d9964e9d0cd1c4001822015c92-DLTM_twitter845_79_19	jit	jitter	0	5564913464	910	1	33.9	SAT_POLICY_SEED=48882617 SAT_POLICY_TEMP=0.5
944b4eaecefa1d15c2d2a8ac0c2d1c31-b14	fork	fork	0	4447505880	1080	7	10.9	SAT_POLICY_BRANCH=0:reduce SAT_POLICY_BRANCH_JOBS=6
944b4eaecefa1d15c2d2a8ac0c2d1c31-b14	seg	random	0	4447505880	840	1	10.9	SAT_POLICY_SEED=55895678 SAT_POLICY_TEMP=1.0 SAT_POLICY_SEGMENT=5
944b4eaecefa1d15c2d2a8ac0c2d1c31-b14	jit	jitter	0	4447505880	840	1	10.9	SAT_POLICY_SEED=55895679 SAT_POLICY_TEMP=0.5
95931bb010dba306e24c79c120044ff9-SC25_Timetable_C_496_E_48_Cl_33_D_7_T_50.normalised	fork	fork	0	65519910017	43037	7	313.2	SAT_POLICY_BRANCH=200:eliminate,228:rephase,240:reduce,259:margin,285:probe,306:eliminate,311:reorder,398:reorder SAT_POLICY_BRANCH_JOBS=6
95931bb010dba306e24c79c120044ff9-SC25_Timetable_C_496_E_48_Cl_33_D_7_T_50.normalised	seg	random	0	65519910017	7672	1	313.2	SAT_POLICY_SEED=1262942560 SAT_POLICY_TEMP=1.0 SAT_POLICY_SEGMENT=5
95931bb010dba306e24c79c120044ff9-SC25_Timetable_C_496_E_48_Cl_33_D_7_T_50.normalised	jit	jitter	0	65519910017	7672	1	313.2	SAT_POLICY_SEED=1262942561 SAT_POLICY_TEMP=0.5
96a472b1fd7bf855fbe44fc2d5e745ce-crusti_g2io_175_0.2_511_48.normalised	fork	fork	0	4205191229	5020	7	646.3	SAT_POLICY_BRANCH=1:probe,2:mode,3:reorder,4:reduce SAT_POLICY_BRANCH_JOBS=6
96a472b1fd7bf855fbe44fc2d5e745ce-crusti_g2io_175_0.2_511_48.normalised	seg	random	0	4205191229	1705	1	646.3	SAT_POLICY_SEED=1317035111 SAT_POLICY_TEMP=1.0 SAT_POLICY_SEGMENT=5
96a472b1fd7bf855fbe44fc2d5e745ce-crusti_g2io_175_0.2_511_48.normalised	jit	jitter	0	4205191229	1705	1	646.3	SAT_POLICY_SEED=1317035112 SAT_POLICY_TEMP=0.5
98a9352230efc411c092f1dcdcdedcfc-bp4_BC012_IXA_LPI_FPBLE.normalised	fork	fork	0	65838624722	58199	7	80.5	SAT_POLICY_BRANCH=44:sweep,72:eliminate,76:reduce,80:probe,84:rephase,95:rephase,107:reduce,113:reorder,131:eliminate,135:eliminate,137:probe,138:eliminate,139:probe,142:reorder,155:eliminate,156:mode,164:mode,177:rephase,187:reorder,198:margin,218:mode,229:margin,244:probe,249:reduce SAT_POLICY_BRANCH_JOBS=6
98a9352230efc411c092f1dcdcdedcfc-bp4_BC012_IXA_LPI_FPBLE.normalised	seg	random	0	65838624722	4199	1	80.5	SAT_POLICY_SEED=293398500 SAT_POLICY_TEMP=1.0 SAT_POLICY_SEGMENT=5
98a9352230efc411c092f1dcdcdedcfc-bp4_BC012_IXA_LPI_FPBLE.normalised	jit	jitter	0	65838624722	4199	1	80.5	SAT_POLICY_SEED=293398501 SAT_POLICY_TEMP=0.5
98a991c902324b02349e766ad357cdc6-16_16_booth_dadda_origin_and_and_dadda_mapped_bit28	fork	fork	0	161770343438	78796	7	69.6	SAT_POLICY_BRANCH=123:sweep,136:reorder,179:sweep,180:eliminate,201:mode,281:reduce,286:reduce,316:reduce,346:eliminate,358:probe,378:reduce,394:margin,489:reduce,496:mode,507:rephase,516:mode SAT_POLICY_BRANCH_JOBS=6
98a991c902324b02349e766ad357cdc6-16_16_booth_dadda_origin_and_and_dadda_mapped_bit28	seg	random	0	161770343438	8419	1	69.6	SAT_POLICY_SEED=1049440186 SAT_POLICY_TEMP=1.0 SAT_POLICY_SEGMENT=5
98a991c902324b02349e766ad357cdc6-16_16_booth_dadda_origin_and_and_dadda_mapped_bit28	jit	jitter	0	161770343438	8419	1	69.6	SAT_POLICY_SEED=1049440187 SAT_POLICY_TEMP=0.5
98e8aa2ace21d3362ef51524ad546764-bp4_TCO_CSO_IXA_LP_ZR.normalised	fork	fork	0	66262086504	54600	7	81.9	SAT_POLICY_BRANCH=37:eliminate,56:probe,68:sweep,69:mode,72:sweep,81:sweep,83:sweep,111:reduce,120:reduce,124:reorder,143:eliminate,145:reorder,158:rephase,173:sweep,180:sweep,192:reduce,194:probe,209:mode,215:reduce,219:probe,221:eliminate,229:margin,236:reduce,261:reorder SAT_POLICY_BRANCH_JOBS=6
98e8aa2ace21d3362ef51524ad546764-bp4_TCO_CSO_IXA_LP_ZR.normalised	seg	random	0	66262086504	4200	1	81.9	SAT_POLICY_SEED=615696779 SAT_POLICY_TEMP=1.0 SAT_POLICY_SEGMENT=5
98e8aa2ace21d3362ef51524ad546764-bp4_TCO_CSO_IXA_LP_ZR.normalised	jit	jitter	0	66262086504	4200	1	81.9	SAT_POLICY_SEED=615696780 SAT_POLICY_TEMP=0.5
99718c1729a8de3347a9946f1836421d-bivium-39-200-0s0-0xdcfb6ab71951500b8e460045bd45afee15c87e08b0072eb174-43	fork	fork	0	101661991432	58200	7	55.6	SAT_POLICY_BRANCH=27:reorder,34:rephase,54:mode,58:margin,59:probe,68:reorder,76:sweep,94:rephase,102:reduce,112:eliminate,113:mode,119:reduce,140:probe,150:mode,153:rephase,177:reduce,194:eliminate,203:reduce,207:eliminate,208:rephase,216:eliminate,227:probe,228:eliminate,236:mode SAT_POLICY_BRANCH_JOBS=6
99718c1729a8de3347a9946f1836421d-bivium-39-200-0s0-0xdcfb6ab71951500b8e460045bd45afee15c87e08b0072eb174-43	seg	random	0	101661991432	4200	1	55.6	SAT_POLICY_SEED=1911945813 SAT_POLICY_TEMP=1.0 SAT_POLICY_SEGMENT=5
99718c1729a8de3347a9946f1836421d-bivium-39-200-0s0-0xdcfb6ab71951500b8e460045bd45afee15c87e08b0072eb174-43	jit	jitter	0	101661991432	4200	1	55.6	SAT_POLICY_SEED=1911945814 SAT_POLICY_TEMP=0.5
9a839badecb20dcf505ec79eedd3753a-anbul-dated-5-15-u	fork	fork	0	5132307238	1319	7	59.3	SAT_POLICY_BRANCH=0:reduce,1:sweep,6:mode SAT_POLICY_BRANCH_JOBS=6
9a839badecb20dcf505ec79eedd3753a-anbul-dated-5-15-u	seg	random	0	5132307238	839	1	59.3	SAT_POLICY_SEED=1947110887 SAT_POLICY_TEMP=1.0 SAT_POLICY_SEGMENT=5
9a839badecb20dcf505ec79eedd3753a-anbul-dated-5-15-u	jit	jitter	0	5132307238	839	1	59.3	SAT_POLICY_SEED=1947110888 SAT_POLICY_TEMP=0.5
9af7646fc4a32c6f2744ddc0c4b654b7-brocard_problem_large	fork	fork	0	5238603537	2655	7	577.6	SAT_POLICY_BRANCH=2:mode,5:margin,7:eliminate,10:probe SAT_POLICY_BRANCH_JOBS=6
9af7646fc4a32c6f2744ddc0c4b654b7-brocard_problem_large	seg	random	0	5238603537	1285	1	577.6	SAT_POLICY_SEED=252424020 SAT_POLICY_TEMP=1.0 SAT_POLICY_SEGMENT=5
9af7646fc4a32c6f2744ddc0c4b654b7-brocard_problem_large	jit	jitter	0	5238603537	1285	1	577.6	SAT_POLICY_SEED=252424021 SAT_POLICY_TEMP=0.5
9b5f767eb5c14eb888d51acf70e045c8-uniqinv40prop	fork	fork	0	4286832733	1320	7	17.0	SAT_POLICY_BRANCH=2:margin,3:sweep,5:reduce SAT_POLICY_BRANCH_JOBS=6
9b5f767eb5c14eb888d51acf70e045c8-uniqinv40prop	seg	random	0	4286832733	840	1	17.0	SAT_POLICY_SEED=1843067331 SAT_POLICY_TEMP=1.0 SAT_POLICY_SEGMENT=5
9b5f767eb5c14eb888d51acf70e045c8-uniqinv40prop	jit	jitter	0	4286832733	840	1	17.0	SAT_POLICY_SEED=1843067332 SAT_POLICY_TEMP=0.5
9b998be0c639d06988c4902eb125c0b7-frb35-17-5_ext	fork	fork	0	5784056895	1320	7	31.6	SAT_POLICY_BRANCH=0:probe,6:reorder,8:probe SAT_POLICY_BRANCH_JOBS=6
9b998be0c639d06988c4902eb125c0b7-frb35-17-5_ext	seg	random	0	5784056895	840	1	31.6	SAT_POLICY_SEED=229123651 SAT_POLICY_TEMP=1.0 SAT_POLICY_SEGMENT=5
9b998be0c639d06988c4902eb125c0b7-frb35-17-5_ext	jit	jitter	0	5784056895	840	1	31.6	SAT_POLICY_SEED=229123652 SAT_POLICY_TEMP=0.5
9d7caee59e9d362d132f1cd785de8a0b-ncc_none_21015_5_3_3_0_0_11	fork	fork	0	10482349146	4976	7	728.1	SAT_POLICY_BRANCH=3:mode,11:reduce,15:reorder,19:margin SAT_POLICY_BRANCH_JOBS=6
9d7caee59e9d362d132f1cd785de8a0b-ncc_none_21015_5_3_3_0_0_11	seg	random	0	10482349146	2058	1	728.1	SAT_POLICY_SEED=273605812 SAT_POLICY_TEMP=1.0 SAT_POLICY_SEGMENT=5
9d7caee59e9d362d132f1cd785de8a0b-ncc_none_21015_5_3_3_0_0_11	jit	jitter	0	10482349146	2058	1	728.1	SAT_POLICY_SEED=273605813 SAT_POLICY_TEMP=0.5
9dcbf221b8d2bb01f30bcca283f3608d-EDP3-11000	fork	fork	0	6221578911	2712	7	93.6	SAT_POLICY_BRANCH=5:sweep,7:sweep,10:margin,11:probe SAT_POLICY_BRANCH_JOBS=6
9dcbf221b8d2bb01f30bcca283f3608d-EDP3-11000	seg	random	0	6221578911	1304	1	93.6	SAT_POLICY_SEED=643021603 SAT_POLICY_TEMP=1.0 SAT_POLICY_SEGMENT=5
9dcbf221b8d2bb01f30bcca283f3608d-EDP3-11000	jit	jitter	0	6221578911	1304	1	93.6	SAT_POLICY_SEED=643021604 SAT_POLICY_TEMP=0.5
9ea8deb8313d93e60743638909f37d6c-Circuit_multiplier29	fork	fork	0	162478412510	77853	7	72.7	SAT_POLICY_BRANCH=196:reorder,224:eliminate,229:probe,239:mode,261:mode,294:probe,302:probe,330:eliminate,401:sweep,413:reduce,425:reduce,468:reduce,521:probe,604:probe,615:eliminate,646:eliminate SAT_POLICY_BRANCH_JOBS=6
9ea8deb8313d93e60743638909f37d6c-Circuit_multiplier29	seg	random	0	162478412510	7623	1	72.7	SAT_POLICY_SEED=1065345755 SAT_POLICY_TEMP=1.0 SAT_POLICY_SEGMENT=5
9ea8deb8313d93e60743638909f37d6c-Circuit_multiplier29	jit	jitter	0	162478412510	7623	1	72.7	SAT_POLICY_SEED=1065345756 SAT_POLICY_TEMP=0.5
9f1cb42232335f84435126b5ae0fb701-SC25_Timetable_C_495_E_48_Cl_33_D_7_T_50.normalised	fork	fork	0	64269869891	77424	7	252.6	SAT_POLICY_BRANCH=75:reduce,76:margin,84:probe,110:eliminate,111:mode,116:reduce,133:probe,146:reduce,149:rephase,162:eliminate,163:rephase,193:reorder,232:probe,237:rephase,292:reduce,328:eliminate SAT_POLICY_BRANCH_JOBS=6
9f1cb42232335f84435126b5ae0fb701-SC25_Timetable_C_495_E_48_Cl_33_D_7_T_50.normalised	seg	random	0	64269869891	7584	1	252.6	SAT_POLICY_SEED=1772633047 SAT_POLICY_TEMP=1.0 SAT_POLICY_SEGMENT=5
9f1cb42232335f84435126b5ae0fb701-SC25_Timetable_C_495_E_48_Cl_33_D_7_T_50.normalised	jit	jitter	0	64269869891	7584	1	252.6	SAT_POLICY_SEED=1772633048 SAT_POLICY_TEMP=0.5
a09eb02bbaa7a0ae171123a782c2164d-RoundRobin_n18_d16	fork	fork	0	128978615422	43698	7	170.7	SAT_POLICY_BRANCH=335:probe,418:reduce,460:probe,528:reorder,535:eliminate,586:reduce,727:reduce,747:mode SAT_POLICY_BRANCH_JOBS=6
a09eb02bbaa7a0ae171123a782c2164d-RoundRobin_n18_d16	seg	random	0	128978615422	7783	1	170.7	SAT_POLICY_SEED=1809931628 SAT_POLICY_TEMP=1.0 SAT_POLICY_SEGMENT=5
a09eb02bbaa7a0ae171123a782c2164d-RoundRobin_n18_d16	jit	jitter	0	128978615422	7783	1	170.7	SAT_POLICY_SEED=1809931629 SAT_POLICY_TEMP=0.5
a28f59752c160af22b6d04cb89ddf802-pj2008_k200	fork	fork	0	22897631659	22200	7	4191.0	SAT_POLICY_BRANCH=21:reorder,22:reorder,25:margin,32:eliminate,38:eliminate,50:rephase,52:reduce,59:mode,61:mode SAT_POLICY_BRANCH_JOBS=6
a28f59752c160af22b6d04cb89ddf802-pj2008_k200	seg	random	0	22897631659	4200	1	4191.0	SAT_POLICY_SEED=864475649 SAT_POLICY_TEMP=1.0 SAT_POLICY_SEGMENT=5
a28f59752c160af22b6d04cb89ddf802-pj2008_k200	jit	jitter	0	22897631659	4200	1	4191.0	SAT_POLICY_SEED=864475650 SAT_POLICY_TEMP=0.5
a2ca167a8fdbf165f40b5d6dee94b040-58-134003	fork	fork	0	65635275970	47400	7	97.6	SAT_POLICY_BRANCH=26:rephase,35:sweep,42:sweep,45:margin,46:reduce,49:probe,50:probe,54:mode,55:margin,63:mode,81:reduce,84:mode,115:reduce,123:reduce,130:mode,143:sweep,147:margin,149:margin,152:mode,159:mode,163:margin,191:reduce,213:reduce,219:reduce SAT_POLICY_BRANCH_JOBS=6
a2ca167a8fdbf165f40b5d6dee94b040-58-134003	seg	random	0	65635275970	4200	1	97.6	SAT_POLICY_SEED=1259460657 SAT_POLICY_TEMP=1.0 SAT_POLICY_SEGMENT=5
a2ca167a8fdbf165f40b5d6dee94b040-58-134003	jit	jitter	0	65635275970	4200	1	97.6	SAT_POLICY_SEED=1259460658 SAT_POLICY_TEMP=0.5
a2fe3213d50b3bc297e3f7606c921128-mp1-blockpuzzle_9x9_s1_free9	fork	fork	0	3661044070	1319	7	26.0	SAT_POLICY_BRANCH=0:sweep,1:probe,2:mode SAT_POLICY_BRANCH_JOBS=6
a2fe3213d50b3bc297e3f7606c921128-mp1-blockpuzzle_9x9_s1_free9	seg	random	0	3661044070	839	1	26.0	SAT_POLICY_SEED=155065548 SAT_POLICY_TEMP=1.0 SAT_POLICY_SEGMENT=5
a2fe3213d50b3bc297e3f7606c921128-mp1-blockpuzzle_9x9_s1_free9	jit	jitter	0	3661044070	839	1	26.0	SAT_POLICY_SEED=155065549 SAT_POLICY_TEMP=0.5
a497d784c61c330f012dcd80d44dcd43-x9-06099.sat.sanitized	fork	fork	0	2670483157	1080	7	3.5	SAT_POLICY_BRANCH=0:probe SAT_POLICY_BRANCH_JOBS=6
a497d784c61c330f012dcd80d44dcd43-x9-06099.sat.sanitized	seg	random	0	2670483157	840	1	3.5	SAT_POLICY_SEED=1912562237 SAT_POLICY_TEMP=1.0 SAT_POLICY_SEGMENT=5
a497d784c61c330f012dcd80d44dcd43-x9-06099.sat.sanitized	jit	jitter	0	2670483157	840	1	3.5	SAT_POLICY_SEED=1912562238 SAT_POLICY_TEMP=0.5
a49ec44c8d9972cda278d48b6dbef09e-grs-32-128	fork	fork	0	38495092658	36599	7	154.0	SAT_POLICY_BRANCH=15:reduce,18:sweep,21:probe,24:probe,26:rephase,29:reduce,41:reorder,52:eliminate,53:reorder,75:probe,80:mode,88:reduce,89:sweep,93:reduce SAT_POLICY_BRANCH_JOBS=6
a49ec44c8d9972cda278d48b6dbef09e-grs-32-128	seg	random	0	38495092658	4199	1	154.0	SAT_POLICY_SEED=1153964558 SAT_POLICY_TEMP=1.0 SAT_POLICY_SEGMENT=5
a49ec44c8d9972cda278d48b6dbef09e-grs-32-128	jit	jitter	0	38495092658	4199	1	154.0	SAT_POLICY_SEED=1153964559 SAT_POLICY_TEMP=0.5
a70883771fd1c210d94a916d52510a3a-gm28sparrc	fork	fork	0	1870141588	1320	7	83.1	SAT_POLICY_BRANCH=0:probe,1:sweep,2:reduce SAT_POLICY_BRANCH_JOBS=6
a70883771fd1c210d94a916d52510a3a-gm28sparrc	seg	random	0	1870141588	840	1	83.1	SAT_POLICY_SEED=1459247389 SAT_POLICY_TEMP=1.0 SAT_POLICY_SEGMENT=5
a70883771fd1c210d94a916d52510a3a-gm28sparrc	jit	jitter	0	1870141588	840	1	83.1	SAT_POLICY_SEED=1459247390 SAT_POLICY_TEMP=0.5
a7e7d0f855781da215aed50e523a821c-b22_1	fork	fork	0	3720781752	1319	7	27.4	SAT_POLICY_BRANCH=0:probe,1:probe,2:eliminate SAT_POLICY_BRANCH_JOBS=6
a7e7d0f855781da215aed50e523a821c-b22_1	seg	random	0	3720781752	839	1	27.4	SAT_POLICY_SEED=1046671958 SAT_POLICY_TEMP=1.0 SAT_POLICY_SEGMENT=5
a7e7d0f855781da215aed50e523a821c-b22_1	jit	jitter	0	3720781752	839	1	27.4	SAT_POLICY_SEED=1046671959 SAT_POLICY_TEMP=0.5
a8608545f9ae0462c7426e71a0e3e634-rbsat-v945c61409g3	fork	fork	0	136199979998	41734	7	48.7	SAT_POLICY_BRANCH=280:mode,395:reduce,398:probe,493:probe,518:mode,579:reorder,635:probe,638:mode SAT_POLICY_BRANCH_JOBS=6
a8608545f9ae0462c7426e71a0e3e634-rbsat-v945c61409g3	seg	random	0	136199979998	7455	1	48.7	SAT_POLICY_SEED=1015054576 SAT_POLICY_TEMP=1.0 SAT_POLICY_SEGMENT=5
a8608545f9ae0462c7426e71a0e3e634-rbsat-v945c61409g3	jit	jitter	0	136199979998	7455	1	48.7	SAT_POLICY_SEED=1015054577 SAT_POLICY_TEMP=0.5
a932cd15aa770c7874b12476153b7df2-16_16_booth_dadda_origin_and_and_dadda_origin_bit29	fork	fork	0	80271310445	51000	7	33.9	SAT_POLICY_BRANCH=28:margin,30:probe,32:reorder,35:eliminate,36:mode,43:probe,46:probe,48:sweep,74:mode,78:eliminate,82:reorder,84:mode,86:probe,97:mode,98:reorder,105:reduce,122:mode,126:reduce,159:reorder,174:sweep,180:reduce,181:margin,182:mode,186:margin SAT_POLICY_BRANCH_JOBS=6
a932cd15aa770c7874b12476153b7df2-16_16_booth_dadda_origin_and_and_dadda_origin_bit29	seg	random	0	80271310445	4200	1	33.9	SAT_POLICY_SEED=1473628290 SAT_POLICY_TEMP=1.0 SAT_POLICY_SEGMENT=5
a932cd15aa770c7874b12476153b7df2-16_16_booth_dadda_origin_and_and_dadda_origin_bit29	jit	jitter	0	80271310445	4200	1	33.9	SAT_POLICY_SEED=1473628291 SAT_POLICY_TEMP=0.5
aa5585572cc045a3c2209b083635d598-st_815_74_9_2860.normalised	fork	fork	0	138815117537	41640	7	125.9	SAT_POLICY_BRANCH=312:mode,401:mode,402:reorder,468:eliminate,509:eliminate,602:probe,729:reorder,843:mode SAT_POLICY_BRANCH_JOBS=6
aa5585572cc045a3c2209b083635d598-st_815_74_9_2860.normalised	seg	random	0	138815117537	7440	1	125.9	SAT_POLICY_SEED=177078718 SAT_POLICY_TEMP=1.0 SAT_POLICY_SEGMENT=5
aa5585572cc045a3c2209b083635d598-st_815_74_9_2860.normalised	jit	jitter	0	138815117537	7440	1	125.9	SAT_POLICY_SEED=177078719 SAT_POLICY_TEMP=0.5
ab02c7ef78bda1f427d5e3f1f26b1ae5-sum_of_three_cubes_906_known_representation	fork	fork	0	1363919899	1320	7	572.9	SAT_POLICY_BRANCH=0:reduce,1:reorder SAT_POLICY_BRANCH_JOBS=6
ab02c7ef78bda1f427d5e3f1f26b1ae5-sum_of_three_cubes_906_known_representation	seg	random	0	1363919899	840	1	572.9	SAT_POLICY_SEED=151804825 SAT_POLICY_TEMP=1.0 SAT_POLICY_SEGMENT=5
ab02c7ef78bda1f427d5e3f1f26b1ae5-sum_of_three_cubes_906_known_representation	jit	jitter	0	1363919899	840	1	572.9	SAT_POLICY_SEED=151804826 SAT_POLICY_TEMP=0.5
ac3887576c2ce781202b9fe0fdc31420-pj2008_k80	fork	fork	0	10895823969	4866	7	1460.5	SAT_POLICY_BRANCH=3:probe,4:reorder,5:mode,12:eliminate SAT_POLICY_BRANCH_JOBS=6
ac3887576c2ce781202b9fe0fdc31420-pj2008_k80	seg	random	0	10895823969	1666	1	1460.5	SAT_POLICY_SEED=2015041756 SAT_POLICY_TEMP=1.0 SAT_POLICY_SEGMENT=5
ac3887576c2ce781202b9fe0fdc31420-pj2008_k80	jit	jitter	0	10895823969	1666	1	1460.5	SAT_POLICY_SEED=2015041757 SAT_POLICY_TEMP=0.5
ac51df6b340190cd1182c06ff2955afa-WS_500_16_90_70.apx_1_DC-ST	fork	fork	0	20026866150	4422	7	18.6	SAT_POLICY_BRANCH=7:probe,10:sweep,16:sweep,25:reduce,28:reduce,39:eliminate SAT_POLICY_BRANCH_JOBS=6
ac51df6b340190cd1182c06ff2955afa-WS_500_16_90_70.apx_1_DC-ST	seg	random	0	20026866150	1364	1	18.6	SAT_POLICY_SEED=344496710 SAT_POLICY_TEMP=1.0 SAT_POLICY_SEGMENT=5
ac51df6b340190cd1182c06ff2955afa-WS_500_16_90_70.apx_1_DC-ST	jit	jitter	0	20026866150	1364	1	18.6	SAT_POLICY_SEED=344496711 SAT_POLICY_TEMP=0.5
acc0bc3ef52aa228cc35c2d9bb3ae249-BubbleVsPancakeSort_8_6	fork	fork	0	134707905804	44225	7	73.3	SAT_POLICY_BRANCH=292:mode,303:mode,433:eliminate,648:reorder,709:mode,726:reorder,745:rephase,838:sweep SAT_POLICY_BRANCH_JOBS=6
acc0bc3ef52aa228cc35c2d9bb3ae249-BubbleVsPancakeSort_8_6	seg	random	0	134707905804	7870	1	73.3	SAT_POLICY_SEED=1199182779 SAT_POLICY_TEMP=1.0 SAT_POLICY_SEGMENT=5
acc0bc3ef52aa228cc35c2d9bb3ae249-BubbleVsPancakeSort_8_6	jit	jitter	0	134707905804	7870	1	73.3	SAT_POLICY_SEED=1199182780 SAT_POLICY_TEMP=0.5
ad69e0a0880cd377e26260f7e4bc6d51-g2-T49.2.0	fork	fork	0	24497909030	25800	7	2298.3	SAT_POLICY_BRANCH=9:probe,12:rephase,13:probe,26:reorder,31:eliminate,52:reorder,57:reduce,59:reorder SAT_POLICY_BRANCH_JOBS=6
ad69e0a0880cd377e26260f7e4bc6d51-g2-T49.2.0	seg	random	0	24497909030	4200	1	2298.3	SAT_POLICY_SEED=76197548 SAT_POLICY_TEMP=1.0 SAT_POLICY_SEGMENT=5
ad69e0a0880cd377e26260f7e4bc6d51-g2-T49.2.0	jit	jitter	0	24497909030	4200	1	2298.3	SAT_POLICY_SEED=76197549 SAT_POLICY_TEMP=0.5
ad9eb96bac59319fc2f7daffd1f961f8-AProVE07-21	fork	fork	0	4174070373	1079	7	7.8	SAT_POLICY_BRANCH=0:eliminate SAT_POLICY_BRANCH_JOBS=6
ad9eb96bac59319fc2f7daffd1f961f8-AProVE07-21	seg	random	0	4174070373	839	1	7.8	SAT_POLICY_SEED=984054681 SAT_POLICY_TEMP=1.0 SAT_POLICY_SEGMENT=5
ad9eb96bac59319fc2f7daffd1f961f8-AProVE07-21	jit	jitter	0	4174070373	839	1	7.8	SAT_POLICY_SEED=984054682 SAT_POLICY_TEMP=0.5
ae9c53347ee8072745ed230992e164ee-16_16_and_wallace_origin_and_default_mapped_ultra_bit27	fork	fork	0	75213221420	54600	7	66.1	SAT_POLICY_BRANCH=55:mode,59:probe,89:mode,94:reorder,109:sweep,116:mode,143:reduce,193:rephase,209:reorder,210:margin,223:mode,233:reorder,244:reduce,246:reorder,299:eliminate,322:reorder,324:sweep,331:mode,332:margin,335:eliminate,339:rephase,340:probe,376:probe,438:reorder SAT_POLICY_BRANCH_JOBS=6
ae9c53347ee8072745ed230992e164ee-16_16_and_wallace_origin_and_default_mapped_ultra_bit27	seg	random	0	75213221420	4200	1	66.1	SAT_POLICY_SEED=1844511013 SAT_POLICY_TEMP=1.0 SAT_POLICY_SEGMENT=5
ae9c53347ee8072745ed230992e164ee-16_16_and_wallace_origin_and_default_mapped_ultra_bit27	jit	jitter	0	75213221420	4200	1	66.1	SAT_POLICY_SEED=1844511014 SAT_POLICY_TEMP=0.5
affe8884c8c744ab2f07683ed1cf0d1a-SC25_Timetable_C_498_E_46_Cl_34_D_7_T_50.normalised	fork	fork	0	69259086784	42056	7	278.4	SAT_POLICY_BRANCH=181:reorder,223:sweep,231:probe,258:eliminate,296:sweep,336:reduce,371:mode,398:rephase SAT_POLICY_BRANCH_JOBS=6
affe8884c8c744ab2f07683ed1cf0d1a-SC25_Timetable_C_498_E_46_Cl_34_D_7_T_50.normalised	seg	random	0	69259086784	7509	1	278.4	SAT_POLICY_SEED=1755947692 SAT_POLICY_TEMP=1.0 SAT_POLICY_SEGMENT=5
affe8884c8c744ab2f07683ed1cf0d1a-SC25_Timetable_C_498_E_46_Cl_34_D_7_T_50.normalised	jit	jitter	0	69259086784	7509	1	278.4	SAT_POLICY_SEED=1755947693 SAT_POLICY_TEMP=0.5
b18b24418dd863c1d631698d7d45041f-div_miter_lec__2	fork	fork	0	94363117809	44009	7	109.4	SAT_POLICY_BRANCH=231:margin,286:probe,442:eliminate,464:rephase,466:mode,499:reduce,525:reduce,538:rephase SAT_POLICY_BRANCH_JOBS=6
b18b24418dd863c1d631698d7d45041f-div_miter_lec__2	seg	random	0	94363117809	7834	1	109.4	SAT_POLICY_SEED=635420339 SAT_POLICY_TEMP=1.0 SAT_POLICY_SEGMENT=5
b18b24418dd863c1d631698d7d45041f-div_miter_lec__2	jit	jitter	0	94363117809	7834	1	109.4	SAT_POLICY_SEED=635420340 SAT_POLICY_TEMP=0.5
b27017cae233481c679e3c3be6f00af8-SAT_dat.k100-24_1_rule_2	fork	fork	0	36950657572	25800	7	640.7	SAT_POLICY_BRANCH=8:reorder,16:reorder,23:eliminate,28:eliminate,30:margin,45:sweep,46:probe,50:reduce,63:reduce SAT_POLICY_BRANCH_JOBS=6
b27017cae233481c679e3c3be6f00af8-SAT_dat.k100-24_1_rule_2	seg	random	0	36950657572	4200	1	640.7	SAT_POLICY_SEED=2096279631 SAT_POLICY_TEMP=1.0 SAT_POLICY_SEGMENT=5
b27017cae233481c679e3c3be6f00af8-SAT_dat.k100-24_1_rule_2	jit	jitter	0	36950657572	4200	1	640.7	SAT_POLICY_SEED=2096279632 SAT_POLICY_TEMP=0.5
b361efe85442bd535849708e2b7ac639-b22	fork	fork	0	3692771435	1320	7	31.4	SAT_POLICY_BRANCH=0:reorder,1:reduce,2:eliminate SAT_POLICY_BRANCH_JOBS=6
b361efe85442bd535849708e2b7ac639-b22	seg	random	0	3692771435	840	1	31.4	SAT_POLICY_SEED=146511366 SAT_POLICY_TEMP=1.0 SAT_POLICY_SEGMENT=5
b361efe85442bd535849708e2b7ac639-b22	jit	jitter	0	3692771435	840	1	31.4	SAT_POLICY_SEED=146511367 SAT_POLICY_TEMP=0.5
b3d3680b3287a989ce61a6db1054efd2-case20.normalised	fork	fork	0	20851013037	4581	7	25.7	SAT_POLICY_BRANCH=8:reduce,10:reorder,20:mode,22:mode,28:mode,36:eliminate SAT_POLICY_BRANCH_JOBS=6
b3d3680b3287a989ce61a6db1054efd2-case20.normalised	seg	random	0	20851013037	1595	1	25.7	SAT_POLICY_SEED=1487033594 SAT_POLICY_TEMP=1.0 SAT_POLICY_SEGMENT=5
b3d3680b3287a989ce61a6db1054efd2-case20.normalised	jit	jitter	0	20851013037	1595	1	25.7	SAT_POLICY_SEED=1487033595 SAT_POLICY_TEMP=0.5
b5431f41e3264c64508c30da215c69c6-mod2c-rand3bip-sat-250-3.shuffled-as.sat05-2535	fork	fork	0	29382046515	6819	7	34.1	SAT_POLICY_BRANCH=13:reorder,35:mode,50:probe,51:margin,52:margin,53:probe,55:probe,56:margin,58:reduce SAT_POLICY_BRANCH_JOBS=6
b5431f41e3264c64508c30da215c69c6-mod2c-rand3bip-sat-250-3.shuffled-as.sat05-2535	seg	random	0	29382046515	1636	1	34.1	SAT_POLICY_SEED=179488000 SAT_POLICY_TEMP=1.0 SAT_POLICY_SEGMENT=5
b5431f41e3264c64508c30da215c69c6-mod2c-rand3bip-sat-250-3.shuffled-as.sat05-2535	jit	jitter	0	29382046515	1636	1	34.1	SAT_POLICY_SEED=179488001 SAT_POLICY_TEMP=0.5
b628043a07c5576dd6cd21c9d73a69e0-fixedbandwidth-eq-37_shuffled	fork	fork	0	75609513705	39401	7	35.2	SAT_POLICY_BRANCH=19:mode,21:sweep,26:reorder,29:mode,34:rephase,42:reorder,48:rephase,55:probe,75:mode,76:probe,81:reduce,84:probe,92:probe,93:reorder,113:margin,115:mode,121:mode,129:mode,131:probe,132:reduce,150:mode,151:eliminate SAT_POLICY_BRANCH_JOBS=6
b628043a07c5576dd6cd21c9d73a69e0-fixedbandwidth-eq-37_shuffled	seg	random	0	75609513705	3584	1	35.2	SAT_POLICY_SEED=54094837 SAT_POLICY_TEMP=1.0 SAT_POLICY_SEGMENT=5
b628043a07c5576dd6cd21c9d73a69e0-fixedbandwidth-eq-37_shuffled	jit	jitter	0	75609513705	3584	1	35.2	SAT_POLICY_SEED=54094838 SAT_POLICY_TEMP=0.5
b64f7d56f1b369fac6a3bcb1efd784da-Kakuro-easy-126-ext.xml.hg_7	fork	fork	0	5381754300	5315	7	1766.7	SAT_POLICY_BRANCH=2:reorder,3:eliminate,4:mode,5:mode SAT_POLICY_BRANCH_JOBS=6
b64f7d56f1b369fac6a3bcb1efd784da-Kakuro-easy-126-ext.xml.hg_7	seg	random	0	5381754300	2171	1	1766.7	SAT_POLICY_SEED=1114112208 SAT_POLICY_TEMP=1.0 SAT_POLICY_SEGMENT=5
b64f7d56f1b369fac6a3bcb1efd784da-Kakuro-easy-126-ext.xml.hg_7	jit	jitter	0	5381754300	2171	1	1766.7	SAT_POLICY_SEED=1114112209 SAT_POLICY_TEMP=0.5
b655faa69774192a80d9e2a2bc602ce4-Kakuro-easy-115-ext.xml.hg_5	fork	fork	0	9178849637	7367	7	1942.8	SAT_POLICY_BRANCH=3:margin,6:eliminate,7:eliminate,10:mode SAT_POLICY_BRANCH_JOBS=6
b655faa69774192a80d9e2a2bc602ce4-Kakuro-easy-115-ext.xml.hg_5	seg	random	0	9178849637	2855	1	1942.8	SAT_POLICY_SEED=1187544955 SAT_POLICY_TEMP=1.0 SAT_POLICY_SEGMENT=5
b655faa69774192a80d9e2a2bc602ce4-Kakuro-easy-115-ext.xml.hg_5	jit	jitter	0	9178849637	2855	1	1942.8	SAT_POLICY_SEED=1187544956 SAT_POLICY_TEMP=0.5
b99ba7e9113280393c64863dfbfa2c3b-lockchart-group3-L15-K29-p4d3j1.normalised	fork	fork	0	147426176840	43885	7	57.2	SAT_POLICY_BRANCH=299:probe,311:reorder,326:mode,334:reduce,560:reorder,711:eliminate,752:mode,893:probe SAT_POLICY_BRANCH_JOBS=6
b99ba7e9113280393c64863dfbfa2c3b-lockchart-group3-L15-K29-p4d3j1.normalised	seg	random	0	147426176840	7814	1	57.2	SAT_POLICY_SEED=1234119203 SAT_POLICY_TEMP=1.0 SAT_POLICY_SEGMENT=5
b99ba7e9113280393c64863dfbfa2c3b-lockchart-group3-L15-K29-p4d3j1.normalised	jit	jitter	0	147426176840	7814	1	57.2	SAT_POLICY_SEED=1234119204 SAT_POLICY_TEMP=0.5
bc5a06872fa6dfc9acbc7f782f0a4439-ITC2021_Early_12.xml	fork	fork	0	9425499954	3474	7	116.1	SAT_POLICY_BRANCH=4:reduce,7:reorder,11:mode,14:reorder SAT_POLICY_BRANCH_JOBS=6
bc5a06872fa6dfc9acbc7f782f0a4439-ITC2021_Early_12.xml	seg	random	0	9425499954	1318	1	116.1	SAT_POLICY_SEED=1617144674 SAT_POLICY_TEMP=1.0 SAT_POLICY_SEGMENT=5
bc5a06872fa6dfc9acbc7f782f0a4439-ITC2021_Early_12.xml	jit	jitter	0	9425499954	1318	1	116.1	SAT_POLICY_SEED=1617144675 SAT_POLICY_TEMP=0.5
bea83d274b1c57b2171b380e34fd645d-xor_op_n36_d3	fork	fork	0	114307990373	45053	7	119.5	SAT_POLICY_BRANCH=352:rephase,362:mode,393:probe,431:rephase,494:reduce,594:reduce,665:reorder,676:probe SAT_POLICY_BRANCH_JOBS=6
bea83d274b1c57b2171b380e34fd645d-xor_op_n36_d3	seg	random	0	114307990373	8008	1	119.5	SAT_POLICY_SEED=927542630 SAT_POLICY_TEMP=1.0 SAT_POLICY_SEGMENT=5
bea83d274b1c57b2171b380e34fd645d-xor_op_n36_d3	jit	jitter	0	114307990373	8008	1	119.5	SAT_POLICY_SEED=927542631 SAT_POLICY_TEMP=0.5
c0074020a48535e6062421cea2850dd0-st_659_37_25_686.normalised	fork	fork	0	145108686386	42346	7	53.6	SAT_POLICY_BRANCH=448:rephase,582:probe,619:probe,674:eliminate,689:reorder,850:eliminate,858:mode,871:probe SAT_POLICY_BRANCH_JOBS=6
c0074020a48535e6062421cea2850dd0-st_659_37_25_686.normalised	seg	random	0	145108686386	7557	1	53.6	SAT_POLICY_SEED=1767175780 SAT_POLICY_TEMP=1.0 SAT_POLICY_SEGMENT=5
c0074020a48535e6062421cea2850dd0-st_659_37_25_686.normalised	jit	jitter	0	145108686386	7557	1	53.6	SAT_POLICY_SEED=1767175781 SAT_POLICY_TEMP=0.5
c033577c6f5f9a1545537518af964305-reconf10_73_queen13_2	fork	fork	0	37758123348	20413	7	370.1	SAT_POLICY_BRANCH=25:eliminate,38:reorder,41:reduce,47:rephase,50:reduce,51:rephase,56:eliminate,63:sweep,64:reorder SAT_POLICY_BRANCH_JOBS=6
c033577c6f5f9a1545537518af964305-reconf10_73_queen13_2	seg	random	0	37758123348	3430	1	370.1	SAT_POLICY_SEED=1083680921 SAT_POLICY_TEMP=1.0 SAT_POLICY_SEGMENT=5
c033577c6f5f9a1545537518af964305-reconf10_73_queen13_2	jit	jitter	0	37758123348	3430	1	370.1	SAT_POLICY_SEED=1083680922 SAT_POLICY_TEMP=0.5
c05d4d3ecd06a2e3942fea09159dd27b-MVRoundRobin_n16_d10_v2	fork	fork	0	156993518524	37218	7	134.5	SAT_POLICY_BRANCH=422:margin,489:reduce,615:reduce,658:reorder,891:mode,902:margin,931:mode,979:reduce SAT_POLICY_BRANCH_JOBS=6
c05d4d3ecd06a2e3942fea09159dd27b-MVRoundRobin_n16_d10_v2	seg	random	0	156993518524	7923	1	134.5	SAT_POLICY_SEED=1001918646 SAT_POLICY_TEMP=1.0 SAT_POLICY_SEGMENT=5
c05d4d3ecd06a2e3942fea09159dd27b-MVRoundRobin_n16_d10_v2	jit	jitter	0	156993518524	7923	1	134.5	SAT_POLICY_SEED=1001918647 SAT_POLICY_TEMP=0.5
c0bd86bd7ca2c65e44311de374168150-goldcrest-and-14	fork	fork	0	29581548282	43800	7	405.5	SAT_POLICY_BRANCH=22:margin,26:eliminate,27:probe,28:probe,31:reduce,40:rephase,49:mode,50:eliminate,53:reorder,61:probe,67:rephase,76:reduce,84:probe,102:rephase,105:sweep,110:margin,112:probe SAT_POLICY_BRANCH_JOBS=6
c0bd86bd7ca2c65e44311de374168150-goldcrest-and-14	seg	random	0	29581548282	4200	1	405.5	SAT_POLICY_SEED=1645279441 SAT_POLICY_TEMP=1.0 SAT_POLICY_SEGMENT=5
c0bd86bd7ca2c65e44311de374168150-goldcrest-and-14	jit	jitter	0	29581548282	4200	1	405.5	SAT_POLICY_SEED=1645279442 SAT_POLICY_TEMP=0.5
c21096fa2f550785c33dc862d83bc941-case17.normalised	fork	fork	0	6594080542	1320	7	12.1	SAT_POLICY_BRANCH=0:mode,6:probe,9:rephase SAT_POLICY_BRANCH_JOBS=6
c21096fa2f550785c33dc862d83bc941-case17.normalised	seg	random	0	6594080542	840	1	12.1	SAT_POLICY_SEED=1735716910 SAT_POLICY_TEMP=1.0 SAT_POLICY_SEGMENT=5
c21096fa2f550785c33dc862d83bc941-case17.normalised	jit	jitter	0	6594080542	840	1	12.1	SAT_POLICY_SEED=1735716911 SAT_POLICY_TEMP=0.5
c569d4b2b2e90a1a70bd23a1169355ef-oddball_13_5_ttf.normalised	fork	fork	0	4316628553	1319	7	24.3	SAT_POLICY_BRANCH=0:margin,4:reorder,5:eliminate SAT_POLICY_BRANCH_JOBS=6
c569d4b2b2e90a1a70bd23a1169355ef-oddball_13_5_ttf.normalised	seg	random	0	4316628553	839	1	24.3	SAT_POLICY_SEED=1315899457 SAT_POLICY_TEMP=1.0 SAT_POLICY_SEGMENT=5
c569d4b2b2e90a1a70bd23a1169355ef-oddball_13_5_ttf.normalised	jit	jitter	0	4316628553	839	1	24.3	SAT_POLICY_SEED=1315899458 SAT_POLICY_TEMP=0.5
c6470503d1ff16cbafa18764b13d80ed-bp4_IXA_FPBEQ_ZR.normalised	fork	fork	0	43890920220	19486	7	54.5	SAT_POLICY_BRANCH=10:margin,12:reduce,15:sweep,24:mode,28:reduce,29:eliminate,41:reduce,48:probe,59:eliminate,61:sweep,62:probe,66:rephase SAT_POLICY_BRANCH_JOBS=6
c6470503d1ff16cbafa18764b13d80ed-bp4_IXA_FPBEQ_ZR.normalised	seg	random	0	43890920220	2960	1	54.5	SAT_POLICY_SEED=1096130823 SAT_POLICY_TEMP=1.0 SAT_POLICY_SEGMENT=5
c6470503d1ff16cbafa18764b13d80ed-bp4_IXA_FPBEQ_ZR.normalised	jit	jitter	0	43890920220	2960	1	54.5	SAT_POLICY_SEED=1096130824 SAT_POLICY_TEMP=0.5
c7ee94464ba3b25e97fc9b38868b7154-SC25_Timetable_C_481_E_48_Cl_32_D_7_T_58.normalised	fork	fork	0	12652039905	6095	7	225.6	SAT_POLICY_BRANCH=7:reduce,15:reorder,17:probe,18:margin SAT_POLICY_BRANCH_JOBS=6
c7ee94464ba3b25e97fc9b38868b7154-SC25_Timetable_C_481_E_48_Cl_32_D_7_T_58.normalised	seg	random	0	12652039905	1973	1	225.6	SAT_POLICY_SEED=1645531939 SAT_POLICY_TEMP=1.0 SAT_POLICY_SEGMENT=5
c7ee94464ba3b25e97fc9b38868b7154-SC25_Timetable_C_481_E_48_Cl_32_D_7_T_58.normalised	jit	jitter	0	12652039905	1973	1	225.6	SAT_POLICY_SEED=1645531940 SAT_POLICY_TEMP=0.5
c86b261162cef181dc513963a8acb77f-ITC2021_Middle_9.xml	fork	fork	0	3303880256	1320	7	49.8	SAT_POLICY_BRANCH=0:probe,1:probe SAT_POLICY_BRANCH_JOBS=6
c86b261162cef181dc513963a8acb77f-ITC2021_Middle_9.xml	seg	random	0	3303880256	840	1	49.8	SAT_POLICY_SEED=1080643658 SAT_POLICY_TEMP=1.0 SAT_POLICY_SEGMENT=5
c86b261162cef181dc513963a8acb77f-ITC2021_Middle_9.xml	jit	jitter	0	3303880256	840	1	49.8	SAT_POLICY_SEED=1080643659 SAT_POLICY_TEMP=0.5
c8d21db50338d9d5743802bcae77a466-cliquecoloring_n14_k7_c6	fork	fork	0	166877915958	85027	7	82.8	SAT_POLICY_BRANCH=142:reduce,148:mode,264:probe,277:sweep,285:reorder,294:eliminate,300:sweep,340:sweep,369:eliminate,370:eliminate,388:margin,450:rephase,459:reorder,513:eliminate,515:eliminate,561:reduce SAT_POLICY_BRANCH_JOBS=6
c8d21db50338d9d5743802bcae77a466-cliquecoloring_n14_k7_c6	seg	random	0	166877915958	8275	1	82.8	SAT_POLICY_SEED=375223034 SAT_POLICY_TEMP=1.0 SAT_POLICY_SEGMENT=5
c8d21db50338d9d5743802bcae77a466-cliquecoloring_n14_k7_c6	jit	jitter	0	166877915958	8275	1	82.8	SAT_POLICY_SEED=375223035 SAT_POLICY_TEMP=0.5
ca3c65a863526793968fc30618a42709-case16.normalised	fork	fork	0	54663478215	25452	7	34.1	SAT_POLICY_BRANCH=30:rephase,33:reorder,34:eliminate,37:reorder,45:reorder,59:reorder,67:reorder,69:sweep,73:probe,85:eliminate,88:eliminate,94:mode,98:reorder,100:reduce,102:reduce,111:reduce SAT_POLICY_BRANCH_JOBS=6
ca3c65a863526793968fc30618a42709-case16.normalised	seg	random	0	54663478215	2671	1	34.1	SAT_POLICY_SEED=246026263 SAT_POLICY_TEMP=1.0 SAT_POLICY_SEGMENT=5
ca3c65a863526793968fc30618a42709-case16.normalised	jit	jitter	0	54663478215	2671	1	34.1	SAT_POLICY_SEED=246026264 SAT_POLICY_TEMP=0.5
cabfdc91f644200767df9d480d2cc53e-oddball_17_5_ttf.normalised	fork	fork	0	4080334225	1080	7	11.4	SAT_POLICY_BRANCH=0:reduce SAT_POLICY_BRANCH_JOBS=6
cabfdc91f644200767df9d480d2cc53e-oddball_17_5_ttf.normalised	seg	random	0	4080334225	840	1	11.4	SAT_POLICY_SEED=599777853 SAT_POLICY_TEMP=1.0 SAT_POLICY_SEGMENT=5
cabfdc91f644200767df9d480d2cc53e-oddball_17_5_ttf.normalised	jit	jitter	0	4080334225	840	1	11.4	SAT_POLICY_SEED=599777854 SAT_POLICY_TEMP=0.5
cb950b9accfb53eb98f77b0f995ac0ae-rphp5_050_shuffled	fork	fork	0	130708617284	36162	7	140.0	SAT_POLICY_BRANCH=436:reduce,456:rephase,494:reduce,614:margin,618:margin,633:sweep,651:mode,796:mode SAT_POLICY_BRANCH_JOBS=6
cb950b9accfb53eb98f77b0f995ac0ae-rphp5_050_shuffled	seg	random	0	130708617284	7712	1	140.0	SAT_POLICY_SEED=1736596170 SAT_POLICY_TEMP=1.0 SAT_POLICY_SEGMENT=5
cb950b9accfb53eb98f77b0f995ac0ae-rphp5_050_shuffled	jit	jitter	0	130708617284	7712	1	140.0	SAT_POLICY_SEED=1736596171 SAT_POLICY_TEMP=0.5
ccc66f699505f84d67d7b4eaa78e5bd5-VanDerWaerden_pd_2-3-23_505	fork	fork	0	73223538867	61799	7	66.4	SAT_POLICY_BRANCH=37:sweep,43:probe,71:reduce,75:probe,76:eliminate,83:reduce,91:eliminate,105:reduce,120:reduce,136:eliminate,139:margin,145:probe,171:reduce,198:reduce,199:eliminate,200:reorder,228:mode,263:eliminate,268:reorder,275:reduce,279:eliminate,290:probe,292:reorder,296:reduce SAT_POLICY_BRANCH_JOBS=6
ccc66f699505f84d67d7b4eaa78e5bd5-VanDerWaerden_pd_2-3-23_505	seg	random	0	73223538867	4199	1	66.4	SAT_POLICY_SEED=570890750 SAT_POLICY_TEMP=1.0 SAT_POLICY_SEGMENT=5
ccc66f699505f84d67d7b4eaa78e5bd5-VanDerWaerden_pd_2-3-23_505	jit	jitter	0	73223538867	4199	1	66.4	SAT_POLICY_SEED=570890751 SAT_POLICY_TEMP=0.5
cdd131110acc861a5a01fae6c4936c91-6g_6color_366_050_04	fork	fork	0	61477784663	43805	7	224.5	SAT_POLICY_BRANCH=130:rephase,143:probe,179:eliminate,191:reduce,249:mode,262:probe,351:eliminate,352:mode SAT_POLICY_BRANCH_JOBS=6
cdd131110acc861a5a01fae6c4936c91-6g_6color_366_050_04	seg	random	0	61477784663	7800	1	224.5	SAT_POLICY_SEED=1791809748 SAT_POLICY_TEMP=1.0 SAT_POLICY_SEGMENT=5
cdd131110acc861a5a01fae6c4936c91-6g_6color_366_050_04	jit	jitter	0	61477784663	7800	1	224.5	SAT_POLICY_SEED=1791809749 SAT_POLICY_TEMP=0.5
cdd89d1b9259dcf26d4a53ba94041e93-sted2_0x0_n219-342	fork	fork	0	23272042608	6462	7	39.8	SAT_POLICY_BRANCH=7:sweep,12:probe,20:mode,32:reduce,40:reduce,41:eliminate SAT_POLICY_BRANCH_JOBS=6
cdd89d1b9259dcf26d4a53ba94041e93-sted2_0x0_n219-342	seg	random	0	23272042608	1772	1	39.8	SAT_POLICY_SEED=865094340 SAT_POLICY_TEMP=1.0 SAT_POLICY_SEGMENT=5
cdd89d1b9259dcf26d4a53ba94041e93-sted2_0x0_n219-342	jit	jitter	0	23272042608	1772	1	39.8	SAT_POLICY_SEED=865094341 SAT_POLICY_TEMP=0.5
cdf559a186b55457ce49516ec323e907-at-least-two-traffic_kkb_unknown	fork	fork	0	39527637279	20156	7	177.5	SAT_POLICY_BRANCH=10:sweep,11:reorder,18:eliminate,26:reduce,30:probe,39:reduce,40:probe,48:mode,60:reorder,68:reduce SAT_POLICY_BRANCH_JOBS=6
cdf559a186b55457ce49516ec323e907-at-least-two-traffic_kkb_unknown	seg	random	0	39527637279	3044	1	177.5	SAT_POLICY_SEED=1112295847 SAT_POLICY_TEMP=1.0 SAT_POLICY_SEGMENT=5
cdf559a186b55457ce49516ec323e907-at-least-two-traffic_kkb_unknown	jit	jitter	0	39527637279	3044	1	177.5	SAT_POLICY_SEED=1112295848 SAT_POLICY_TEMP=0.5
d0298807e51730261ef65db827dcd70f-Break_triple_16_70.xml	fork	fork	0	4394934390	1396	7	37.6	SAT_POLICY_BRANCH=0:eliminate,3:sweep,7:reorder SAT_POLICY_BRANCH_JOBS=6
d0298807e51730261ef65db827dcd70f-Break_triple_16_70.xml	seg	random	0	4394934390	865	1	37.6	SAT_POLICY_SEED=1555596725 SAT_POLICY_TEMP=1.0 SAT_POLICY_SEGMENT=5
d0298807e51730261ef65db827dcd70f-Break_triple_16_70.xml	jit	jitter	0	4394934390	865	1	37.6	SAT_POLICY_SEED=1555596726 SAT_POLICY_TEMP=0.5
d07b717548b8c9c1477dd7f4a650bdf7-544707209399nc.shuffled-as.sat03-1670	fork	fork	0	4931373406	1320	7	10.3	SAT_POLICY_BRANCH=1:eliminate,2:reorder,4:mode SAT_POLICY_BRANCH_JOBS=6
d07b717548b8c9c1477dd7f4a650bdf7-544707209399nc.shuffled-as.sat03-1670	seg	random	0	4931373406	840	1	10.3	SAT_POLICY_SEED=153702795 SAT_POLICY_TEMP=1.0 SAT_POLICY_SEGMENT=5
d07b717548b8c9c1477dd7f4a650bdf7-544707209399nc.shuffled-as.sat03-1670	jit	jitter	0	4931373406	840	1	10.3	SAT_POLICY_SEED=153702796 SAT_POLICY_TEMP=0.5
d2af3fde615d7c4d4a4574fc8839970e-lockchart-group1-L190-K276-p8d4j1.normalised	fork	fork	0	27659311570	84720	7	1227.3	SAT_POLICY_BRANCH=18:margin,23:eliminate,25:rephase,26:sweep,27:reorder,29:eliminate,33:reorder,34:probe,38:probe,42:eliminate,43:reduce,45:probe,46:sweep,52:probe,55:probe,61:mode SAT_POLICY_BRANCH_JOBS=6
d2af3fde615d7c4d4a4574fc8839970e-lockchart-group1-L190-K276-p8d4j1.normalised	seg	random	0	27659311570	8247	1	1227.3	SAT_POLICY_SEED=1300528507 SAT_POLICY_TEMP=1.0 SAT_POLICY_SEGMENT=5
d2af3fde615d7c4d4a4574fc8839970e-lockchart-group1-L190-K276-p8d4j1.normalised	jit	jitter	0	27659311570	8247	1	1227.3	SAT_POLICY_SEED=1300528508 SAT_POLICY_TEMP=0.5
d35dfc38e1681b48ebceb4113d205a23-16_2	fork	fork	0	160663285694	41494	7	89.3	SAT_POLICY_BRANCH=463:probe,505:eliminate,535:probe,674:mode,688:rephase,765:rephase,784:margin,943:rephase SAT_POLICY_BRANCH_JOBS=6
d35dfc38e1681b48ebceb4113d205a23-16_2	seg	random	0	160663285694	7415	1	89.3	SAT_POLICY_SEED=922679414 SAT_POLICY_TEMP=1.0 SAT_POLICY_SEGMENT=5
d35dfc38e1681b48ebceb4113d205a23-16_2	jit	jitter	0	160663285694	7415	1	89.3	SAT_POLICY_SEED=922679415 SAT_POLICY_TEMP=0.5
d3e4e0f01836bb359725c6aa5072afce-bp4_BC012_AM_IXA_LPI.normalised	fork	fork	0	40502798706	15108	7	52.0	SAT_POLICY_BRANCH=16:eliminate,18:rephase,20:eliminate,22:probe,29:eliminate,44:reduce,48:eliminate,53:mode,56:mode,67:margin SAT_POLICY_BRANCH_JOBS=6
d3e4e0f01836bb359725c6aa5072afce-bp4_BC012_AM_IXA_LPI.normalised	seg	random	0	40502798706	2672	1	52.0	SAT_POLICY_SEED=2025275840 SAT_POLICY_TEMP=1.0 SAT_POLICY_SEGMENT=5
d3e4e0f01836bb359725c6aa5072afce-bp4_BC012_AM_IXA_LPI.normalised	jit	jitter	0	40502798706	2672	1	52.0	SAT_POLICY_SEED=2025275841 SAT_POLICY_TEMP=0.5
d5928883c1e1f70764a31a83aa419eaf-oski15a01b42s_opt	fork	fork	0	41744861213	25537	7	277.0	SAT_POLICY_BRANCH=8:probe,11:mode,21:rephase,37:margin,41:eliminate,47:eliminate,55:rephase,56:probe,58:probe,62:reorder SAT_POLICY_BRANCH_JOBS=6
d5928883c1e1f70764a31a83aa419eaf-oski15a01b42s_opt	seg	random	0	41744861213	4162	1	277.0	SAT_POLICY_SEED=1369361862 SAT_POLICY_TEMP=1.0 SAT_POLICY_SEGMENT=5
d5928883c1e1f70764a31a83aa419eaf-oski15a01b42s_opt	jit	jitter	0	41744861213	4162	1	277.0	SAT_POLICY_SEED=1369361863 SAT_POLICY_TEMP=0.5
d5b11b0b73eb4ecebdbf6ee8143da689-oisc-subrv-and-nested-11	fork	fork	0	43098057077	39331	7	3305.5	SAT_POLICY_BRANCH=88:reduce,98:probe,140:mode,150:mode,160:eliminate,199:probe,202:rephase,221:mode SAT_POLICY_BRANCH_JOBS=6
d5b11b0b73eb4ecebdbf6ee8143da689-oisc-subrv-and-nested-11	seg	random	0	43098057077	7055	1	3305.5	SAT_POLICY_SEED=604891909 SAT_POLICY_TEMP=1.0 SAT_POLICY_SEGMENT=5
d5b11b0b73eb4ecebdbf6ee8143da689-oisc-subrv-and-nested-11	jit	jitter	0	43098057077	7055	1	3305.5	SAT_POLICY_SEED=604891910 SAT_POLICY_TEMP=0.5
d672bdbca3b1fb26d585e78add79537e-velev-pipe-o-uns-1.1-6	fork	fork	0	4505804250	1319	7	28.0	SAT_POLICY_BRANCH=0:probe,1:reduce,5:reduce SAT_POLICY_BRANCH_JOBS=6
d672bdbca3b1fb26d585e78add79537e-velev-pipe-o-uns-1.1-6	seg	random	0	4505804250	839	1	28.0	SAT_POLICY_SEED=2130270852 SAT_POLICY_TEMP=1.0 SAT_POLICY_SEGMENT=5
d672bdbca3b1fb26d585e78add79537e-velev-pipe-o-uns-1.1-6	jit	jitter	0	4505804250	839	1	28.0	SAT_POLICY_SEED=2130270853 SAT_POLICY_TEMP=0.5
d6afa5689d75e37111656db8980dd54b-grs-160-48	fork	fork	0	29199370725	21889	7	117.2	SAT_POLICY_BRANCH=16:rephase,19:mode,20:mode,22:reorder,28:eliminate,39:probe,48:eliminate,55:sweep,60:reduce SAT_POLICY_BRANCH_JOBS=6
d6afa5689d75e37111656db8980dd54b-grs-160-48	seg	random	0	29199370725	3641	1	117.2	SAT_POLICY_SEED=2003225963 SAT_POLICY_TEMP=1.0 SAT_POLICY_SEGMENT=5
d6afa5689d75e37111656db8980dd54b-grs-160-48	jit	jitter	0	29199370725	3641	1	117.2	SAT_POLICY_SEED=2003225964 SAT_POLICY_TEMP=0.5
d88a8a62342be0ef04bd3b429f311352-bp4_BC012_CSO_IXA_LP.normalised	fork	fork	0	18224569959	3362	7	96.9	SAT_POLICY_BRANCH=6:reduce,23:mode,29:margin,30:mode SAT_POLICY_BRANCH_JOBS=6
d88a8a62342be0ef04bd3b429f311352-bp4_BC012_CSO_IXA_LP.normalised	seg	random	0	18224569959	1520	1	96.9	SAT_POLICY_SEED=786560156 SAT_POLICY_TEMP=1.0 SAT_POLICY_SEGMENT=5
d88a8a62342be0ef04bd3b429f311352-bp4_BC012_CSO_IXA_LP.normalised	jit	jitter	0	18224569959	1520	1	96.9	SAT_POLICY_SEED=786560157 SAT_POLICY_TEMP=0.5
d88c6afc13cdad0e2c8371a879692b39-battleship-13-13-unsat	fork	fork	0	5638330279	1319	7	24.8	SAT_POLICY_BRANCH=0:sweep,1:reduce,3:reduce SAT_POLICY_BRANCH_JOBS=6
d88c6afc13cdad0e2c8371a879692b39-battleship-13-13-unsat	seg	random	0	5638330279	839	1	24.8	SAT_POLICY_SEED=878769247 SAT_POLICY_TEMP=1.0 SAT_POLICY_SEGMENT=5
d88c6afc13cdad0e2c8371a879692b39-battleship-13-13-unsat	jit	jitter	0	5638330279	839	1	24.8	SAT_POLICY_SEED=878769248 SAT_POLICY_TEMP=0.5
dbb42e010bed2259e4e27bc43e4d86c6-lockchart-group3-L11-K23-p4d3j1.normalised	fork	fork	0	162562812389	72627	7	73.4	SAT_POLICY_BRANCH=199:eliminate,214:rephase,215:reorder,288:eliminate,294:reorder,325:sweep,345:mode,382:rephase,437:reduce,455:mode,513:mode,599:margin,671:reorder,718:rephase,724:reorder,736:margin SAT_POLICY_BRANCH_JOBS=6
dbb42e010bed2259e4e27bc43e4d86c6-lockchart-group3-L11-K23-p4d3j1.normalised	seg	random	0	162562812389	7802	1	73.4	SAT_POLICY_SEED=1691155818 SAT_POLICY_TEMP=1.0 SAT_POLICY_SEGMENT=5
dbb42e010bed2259e4e27bc43e4d86c6-lockchart-group3-L11-K23-p4d3j1.normalised	jit	jitter	0	162562812389	7802	1	73.4	SAT_POLICY_SEED=1691155819 SAT_POLICY_TEMP=0.5
dbe12d6d2e341d7b4e4216142f29e170-bp4_BC012_CSO_AM_FPBEQ_FPBLE_ZR.normalised	fork	fork	0	61794084440	54599	7	78.9	SAT_POLICY_BRANCH=33:margin,35:sweep,43:probe,47:rephase,61:probe,62:reduce,75:margin,83:reduce,92:reduce,93:reorder,97:mode,107:rephase,126:mode,138:rephase,150:eliminate,156:mode,184:mode,195:probe,198:margin,204:eliminate,211:mode,214:probe,241:reduce,275:rephase SAT_POLICY_BRANCH_JOBS=6
dbe12d6d2e341d7b4e4216142f29e170-bp4_BC012_CSO_AM_FPBEQ_FPBLE_ZR.normalised	seg	random	0	61794084440	4199	1	78.9	SAT_POLICY_SEED=264393233 SAT_POLICY_TEMP=1.0 SAT_POLICY_SEGMENT=5
dbe12d6d2e341d7b4e4216142f29e170-bp4_BC012_CSO_AM_FPBEQ_FPBLE_ZR.normalised	jit	jitter	0	61794084440	4199	1	78.9	SAT_POLICY_SEED=264393234 SAT_POLICY_TEMP=0.5
ddf9620410e6a4351f64c745670ef5d4-oddball_57_5_tto_zp.normalised	fork	fork	0	59772668411	47007	7	1426.4	SAT_POLICY_BRANCH=123:mode,133:margin,192:eliminate,230:eliminate,244:rephase,286:rephase,294:eliminate,303:mode SAT_POLICY_BRANCH_JOBS=6
ddf9620410e6a4351f64c745670ef5d4-oddball_57_5_tto_zp.normalised	seg	random	0	59772668411	8334	1	1426.4	SAT_POLICY_SEED=1872119587 SAT_POLICY_TEMP=1.0 SAT_POLICY_SEGMENT=5
ddf9620410e6a4351f64c745670ef5d4-oddball_57_5_tto_zp.normalised	jit	jitter	0	59772668411	8334	1	1426.4	SAT_POLICY_SEED=1872119588 SAT_POLICY_TEMP=0.5
de8988028668791f35a7b9f94353b5b9-sudoku-N30-16	fork	fork	0	62824441656	43627	7	382.4	SAT_POLICY_BRANCH=139:mode,155:eliminate,161:reduce,172:probe,217:reduce,234:reduce,293:probe,340:reorder SAT_POLICY_BRANCH_JOBS=6
de8988028668791f35a7b9f94353b5b9-sudoku-N30-16	seg	random	0	62824441656	7771	1	382.4	SAT_POLICY_SEED=1654708677 SAT_POLICY_TEMP=1.0 SAT_POLICY_SEGMENT=5
de8988028668791f35a7b9f94353b5b9-sudoku-N30-16	jit	jitter	0	62824441656	7771	1	382.4	SAT_POLICY_SEED=1654708678 SAT_POLICY_TEMP=0.5
dff4ea0af62900ab4d404f3bf7649a4d-nla-digbench-scaling_dijkstra-u_valuebound1_step	fork	fork	0	21385269741	13260	7	2823.8	SAT_POLICY_BRANCH=15:margin,21:eliminate,28:reorder,34:eliminate,36:rephase SAT_POLICY_BRANCH_JOBS=6
dff4ea0af62900ab4d404f3bf7649a4d-nla-digbench-scaling_dijkstra-u_valuebound1_step	seg	random	0	21385269741	3765	1	2823.8	SAT_POLICY_SEED=1499403167 SAT_POLICY_TEMP=1.0 SAT_POLICY_SEGMENT=5
dff4ea0af62900ab4d404f3bf7649a4d-nla-digbench-scaling_dijkstra-u_valuebound1_step	jit	jitter	0	21385269741	3765	1	2823.8	SAT_POLICY_SEED=1499403168 SAT_POLICY_TEMP=0.5
e12874b16df577b301608d03731595d8-rphp5_085_shuffled	fork	fork	0	127168941544	42054	7	206.0	SAT_POLICY_BRANCH=266:margin,285:probe,485:margin,612:probe,667:sweep,688:mode,699:reduce,736:reorder SAT_POLICY_BRANCH_JOBS=6
e12874b16df577b301608d03731595d8-rphp5_085_shuffled	seg	random	0	127168941544	7509	1	206.0	SAT_POLICY_SEED=422221864 SAT_POLICY_TEMP=1.0 SAT_POLICY_SEGMENT=5
e12874b16df577b301608d03731595d8-rphp5_085_shuffled	jit	jitter	0	127168941544	7509	1	206.0	SAT_POLICY_SEED=422221865 SAT_POLICY_TEMP=0.5
e207ba2df64495327f715e08155a220f-fermat-834855329100173267	fork	fork	0	121163478660	41733	7	45.0	SAT_POLICY_BRANCH=312:reduce,351:margin,374:eliminate,379:reduce,458:reorder,551:sweep,582:mode,651:mode SAT_POLICY_BRANCH_JOBS=6
e207ba2df64495327f715e08155a220f-fermat-834855329100173267	seg	random	0	121163478660	7455	1	45.0	SAT_POLICY_SEED=1187615860 SAT_POLICY_TEMP=1.0 SAT_POLICY_SEGMENT=5
e207ba2df64495327f715e08155a220f-fermat-834855329100173267	jit	jitter	0	121163478660	7455	1	45.0	SAT_POLICY_SEED=1187615861 SAT_POLICY_TEMP=0.5
e318e2ac78b473091c3c2197afd7fc98-544707209399nw.shuffled-as.sat03-1671	fork	fork	0	4807990313	1319	7	9.2	SAT_POLICY_BRANCH=0:reduce,2:probe,3:sweep SAT_POLICY_BRANCH_JOBS=6
e318e2ac78b473091c3c2197afd7fc98-544707209399nw.shuffled-as.sat03-1671	seg	random	0	4807990313	839	1	9.2	SAT_POLICY_SEED=1707810801 SAT_POLICY_TEMP=1.0 SAT_POLICY_SEGMENT=5
e318e2ac78b473091c3c2197afd7fc98-544707209399nw.shuffled-as.sat03-1671	jit	jitter	0	4807990313	839	1	9.2	SAT_POLICY_SEED=1707810802 SAT_POLICY_TEMP=0.5
e3bd4a397f34a99c47d1b2e0e9abcd43-crusti_g2io_250_0.2_255_43.normalised	fork	fork	0	8024999438	5685	7	632.3	SAT_POLICY_BRANCH=2:rephase,3:mode,8:mode,11:mode SAT_POLICY_BRANCH_JOBS=6
e3bd4a397f34a99c47d1b2e0e9abcd43-crusti_g2io_250_0.2_255_43.normalised	seg	random	0	8024999438	2295	1	632.3	SAT_POLICY_SEED=1130948440 SAT_POLICY_TEMP=1.0 SAT_POLICY_SEGMENT=5
e3bd4a397f34a99c47d1b2e0e9abcd43-crusti_g2io_250_0.2_255_43.normalised	jit	jitter	0	8024999438	2295	1	632.3	SAT_POLICY_SEED=1130948441 SAT_POLICY_TEMP=0.5
e442248e155eb81a811edd1deca8a2cd-sudoku-N30-23	fork	fork	0	60926434217	45062	7	387.6	SAT_POLICY_BRANCH=136:mode,137:margin,138:eliminate,169:eliminate,201:eliminate,253:rephase,260:sweep,263:margin SAT_POLICY_BRANCH_JOBS=6
e442248e155eb81a811edd1deca8a2cd-sudoku-N30-23	seg	random	0	60926434217	8010	1	387.6	SAT_POLICY_SEED=1712287163 SAT_POLICY_TEMP=1.0 SAT_POLICY_SEGMENT=5
e442248e155eb81a811edd1deca8a2cd-sudoku-N30-23	jit	jitter	0	60926434217	8010	1	387.6	SAT_POLICY_SEED=1712287164 SAT_POLICY_TEMP=0.5
e4ac15cf2373fe0a3601065225178916-2013113162201nw.shuffled-as.sat03-1668	fork	fork	0	4338064609	1080	7	9.7	SAT_POLICY_BRANCH=0:eliminate,1:mode SAT_POLICY_BRANCH_JOBS=6
e4ac15cf2373fe0a3601065225178916-2013113162201nw.shuffled-as.sat03-1668	seg	random	0	4338064609	840	1	9.7	SAT_POLICY_SEED=1671914236 SAT_POLICY_TEMP=1.0 SAT_POLICY_SEGMENT=5
e4ac15cf2373fe0a3601065225178916-2013113162201nw.shuffled-as.sat03-1668	jit	jitter	0	4338064609	840	1	9.7	SAT_POLICY_SEED=1671914237 SAT_POLICY_TEMP=0.5
e7ee736cb1d140b3f70c6f519097aa32-circuit_32in32out_with_64gates_7in7out_dist128_seed2.sanitized	fork	fork	0	10596225999	2242	7	197.6	SAT_POLICY_BRANCH=5:reduce,6:margin,18:sweep,19:margin SAT_POLICY_BRANCH_JOBS=6
e7ee736cb1d140b3f70c6f519097aa32-circuit_32in32out_with_64gates_7in7out_dist128_seed2.sanitized	seg	random	0	10596225999	1147	1	197.6	SAT_POLICY_SEED=1045301295 SAT_POLICY_TEMP=1.0 SAT_POLICY_SEGMENT=5
e7ee736cb1d140b3f70c6f519097aa32-circuit_32in32out_with_64gates_7in7out_dist128_seed2.sanitized	jit	jitter	0	10596225999	1147	1	197.6	SAT_POLICY_SEED=1045301296 SAT_POLICY_TEMP=0.5
e9f6eb5654365bb115e6d96405ea9a76-crusti_g2io_250_0.2_255_12.normalised	fork	fork	0	14145790200	8442	7	670.1	SAT_POLICY_BRANCH=8:sweep,9:reorder,10:mode,21:mode SAT_POLICY_BRANCH_JOBS=6
e9f6eb5654365bb115e6d96405ea9a76-crusti_g2io_250_0.2_255_12.normalised	seg	random	0	14145790200	3214	1	670.1	SAT_POLICY_SEED=1951579013 SAT_POLICY_TEMP=1.0 SAT_POLICY_SEGMENT=5
e9f6eb5654365bb115e6d96405ea9a76-crusti_g2io_250_0.2_255_12.normalised	jit	jitter	0	14145790200	3214	1	670.1	SAT_POLICY_SEED=1951579014 SAT_POLICY_TEMP=0.5
ea40162dda3f9b923b6160854cf7f75a-sudoku-N30-15	fork	fork	0	35099871099	21307	7	366.8	SAT_POLICY_BRANCH=15:rephase,17:mode,19:probe,25:eliminate,33:margin,34:eliminate,44:probe,57:eliminate SAT_POLICY_BRANCH_JOBS=6
ea40162dda3f9b923b6160854cf7f75a-sudoku-N30-15	seg	random	0	35099871099	4051	1	366.8	SAT_POLICY_SEED=671379460 SAT_POLICY_TEMP=1.0 SAT_POLICY_SEGMENT=5
ea40162dda3f9b923b6160854cf7f75a-sudoku-N30-15	jit	jitter	0	35099871099	4051	1	366.8	SAT_POLICY_SEED=671379461 SAT_POLICY_TEMP=0.5
ebbda8d90dfd9b6500bf932f952907a6-2018D_VexRiscv-regch0-20-p1_step	fork	fork	0	17485232553	6441	7	929.9	SAT_POLICY_BRANCH=3:reorder,8:probe,15:mode,21:reduce SAT_POLICY_BRANCH_JOBS=6
ebbda8d90dfd9b6500bf932f952907a6-2018D_VexRiscv-regch0-20-p1_step	seg	random	0	17485232553	2060	1	929.9	SAT_POLICY_SEED=1773473928 SAT_POLICY_TEMP=1.0 SAT_POLICY_SEGMENT=5
ebbda8d90dfd9b6500bf932f952907a6-2018D_VexRiscv-regch0-20-p1_step	jit	jitter	0	17485232553	2060	1	929.9	SAT_POLICY_SEED=1773473929 SAT_POLICY_TEMP=0.5
ed9f304b537a768f462bd1c723c5396e-ITC2021_Early_9.xml	fork	fork	0	4077521691	1080	7	14.9	SAT_POLICY_BRANCH=0:margin SAT_POLICY_BRANCH_JOBS=6
ed9f304b537a768f462bd1c723c5396e-ITC2021_Early_9.xml	seg	random	0	4077521691	840	1	14.9	SAT_POLICY_SEED=993927697 SAT_POLICY_TEMP=1.0 SAT_POLICY_SEGMENT=5
ed9f304b537a768f462bd1c723c5396e-ITC2021_Early_9.xml	jit	jitter	0	4077521691	840	1	14.9	SAT_POLICY_SEED=993927698 SAT_POLICY_TEMP=0.5
efc1b7cc3861df8c2b68ca10399b794e-oddball_19_4_ttf.normalised	fork	fork	0	6762798711	2073	7	29.5	SAT_POLICY_BRANCH=2:eliminate,3:margin,7:eliminate,11:reorder SAT_POLICY_BRANCH_JOBS=6
efc1b7cc3861df8c2b68ca10399b794e-oddball_19_4_ttf.normalised	seg	random	0	6762798711	968	1	29.5	SAT_POLICY_SEED=928364550 SAT_POLICY_TEMP=1.0 SAT_POLICY_SEGMENT=5
efc1b7cc3861df8c2b68ca10399b794e-oddball_19_4_ttf.normalised	jit	jitter	0	6762798711	968	1	29.5	SAT_POLICY_SEED=928364551 SAT_POLICY_TEMP=0.5
f0753a43fd48018b408d64ea68a4a924-Nb54T6	fork	fork	0	51903698842	44853	7	1685.7	SAT_POLICY_BRANCH=108:mode,147:eliminate,157:margin,165:eliminate,192:rephase,224:margin,242:rephase,264:reorder SAT_POLICY_BRANCH_JOBS=6
f0753a43fd48018b408d64ea68a4a924-Nb54T6	seg	random	0	51903698842	7975	1	1685.7	SAT_POLICY_SEED=1998703853 SAT_POLICY_TEMP=1.0 SAT_POLICY_SEGMENT=5
f0753a43fd48018b408d64ea68a4a924-Nb54T6	jit	jitter	0	51903698842	7975	1	1685.7	SAT_POLICY_SEED=1998703854 SAT_POLICY_TEMP=0.5
f0bafebdcce23ccfbaf6c27a7522069b-div-mitern172	fork	fork	0	5537105568	1411	7	18.0	SAT_POLICY_BRANCH=2:eliminate,5:sweep,8:reduce SAT_POLICY_BRANCH_JOBS=6
f0bafebdcce23ccfbaf6c27a7522069b-div-mitern172	seg	random	0	5537105568	870	1	18.0	SAT_POLICY_SEED=1228329941 SAT_POLICY_TEMP=1.0 SAT_POLICY_SEGMENT=5
f0bafebdcce23ccfbaf6c27a7522069b-div-mitern172	jit	jitter	0	5537105568	870	1	18.0	SAT_POLICY_SEED=1228329942 SAT_POLICY_TEMP=0.5
f17dfbed8c18716a41b231702e127524-SC25_Timetable_C_406_E_45_Cl_26_D_7_T_50.normalised	fork	fork	0	2064670359	1364	7	122.4	SAT_POLICY_BRANCH=0:probe,1:reorder,2:rephase SAT_POLICY_BRANCH_JOBS=6
f17dfbed8c18716a41b231702e127524-SC25_Timetable_C_406_E_45_Cl_26_D_7_T_50.normalised	seg	random	0	2064670359	854	1	122.4	SAT_POLICY_SEED=1813951562 SAT_POLICY_TEMP=1.0 SAT_POLICY_SEGMENT=5
f17dfbed8c18716a41b231702e127524-SC25_Timetable_C_406_E_45_Cl_26_D_7_T_50.normalised	jit	jitter	0	2064670359	854	1	122.4	SAT_POLICY_SEED=1813951563 SAT_POLICY_TEMP=0.5
f1973c0a4e960a914ff12aa7e4e9293c-lockchart-group2-rnd0.3-L19-K38-P8D4J1_4	fork	fork	0	47738647731	40199	7	72.3	SAT_POLICY_BRANCH=19:mode,20:margin,30:sweep,31:mode,33:mode,37:sweep,38:margin,45:probe,60:eliminate,68:reduce,70:probe,73:margin,82:reorder,87:sweep,99:margin,106:reduce,111:mode,117:sweep,133:margin,144:reduce SAT_POLICY_BRANCH_JOBS=6
f1973c0a4e960a914ff12aa7e4e9293c-lockchart-group2-rnd0.3-L19-K38-P8D4J1_4	seg	random	0	47738647731	4199	1	72.3	SAT_POLICY_SEED=446140001 SAT_POLICY_TEMP=1.0 SAT_POLICY_SEGMENT=5
f1973c0a4e960a914ff12aa7e4e9293c-lockchart-group2-rnd0.3-L19-K38-P8D4J1_4	jit	jitter	0	47738647731	4199	1	72.3	SAT_POLICY_SEED=446140002 SAT_POLICY_TEMP=0.5
f371fb73e6bd6d05b306519818bd5c89-WS_500_16_90_70.apx_1_DS-ST	fork	fork	0	6503137119	1353	7	16.1	SAT_POLICY_BRANCH=7:margin,8:rephase,10:mode SAT_POLICY_BRANCH_JOBS=6
f371fb73e6bd6d05b306519818bd5c89-WS_500_16_90_70.apx_1_DS-ST	seg	random	0	6503137119	851	1	16.1	SAT_POLICY_SEED=994485983 SAT_POLICY_TEMP=1.0 SAT_POLICY_SEGMENT=5
f371fb73e6bd6d05b306519818bd5c89-WS_500_16_90_70.apx_1_DS-ST	jit	jitter	0	6503137119	851	1	16.1	SAT_POLICY_SEED=994485984 SAT_POLICY_TEMP=0.5
f3abc375afaf48c7eae21500b773bd21-tseitin_grid_n400_m400	fork	fork	0	30667043539	41657	7	418.9	SAT_POLICY_BRANCH=85:sweep,96:rephase,109:mode,114:mode,120:eliminate,140:reduce,164:mode,174:reduce SAT_POLICY_BRANCH_JOBS=6
f3abc375afaf48c7eae21500b773bd21-tseitin_grid_n400_m400	seg	random	0	30667043539	7442	1	418.9	SAT_POLICY_SEED=985014748 SAT_POLICY_TEMP=1.0 SAT_POLICY_SEGMENT=5
f3abc375afaf48c7eae21500b773bd21-tseitin_grid_n400_m400	jit	jitter	0	30667043539	7442	1	418.9	SAT_POLICY_SEED=985014749 SAT_POLICY_TEMP=0.5
f406e2b8b28f205f16e8983bd522db13-oddball_112_5_ttf.normalised	fork	fork	0	7794304478	3006	7	144.4	SAT_POLICY_BRANCH=2:probe,3:reduce,6:sweep,8:eliminate SAT_POLICY_BRANCH_JOBS=6
f406e2b8b28f205f16e8983bd522db13-oddball_112_5_ttf.normalised	seg	random	0	7794304478	1201	1	144.4	SAT_POLICY_SEED=1920543795 SAT_POLICY_TEMP=1.0 SAT_POLICY_SEGMENT=5
f406e2b8b28f205f16e8983bd522db13-oddball_112_5_ttf.normalised	jit	jitter	0	7794304478	1201	1	144.4	SAT_POLICY_SEED=1920543796 SAT_POLICY_TEMP=0.5
f4ca5fca83e870d2ed56f2b00b074ed4-TT7F-33-24B	fork	fork	0	62352361517	44185	7	246.0	SAT_POLICY_BRANCH=146:eliminate,167:eliminate,224:sweep,257:mode,290:probe,296:reduce,313:reduce,370:margin SAT_POLICY_BRANCH_JOBS=6
f4ca5fca83e870d2ed56f2b00b074ed4-TT7F-33-24B	seg	random	0	62352361517	7864	1	246.0	SAT_POLICY_SEED=1301846531 SAT_POLICY_TEMP=1.0 SAT_POLICY_SEGMENT=5
f4ca5fca83e870d2ed56f2b00b074ed4-TT7F-33-24B	jit	jitter	0	62352361517	7864	1	246.0	SAT_POLICY_SEED=1301846532 SAT_POLICY_TEMP=0.5
f569dc48ad062a3110ff08a8d59e59ab-crusti_g2io_200_0.1_127_19.normalised	fork	fork	0	3207064725	2372	7	191.0	SAT_POLICY_BRANCH=0:reorder,1:reorder,2:reorder,3:rephase SAT_POLICY_BRANCH_JOBS=6
f569dc48ad062a3110ff08a8d59e59ab-crusti_g2io_200_0.1_127_19.normalised	seg	random	0	3207064725	1043	1	191.0	SAT_POLICY_SEED=576803573 SAT_POLICY_TEMP=1.0 SAT_POLICY_SEGMENT=5
f569dc48ad062a3110ff08a8d59e59ab-crusti_g2io_200_0.1_127_19.normalised	jit	jitter	0	3207064725	1043	1	191.0	SAT_POLICY_SEED=576803574 SAT_POLICY_TEMP=0.5
f626408ec204fd8e1a7924d0e59672e9-oski15a01b41s_opt	fork	fork	0	43852001448	29400	7	323.7	SAT_POLICY_BRANCH=10:sweep,15:margin,17:eliminate,19:margin,34:rephase,55:sweep,58:probe,62:sweep,65:sweep,67:mode,77:reorder,83:sweep SAT_POLICY_BRANCH_JOBS=6
f626408ec204fd8e1a7924d0e59672e9-oski15a01b41s_opt	seg	random	0	43852001448	4200	1	323.7	SAT_POLICY_SEED=1892864854 SAT_POLICY_TEMP=1.0 SAT_POLICY_SEGMENT=5
f626408ec204fd8e1a7924d0e59672e9-oski15a01b41s_opt	jit	jitter	0	43852001448	4200	1	323.7	SAT_POLICY_SEED=1892864855 SAT_POLICY_TEMP=0.5
fab2022deb130fe3ad1136a5c71b4109-case9	fork	fork	0	20769684468	4262	7	29.2	SAT_POLICY_BRANCH=5:reorder,8:probe,12:sweep,14:reduce,17:rephase,20:reorder SAT_POLICY_BRANCH_JOBS=6
fab2022deb130fe3ad1136a5c71b4109-case9	seg	random	0	20769684468	1332	1	29.2	SAT_POLICY_SEED=1269987711 SAT_POLICY_TEMP=1.0 SAT_POLICY_SEGMENT=5
fab2022deb130fe3ad1136a5c71b4109-case9	jit	jitter	0	20769684468	1332	1	29.2	SAT_POLICY_SEED=1269987712 SAT_POLICY_TEMP=0.5
fae6cf26f3da1e7d8fc4926a9ca86b61-SC25_Timetable_C_495_E_50_Cl_33_D_7_T_50.normalised	fork	fork	0	63355441870	43014	7	272.9	SAT_POLICY_BRANCH=164:eliminate,202:eliminate,267:reduce,272:margin,275:sweep,309:reorder,321:reduce,398:mode SAT_POLICY_BRANCH_JOBS=6
fae6cf26f3da1e7d8fc4926a9ca86b61-SC25_Timetable_C_495_E_50_Cl_33_D_7_T_50.normalised	seg	random	0	63355441870	7669	1	272.9	SAT_POLICY_SEED=814226659 SAT_POLICY_TEMP=1.0 SAT_POLICY_SEGMENT=5
fae6cf26f3da1e7d8fc4926a9ca86b61-SC25_Timetable_C_495_E_50_Cl_33_D_7_T_50.normalised	jit	jitter	0	63355441870	7669	1	272.9	SAT_POLICY_SEED=814226660 SAT_POLICY_TEMP=0.5
fbdca334e6985cd2de8718b60695b5f6-gm16sparrc	fork	fork	0	1568965953	1080	7	17.0	SAT_POLICY_BRANCH=0:probe SAT_POLICY_BRANCH_JOBS=6
fbdca334e6985cd2de8718b60695b5f6-gm16sparrc	seg	random	0	1568965953	840	1	17.0	SAT_POLICY_SEED=1941749634 SAT_POLICY_TEMP=1.0 SAT_POLICY_SEGMENT=5
fbdca334e6985cd2de8718b60695b5f6-gm16sparrc	jit	jitter	0	1568965953	840	1	17.0	SAT_POLICY_SEED=1941749635 SAT_POLICY_TEMP=0.5
fc67d414ea20a0ffffc087d7577af2fe-sudoku-N30-28	fork	fork	0	36845076771	25696	7	364.7	SAT_POLICY_BRANCH=7:mode,9:probe,16:reorder,22:reorder,28:probe,32:rephase,40:mode,44:rephase,56:eliminate SAT_POLICY_BRANCH_JOBS=6
fc67d414ea20a0ffffc087d7577af2fe-sudoku-N30-28	seg	random	0	36845076771	4185	1	364.7	SAT_POLICY_SEED=137105868 SAT_POLICY_TEMP=1.0 SAT_POLICY_SEGMENT=5
fc67d414ea20a0ffffc087d7577af2fe-sudoku-N30-28	jit	jitter	0	36845076771	4185	1	364.7	SAT_POLICY_SEED=137105869 SAT_POLICY_TEMP=0.5
fcc4c4522c54db2f1cee86fe0fff5f4a-x-epic_a19-p16_step	fork	fork	0	18264833184	9170	7	2919.8	SAT_POLICY_BRANCH=6:reduce,15:probe,17:margin,21:reorder SAT_POLICY_BRANCH_JOBS=6
fcc4c4522c54db2f1cee86fe0fff5f4a-x-epic_a19-p16_step	seg	random	0	18264833184	2742	1	2919.8	SAT_POLICY_SEED=1008866282 SAT_POLICY_TEMP=1.0 SAT_POLICY_SEGMENT=5
fcc4c4522c54db2f1cee86fe0fff5f4a-x-epic_a19-p16_step	jit	jitter	0	18264833184	2742	1	2919.8	SAT_POLICY_SEED=1008866283 SAT_POLICY_TEMP=0.5
fdc4dd704e4d93a50fafb1debd8a6789-bp4_CB_LP_FPBLE.normalised	fork	fork	0	14469697962	3394	7	45.2	SAT_POLICY_BRANCH=8:mode,9:eliminate,16:reorder,22:reorder SAT_POLICY_BRANCH_JOBS=6
fdc4dd704e4d93a50fafb1debd8a6789-bp4_CB_LP_FPBLE.normalised	seg	random	0	14469697962	1298	1	45.2	SAT_POLICY_SEED=1524197896 SAT_POLICY_TEMP=1.0 SAT_POLICY_SEGMENT=5
fdc4dd704e4d93a50fafb1debd8a6789-bp4_CB_LP_FPBLE.normalised	jit	jitter	0	14469697962	1298	1	45.2	SAT_POLICY_SEED=1524197897 SAT_POLICY_TEMP=0.5
fdefca5f5236d5a8361dbdff0d017eeb-oddball_29_4_ttf.normalised	fork	fork	0	65886601472	51000	7	115.3	SAT_POLICY_BRANCH=57:margin,58:reorder,63:margin,72:eliminate,78:mode,91:eliminate,104:probe,119:probe,133:margin,134:probe,183:sweep,184:reduce,212:probe,224:mode,226:rephase,237:reduce,239:mode,242:mode,250:reorder,255:margin,273:margin,274:margin,283:margin,295:eliminate SAT_POLICY_BRANCH_JOBS=6
fdefca5f5236d5a8361dbdff0d017eeb-oddball_29_4_ttf.normalised	seg	random	0	65886601472	4200	1	115.3	SAT_POLICY_SEED=197368616 SAT_POLICY_TEMP=1.0 SAT_POLICY_SEGMENT=5
fdefca5f5236d5a8361dbdff0d017eeb-oddball_29_4_ttf.normalised	jit	jitter	0	65886601472	4200	1	115.3	SAT_POLICY_SEED=197368617 SAT_POLICY_TEMP=0.5
fe851239cedd4197c5390cee55fee723-grs-256-64	fork	fork	0	72524351090	91984	7	196.9	SAT_POLICY_BRANCH=50:probe,56:mode,62:probe,69:probe,76:probe,95:reduce,103:rephase,110:sweep,111:reduce,121:reorder,131:mode,156:probe,170:eliminate,182:mode,194:mode,201:mode SAT_POLICY_BRANCH_JOBS=6
fe851239cedd4197c5390cee55fee723-grs-256-64	seg	random	0	72524351090	9738	1	196.9	SAT_POLICY_SEED=32331116 SAT_POLICY_TEMP=1.0 SAT_POLICY_SEGMENT=5
fe851239cedd4197c5390cee55fee723-grs-256-64	jit	jitter	0	72524351090	9738	1	196.9	SAT_POLICY_SEED=32331117 SAT_POLICY_TEMP=0.5
fea0f926e766ccba7c7dc261084ecbd0-16_16_default_mapped_ultra_and_and_dadda_mapped_bit28	fork	fork	0	77435518291	54600	7	48.5	SAT_POLICY_BRANCH=25:rephase,35:sweep,36:eliminate,39:mode,49:reorder,50:probe,57:mode,60:probe,68:reduce,75:rephase,78:reduce,115:reduce,123:mode,129:mode,145:reorder,151:probe,152:rephase,159:reduce,161:margin,162:mode,180:reduce,194:probe,206:eliminate,208:mode SAT_POLICY_BRANCH_JOBS=6
fea0f926e766ccba7c7dc261084ecbd0-16_16_default_mapped_ultra_and_and_dadda_mapped_bit28	seg	random	0	77435518291	4200	1	48.5	SAT_POLICY_SEED=1467123862 SAT_POLICY_TEMP=1.0 SAT_POLICY_SEGMENT=5
fea0f926e766ccba7c7dc261084ecbd0-16_16_default_mapped_ultra_and_and_dadda_mapped_bit28	jit	jitter	0	77435518291	4200	1	48.5	SAT_POLICY_SEED=1467123863 SAT_POLICY_TEMP=0.5
