suite	stem	name	family	p_vars	p_clauses	clauses	literals	compressed_bytes	uncompressed_bytes	compression_ratio	header_lines	header_fingerprint	header_excerpt	sample_clauses	vig_nodes	vig_edges	modularity	communities	treewidth_ub	tw_capped	tw_nodes	seconds	error
sat-comp-2025	00d5a43a481477fa4d56a2ce152a6cfb-st_890_86_9_572.normalised	st_890_86_9_572.normalised	argumentation	2670	79728	79728	235031	229588	1318246	0.17416	0	da39a3ee5e6b		79728	2668	141776	0.2826	2	400	True	2668	1.67	
sat-comp-2025	00fd8ac9acd186a7a78a2c4d92f90de1-2.normalised	2.normalised	anon-normalised	23436630	63048517	63048517	143811721	174293952	1419037461	0.12283	0	da39a3ee5e6b		200000	430142	318302	0.5702	295160	11	False	4000	109.45	
sat-comp-2025	0205e2dffaef93a90c239df31755f2e1-bp4_CSO_AM_IXA_LP.normalised	bp4_CSO_AM_IXA_LP.normalised	bp	103337	933756	933756	3382523	1390568	23954046	0.05805	0	da39a3ee5e6b		200000	89774	434832	0.5039	1505	400	True	4000	5.57	
sat-comp-2025	032941f5f28c9ac53fa1c80d35f3206f-GP_216_290_40	GP_216_290_40	gp	4553278	25209324	25209324	95502961	75006124	814232708	0.09212	0	da39a3ee5e6b		200000	598787	1143411	0.836	107136	6	False	4000	57.56	
sat-comp-2025	03e852aa864cfe6eb49c264b462b8157-gm24sparrc	gm24sparrc	gm-sparrc	50777	304370	304370	913153	741552	5733771	0.12933	0	da39a3ee5e6b		200000	50777	240463	0.493	117	44	False	4000	1.97	
sat-comp-2025	04648cef5bed430ab6429991fa9e107d-ramsey_3_6_19.normalised	ramsey_3_6_19.normalised	ramsey	171	28101	28101	409887	64980	1843870	0.03524	0	da39a3ee5e6b		28101	171	14127	0.0	1	167	False	171	0.77	
sat-comp-2025	04f43bb4a4f2c193a18e7195a4fd8e41-goldcrest-and-11	goldcrest-and-11	goldcrest	492281	1508766	1508766	3606358	2916492	29474802	0.09895	0	da39a3ee5e6b		200000	284111	331798	0.5132	98316	7	False	4000	4.51	
sat-comp-2025	053e06424279f5cfec8bb14dfa9af23c-oisc-subrv-and-nested-15	oisc-subrv-and-nested-15	oisc	12857629	44573856	44573856	120024924	69672804	1072072668	0.06499	0	da39a3ee5e6b		200000	389017	475185	0.4434	105027	46	False	4000	79.38	
sat-comp-2025	062f58e44eb73f9274b57af5092cad90-rook-51-0-0	rook-51-0-0	chess-puzzles	137748	532892	532892	1463426	930372	10112082	0.09201	0	da39a3ee5e6b		200000	132486	424455	0.6852	3381	400	True	4000	3.59	
sat-comp-2025	06d2ca2ee0b47f00d93090495f7fd4f4-clqcl_100_6_5.normalised	clqcl_100_6_5.normalised	clqcl	6050	205556	205556	585250	126784	3734285	0.03395	0	da39a3ee5e6b		200000	6050	307486	0.0	1	400	True	4000	1.4	
sat-comp-2025	07cea7a64248a60d509368d09d3057c2-pj2013_k9	pj2013_k9	pj	783192	2037492	2037492	4754144	4583288	38993105	0.11754	0	da39a3ee5e6b		200000	312540	320567	0.4584	128010	5	False	4000	5.19	
sat-comp-2025	081f111af59344b61346367a930e24f6-Break_triple_04_06.xml	Break_triple_04_06.xml	break-scheduling	252	1163	1163	2716	2828	12989	0.21772	0	da39a3ee5e6b		1163	251	1523	0.5022	11	67	False	251	0.02	
sat-comp-2025	0876c518e5653369e20fb1ee0bb8db40-mp1-klieber2017s-0500-023-t12	mp1-klieber2017s-0500-023-t12	mp1	30587	91703	91703	213979	252808	1386753	0.1823	0	da39a3ee5e6b		91703	30587	85222	0.5099	1923	149	False	4000	0.62	
sat-comp-2025	08d56c03e6561f6b9bec2e3f344ea3de-cliquecoloring_n26_k7_c6	cliquecoloring_n26_k7_c6	clique-coloring	663	18844	18844	53560	13156	286332	0.04595	0	da39a3ee5e6b		18844	663	27261	0.0	1	337	False	663	0.71	
sat-comp-2025	09befe1ffd4e02a988cadecd0a012261-GP_300_140_20	GP_300_140_20	gp	2704778	14325564	14325564	53459489	41687536	439361308	0.09488	0	da39a3ee5e6b		200000	535748	1090608	0.8076	79483	6	False	4000	34.3	
sat-comp-2025	09cd83e233380d0ba1fc56cee88367b1-s38417	s38417	iscas	20100	50412	50412	117648	146132	790385	0.18489	0	da39a3ee5e6b		50412	20100	52098	0.5778	1771	34	False	4000	0.32	
sat-comp-2025	0a4880c0e882e6a4a31943522573c394-b19_1	b19_1	itc99	329172	927579	927579	2164349	2792552	17137654	0.16295	0	da39a3ee5e6b		200000	236554	303149	0.4611	66880	16	False	4000	3.38	
sat-comp-2025	0a8a4c28d27228e954354ea0a6e7f16c-sum_of_three_cubes_42_known_representation	sum_of_three_cubes_42_known_representation	sum-of-cubes	1055754	6040974	6040974	20185025	10227116	154067541	0.06638	0	da39a3ee5e6b		200000	400594	743327	0.6286	84421	400	True	4000	14.99	
sat-comp-2025	0aa22564d00e9716519918d84b25c4a7-sudoku-N30-12	sudoku-N30-12	sudoku	842008	2262677	2262677	5961451	4529752	45772291	0.09896	0	da39a3ee5e6b		200000	272048	583642	0.5576	59966	28	False	4000	6.82	
sat-comp-2025	0ae917c2e0c1d39cbe411c29b2f5ff08-dislog_a14_x14_n24	dislog_a14_x14_n24	singletons	22151	120226	120226	401572	256040	2640798	0.09696	0	da39a3ee5e6b		120226	22151	80421	0.768	668	66	False	4000	0.85	
sat-comp-2025	0c0430a68f147be18ab3fded07f30fdb-oddball_53_5_tto_zp.normalised	oddball_53_5_tto_zp.normalised	oddball	57176	20380344	20380344	65445540	5999740	450226624	0.01333	0	da39a3ee5e6b		200000	25070	218666	-0.3312	1755	400	True	4000	35.75	
sat-comp-2025	0c9bcbc815cf0f109b7aeef3fbffc42d-par32-2.shuffled-as.sat03-1534	par32-2.shuffled-as.sat03-1534	parity	3176	10253	10253	27405	57468	162107	0.35451	0	da39a3ee5e6b		10253	3176	7040	0.3864	178	85	False	3176	0.15	
sat-comp-2025	0ccb0f855352783a972be45188bf3164-SCPC-500-12	SCPC-500-12	scpc	500	15436	15436	87109	97928	385696	0.2539	0	da39a3ee5e6b		15436	500	94436	0.0	1	400	True	500	0.27	
sat-comp-2025	0d8779c22e2caa8d676723701e5a0347-pj2016_k100	pj2016_k100	pj	8826991	23073523	23073523	53838217	51795716	496185708	0.10439	0	da39a3ee5e6b		200000	414902	332161	0.5544	255734	1	False	4000	40.08	
sat-comp-2025	0dd928240a9559ab7e50d088e3f168ac-pj2002_k500	pj2002_k500	pj	44870622	116969319	116969319	272928407	267103932	2742370615	0.0974	0	da39a3ee5e6b		200000	443470	332448	0.5961	297575	1	False	4000	194.49	
sat-comp-2025	0e1d562093d5f4fc9013cf4a14a03f70-Break_12_50.xml	Break_12_50.xml	break-scheduling	14036	53685	53685	124697	111580	806746	0.13831	0	da39a3ee5e6b		53685	14035	83382	0.5364	745	400	True	4000	1.77	
sat-comp-2025	0e36fa2e12f32cde67937803299fb57b-6s268r_Iter94	6s268r_Iter94	hwmcc-iter	487508	1645009	1645009	4308343	5331380	34691186	0.15368	0	da39a3ee5e6b		200000	309560	443281	0.7404	80747	3	False	4000	5.42	
sat-comp-2025	0ec8c5e9084cbc8a326f8f37e1abf741-oddball_54_5_tto_zp.normalised	oddball_54_5_tto_zp.normalised	oddball	58983	21161364	21161364	67999306	5707648	467868909	0.0122	0	da39a3ee5e6b		200000	25351	219314	0.1612	1791	400	True	4000	36.32	
sat-comp-2025	0ed8c06438673f179985a79b9d6a9fe4-cfi-rigid-s2-0064-04-or_2_shuffle_all	cfi-rigid-s2-0064-04-or_2_shuffle_all	cfi-rigid	8192	15027328	15027328	30070784	62056920	191470778	0.32411	0	da39a3ee5e6b		200000	8192	200064	0.0	1	400	True	4000	29.68	
sat-comp-2025	0f269188707a1b2f309dd1c70bfe22b0-bp4_BC012_CSO_AM_IXA.normalised	bp4_BC012_CSO_AM_IXA.normalised	bp	93802	891227	891227	3277254	1343212	23150627	0.05802	0	da39a3ee5e6b		200000	81998	429181	0.5011	749	400	True	4000	5.2	
sat-comp-2025	110f8eb8b9b80204fe955ea0973bbb00-clqcl_30_7_6.normalised	clqcl_30_7_6.normalised	clqcl	825	25042	25042	71280	18288	382656	0.04779	0	da39a3ee5e6b		25042	825	36315	0.0	1	389	False	825	1.09	
sat-comp-2025	113e692e379518bc3277855277dcc1b8-oisc-subrv-sll-nested-8	oisc-subrv-sll-nested-8	oisc	3859779	13462874	13462874	36445030	23090092	313560938	0.07364	0	da39a3ee5e6b		200000	366983	477580	0.3813	94029	74	False	4000	25.84	
sat-comp-2025	115fa7f61704bc12b2373aa471bc434f-Circuit_multiplier24	Circuit_multiplier24	circuit-multiplier	1126	22166	22166	146567	153856	698101	0.22039	0	da39a3ee5e6b		22166	1106	17775	0.6344	25	125	False	1106	0.43	
sat-comp-2025	12820b981e6b199a1b1a8c896386a337-RoundRobin_n16_d14	RoundRobin_n16_d14	roundrobin	1680	34560	34560	70560	33340	444323	0.07504	0	da39a3ee5e6b		34560	1680	34440	0.6115	14	400	True	1680	0.53	
sat-comp-2025	1576e239e1c17939f24688a12fb10fae-6s299b685_Iter22	6s299b685_Iter22	hwmcc-iter	185840	761356	761356	2240216	2584500	16399235	0.1576	0	da39a3ee5e6b		200000	167549	474940	0.566	10596	51	False	4000	4.04	
sat-comp-2025	16564a6acba6b9fc887c447d4e507767-ER_400_20_7.apx_2_DS-ST	ER_400_20_7.apx_2_DS-ST	argumentation	802	48439	48439	112221	96208	588318	0.16353	0	da39a3ee5e6b		48439	802	64624	0.0	1	400	True	802	0.36	
sat-comp-2025	16c999d046885c8e51f196e60c34d966-aaai10-planning-ipc5-pathways-17-step20	aaai10-planning-ipc5-pathways-17-step20	planning	50277	283903	283903	636342	538464	4669946	0.1153	0	da39a3ee5e6b		200000	50220	277917	0.4917	3762	75	False	4000	1.74	
sat-comp-2025	16ff47a05b769ed6a04c7175cfc6da55-sqrt-mitern170	sqrt-mitern170	div-sqrt-miter	3486	15368	15368	44967	53936	261974	0.20588	0	da39a3ee5e6b		15368	3484	18800	0.5369	55	208	False	3484	0.87	
sat-comp-2025	1753a71fefceb0250a75e67b610050a0-GP_190_225_30	GP_190_225_30	gp	3246494	17993475	17993475	68223314	53792112	570446766	0.0943	0	da39a3ee5e6b		200000	576872	1137446	0.8262	98646	6	False	4000	41.82	
sat-comp-2025	1890f49a43a94b97828528b68c32b78e-homer11.shuffled	homer11.shuffled	homer	220	1122	1122	2420	4140	11880	0.34848	0	da39a3ee5e6b		1122	220	2090	0.4787	14	71	False	220	0.03	
sat-comp-2025	18d4124324b56e434118f9ef72198d84-spg_300_300	spg_300_300	spg	507004	2603816	2603816	8864332	7489328	69493970	0.10777	0	da39a3ee5e6b		200000	349541	738233	0.8262	55612	5	False	4000	8.78	
sat-comp-2025	19951d43eff5fc4ef6fd07d7a5324fa0-oddball_80_5_tto_zp.normalised	oddball_80_5_tto_zp.normalised	oddball	111361	46601974	46601974	149879188	11911460	1035739491	0.0115	0	da39a3ee5e6b		200000	34094	220024	0.1678	2409	400	True	4000	81.88	
sat-comp-2025	1a92907cdec0528583a8f49a818b406d-BubbleVsPancakeSort_8_4	BubbleVsPancakeSort_8_4	sort-equivalence	3013	11082	11082	31261	30096	178261	0.16883	0	da39a3ee5e6b		11082	3013	11231	0.7549	141	116	False	3013	0.19	
sat-comp-2025	1a936d41e3439d602c3ddcf96458a38c-arles_thres10_p10_r8185	arles_thres10_p10_r8185	arles	4487	16697	16697	79296	25020	386784	0.06469	0	da39a3ee5e6b		16697	4487	29510	0.0395	15	400	True	4000	2.15	
sat-comp-2025	1a9512580b2d946ebd41de4e8c08c42d-linked_list_swap_contents_safety_unwind50	linked_list_swap_contents_safety_unwind50	linked-list	1735931	18657713	18657713	53774629	16838760	460577617	0.03656	0	da39a3ee5e6b		200000	294505	387561	0.6311	111053	11	False	4000	33.11	
sat-comp-2025	1b3c7ac17705be94daaddb5f5ae4816b-rook-56-0-0	rook-56-0-0	chess-puzzles	181773	705257	705257	1937021	1274888	13675796	0.09322	0	da39a3ee5e6b		200000	164172	442776	0.595	8271	400	True	4000	4.48	
sat-comp-2025	1b84df53843ecd90ec8c3c7a01cada6c-ramsey_4_4_18.normalised	ramsey_4_4_18.normalised	ramsey	153	6120	6120	36720	11536	151575	0.07611	0	da39a3ee5e6b		6120	153	11628	0.0	1	152	False	153	0.09	
sat-comp-2025	1b8806812861df2b7e91dc316ad1ef80-oddball_52_5_tto_zp.normalised	oddball_52_5_tto_zp.normalised	oddball	55788	19615420	19615420	63024764	5186676	433374026	0.01197	0	da39a3ee5e6b		200000	24819	218846	0.1603	1776	400	True	4000	36.69	
sat-comp-2025	1b9f94befb5bc867c0e882f49973f793-bp4_BC012_AM_FPBEQ_ZR.normalised	bp4_BC012_AM_FPBEQ_ZR.normalised	bp	81661	709657	709657	2054494	1029756	14757075	0.06978	0	da39a3ee5e6b		200000	75152	350546	0.635	862	363	False	4000	5.65	
sat-comp-2025	1c21a43aa1ad437e4a7e4eb5b9cd45a1-9.normalised	9.normalised	anon-normalised	58633530	157745317	157745317	359816221	438414116	3652501462	0.12003	0	da39a3ee5e6b		200000	435812	318536	0.5807	303743	11	False	4000	291.25	
sat-comp-2025	1c30806c5aa9cd54bf823c20fa078243-oddball_26_5_ttf.normalised	oddball_26_5_ttf.normalised	oddball	15816	648098	648098	2421298	441708	14197030	0.03111	0	da39a3ee5e6b		200000	15363	227643	0.1167	495	400	True	4000	4.94	
sat-comp-2025	1d18837c0ced5c18a3a4693993e61728-SC25_Timetable_C_392_E_45_Cl_25_D_7_T_50.normalised	SC25_Timetable_C_392_E_45_Cl_25_D_7_T_50.normalised	timetable	213083	668213	668213	1783469	1134112	13457873	0.08427	0	da39a3ee5e6b		200000	166051	400657	0.6498	17852	22	False	4000	3.33	
sat-comp-2025	1d90be3e37a42432d281cf6c1b8eae4b-multiplier_16bits__miter_22	multiplier_16bits__miter_22	mult-miter-bits	5776	17202	17202	40114	42536	248458	0.1712	0	da39a3ee5e6b		17202	5776	15686	0.6859	585	65	False	4000	0.15	
sat-comp-2025	1e0d58c7e52319b3b17e343ec7ca6de5-QG7-gensys-icl006.sat05-3132.reshuffled-07	QG7-gensys-icl006.sat05-3132.reshuffled-07	gensys	728	17199	17199	75582	119692	363254	0.3295	0	da39a3ee5e6b		17199	728	44903	0.0	1	350	False	728	1.12	
sat-comp-2025	1e87463fee15de63143796fd92d88a58-crusti_g2io_175_0.2_511_32.normalised	crusti_g2io_175_0.2_511_32.normalised	crusti-g2io	268275	13007785	13007785	38486802	27869852	291501162	0.09561	0	da39a3ee5e6b		200000	197944	361842	0.4912	59258	31	False	4000	26.53	
sat-comp-2025	207ebdf62e5ce54c8b4ddeeb17843a56-hhyp_cec_multi_2	hhyp_cec_multi_2	singletons	194668	885166	885166	2670922	2912184	20668286	0.1409	0	da39a3ee5e6b		200000	175271	440615	0.5355	20072	135	False	4000	4.65	
sat-comp-2025	21415e807689ea75536e846a24623de1-clqcl_50_6_5.normalised	clqcl_50_6_5.normalised	clqcl	1775	51531	51531	146375	38868	905284	0.04293	0	da39a3ee5e6b		51531	1775	78425	0.0	1	400	True	1775	0.36	
sat-comp-2025	21b173943af57eefaac5e88bfa2662ad-shuffling-1-s1769330284-of-bench-sat04-422.used-as.sat04-561	shuffling-1-s1769330284-of-bench-sat04-422.used-as.sat04-561	shuffling-sat04	3084	26019	26019	57875	119472	349871	0.34147	0	da39a3ee5e6b		26019	3084	29920	0.6341	82	295	False	3084	4.97	
sat-comp-2025	2241a1fb5bdbac0c1a3c1980ed8b332d-crusti_g2io_225_0.1_31_25.normalised	crusti_g2io_225_0.1_31_25.normalised	crusti-g2io	20925	960801	960801	2840550	2177316	18329391	0.11879	0	da39a3ee5e6b		200000	20900	283258	0.7623	26	340	False	4000	7.94	
sat-comp-2025	22c8d6aa86d51e15ef5ab37479eda22b-xor_op_n40_d3	xor_op_n40_d3	xor-op	3120	477680	477680	2859840	774932	15669790	0.04945	0	da39a3ee5e6b		200000	3120	475536	0.2901	13	400	True	3120	5.28	
sat-comp-2025	22df1827e3253fc824cc7ce806d75e0a-x9-10070.sat.sanitized	x9-10070.sat.sanitized	x9	500	4496	4496	10192	9044	55783	0.16213	0	da39a3ee5e6b		4496	500	3296	0.2375	16	279	False	500	0.45	
sat-comp-2025	24075575c3dbd9e9eae948dd2241b029-UR-15-10p0	UR-15-10p0	singletons	199290	1005792	1005792	2392883	1190420	18951334	0.06281	0	da39a3ee5e6b		200000	164122	394550	0.6777	26748	8	False	4000	3.77	
sat-comp-2025	2412325e3c099453b99c87864477363c-arles_thres20_p10_r7340	arles_thres20_p10_r7340	arles	2320	8620	8620	31344	12596	156467	0.0805	0	da39a3ee5e6b		8620	2320	15376	0.4169	24	400	True	2320	1.34	
sat-comp-2025	24bde22f729a988fb2394b644cb60d39-SC25_Timetable_C_481_E_49_Cl_32_D_7_T_58.normalised	SC25_Timetable_C_481_E_49_Cl_32_D_7_T_58.normalised	timetable	292405	937503	937503	2505615	1540072	19192534	0.08024	0	da39a3ee5e6b		200000	193493	419998	0.6393	29817	13	False	4000	3.99	
sat-comp-2025	25390e9d1fa1926485db7eb2d5a20ea8-ITC2021_Late_10.xml	ITC2021_Late_10.xml	itc2021	246492	770862	770862	1869373	1467592	14076933	0.10426	0	da39a3ee5e6b		200000	189084	355405	0.478	40843	393	False	4000	6.35	
sat-comp-2025	27570c6780aaade3dc771c6a12534fb8-reconf10_22_queen20_3_8667	reconf10_22_queen20_3_8667	reconf	120036	704717	704717	1869288	886552	13567854	0.06534	0	da39a3ee5e6b		200000	90646	297567	0.0325	13257	400	True	4000	4.11	
sat-comp-2025	27cb3a6ca772613c5998d7f78a55ba45-bp4_AM_IXA_FPBLE.normalised	bp4_AM_IXA_FPBLE.normalised	bp	97619	826126	826126	2391746	1222784	17143645	0.07133	0	da39a3ee5e6b		200000	86625	378176	0.6291	957	358	False	4000	6.22	
sat-comp-2025	28eeb2beac7005a9afa98e4d3aaca621-oski15a01b40s_opt	oski15a01b40s_opt	oski	489124	1553818	1553818	3896134	4255900	31120473	0.13676	0	da39a3ee5e6b		200000	286723	371568	0.6249	83100	18	False	4000	5.11	
sat-comp-2025	2925ee90763e08b2f7e79c7c713c86b9-at-least-two-ibm-2004-23-k100	at-least-two-ibm-2004-23-k100	at-least-two	622818	2552775	2552775	7060450	3484812	56068710	0.06215	0	da39a3ee5e6b		200000	313248	512741	0.8086	71266	13	False	4000	7.39	
sat-comp-2025	292bedf65cee7cc38fe8b2725eb50868-cliquecoloring_n32_k5_c4	cliquecoloring_n32_k5_c4	clique-coloring	784	14933	14933	41984	12204	227002	0.05376	0	da39a3ee5e6b		14933	784	23824	0.0	1	287	False	784	0.49	
sat-comp-2025	296fd43ed40e242875984420f29be73f-oddball_24_5_ttf.normalised	oddball_24_5_ttf.normalised	oddball	14240	552424	552424	2058052	431624	11969310	0.03606	0	da39a3ee5e6b		200000	13940	224655	0.0649	466	400	True	4000	5.6	
sat-comp-2025	29b573e0f7b922c4bd0a675db005265f-b18	b18	itc99	167755	473169	473169	1104059	1398904	8401286	0.16651	0	da39a3ee5e6b		200000	155939	275652	0.4494	24235	31	False	4000	2.61	
sat-comp-2025	29b7d5a498eff7a98fcd03a273eaeba3-Kakuro-easy-132-ext.xml.hg_8	Kakuro-easy-132-ext.xml.hg_8	kakuro	209926	23123302	23123302	81792640	25953012	577233556	0.04496	0	da39a3ee5e6b		200000	92735	846671	0.2551	2177	400	True	4000	48.45	
sat-comp-2025	2b4467a5ac4ac41b36d4c3432b07f767-oddball_69_5_tto_zp.normalised	oddball_69_5_tto_zp.normalised	oddball	86717	34629303	34629303	111288691	10264652	768121403	0.01336	0	da39a3ee5e6b		200000	30623	219370	0.164	2204	400	True	4000	62.13	
sat-comp-2025	2bdfcf23ac1829912a408402a540972a-1-ET-256-K-65.sanitized	1-ET-256-K-65.sanitized	et-tc	15072	456502	456502	1011136	223860	6924856	0.03233	0	da39a3ee5e6b		200000	15068	216909	0.8405	225	119	False	4000	2.33	
sat-comp-2025	2c8eb0402be32cf281e23f00d5a16259-oski15a01b45s_opt	oski15a01b45s_opt	oski	488712	1552964	1552964	3894688	4269744	31094496	0.13732	0	da39a3ee5e6b		200000	286383	370523	0.624	82745	14	False	4000	5.07	
sat-comp-2025	2d0c041c0fe72dc32527bfbf34f63e61-170223547	170223547	anon-id	322	1127	1127	3381	6236	16364	0.38108	0	da39a3ee5e6b		1127	322	3381	0.0	1	235	False	322	0.2	
sat-comp-2025	2de9b79919882078aea76f297fc923e5-case11.normalised	case11.normalised	case	760	43648	43648	87978	72304	514557	0.14052	0	da39a3ee5e6b		43648	760	43610	0.0	1	400	True	760	0.34	
sat-comp-2025	2e058841373f34cc47d8dec927fd1796-blocks-blocks-36-0.150-NOTKNOWN	blocks-blocks-36-0.150-NOTKNOWN	planning	611755	10974540	10974540	23924040	16286300	204755490	0.07954	0	da39a3ee5e6b		200000	224367	240577	0.2139	80560	11	False	4000	19.61	
sat-comp-2025	30f64b3b0870ce5d22d4217782224dfe-lockchart-group1-L200-K289-p8d4j1.normalised	lockchart-group1-L200-K289-p8d4j1.normalised	lockchart	1865216	3758722	3758722	9251668	3171956	73904003	0.04292	0	da39a3ee5e6b		200000	235648	395697	0.4723	33346	5	False	4000	8.42	
sat-comp-2025	3197b65ef50328394a0c9e73281d7122-b20_1	b20_1	itc99	21782	60747	60747	141741	174992	963449	0.18163	0	da39a3ee5e6b		60747	21782	60212	0.5975	1649	36	False	4000	0.4	
sat-comp-2025	31e843c53a76ff3961935ad55b953298-sqrt-mitern171	sqrt-mitern171	div-sqrt-miter	3041	13408	13408	39236	47156	227055	0.20769	0	da39a3ee5e6b		13408	3039	16453	0.588	51	191	False	3039	0.71	
sat-comp-2025	321732c1a401ff109b2f2b447e3dbe5e-16_16_booth_wallace_mapped_and_default_origin_bit28	16_16_booth_wallace_mapped_and_default_origin_bit28	multiplier-16x16	2967	9634	9634	24690	28548	142623	0.20016	0	da39a3ee5e6b		9634	2967	8122	0.4075	385	84	False	2967	0.14	
sat-comp-2025	334aa882de28856fc8c75885285d2a3c-HCP-446-105	HCP-446-105	hcp	29934	247657	247657	836998	552044	5723473	0.09645	0	da39a3ee5e6b		200000	29933	258517	0.7166	668	138	False	4000	2.09	
sat-comp-2025	35748015c5f16c9ee7e4d1894af497a0-oski15a01b39s_opt	oski15a01b39s_opt	oski	488195	1551752	1551752	3891854	4267368	31080398	0.1373	0	da39a3ee5e6b		200000	286972	373364	0.629	82155	16	False	4000	5.06	
sat-comp-2025	35b9091b90bd28a492c9556d6fc4348d-bp4_TCO_CSO_ZR.normalised	bp4_TCO_CSO_ZR.normalised	bp	77553	751275	751275	2685986	1097532	19034781	0.05766	0	da39a3ee5e6b		200000	70686	391203	0.5625	687	400	True	4000	5.11	
sat-comp-2025	35ec95b9b2398fb522db178855016ae0-MVRoundRobin_n14_d10_v2	MVRoundRobin_n14_d10_v2	roundrobin	3640	127491	127491	256620	71708	1669102	0.04296	0	da39a3ee5e6b		127491	1820	110110	0.7252	18	400	True	1820	1.74	
sat-comp-2025	3619135ee5865be0a107449fb31defd9-arles_thres20_p10_r7475	arles_thres20_p10_r7475	arles	2320	8620	8620	31380	11908	156598	0.07604	0	da39a3ee5e6b		8620	2320	15355	0.0215	5	400	True	2320	1.33	
sat-comp-2025	362d153b4162127bc42796180110f483-Carry_Bits_Fast_19.cnf	Carry_Bits_Fast_19.cnf	bits-fast	5892	23367	23367	69967	48056	406992	0.11808	0	da39a3ee5e6b		23367	5892	15541	0.3734	1065	61	False	4000	0.17	
sat-comp-2025	36ba44cf208034e2c8e84a1971b9bfd4-connm-ue-csp-sat-n1200-d-0.02-s405595518.shuffled-as.sat05-531	connm-ue-csp-sat-n1200-d-0.02-s405595518.shuffled-as.sat05-531	connm-csp	1124	13289	13289	40148	69424	208052	0.33369	0	da39a3ee5e6b		13289	1124	14678	0.4658	52	339	False	1124	0.98	
sat-comp-2025	3746303c659ef65aaa78f3b52cd5de49-6s299b685_Iter30	6s299b685_Iter30	hwmcc-iter	1716742	5869991	5869991	16197845	17227572	137357065	0.12542	0	da39a3ee5e6b		200000	402441	515506	0.6932	138852	45	False	4000	14.49	
sat-comp-2025	389bb0a8f3568f4bd0e71771df9093c5-BubbleVsPancakeSort_7_6	BubbleVsPancakeSort_7_6	sort-equivalence	3492	13481	13481	39195	35288	222371	0.15869	0	da39a3ee5e6b		13481	3492	13677	0.7238	150	124	False	3492	0.26	
sat-comp-2025	395829127ec213c2e69a6a13dda3623b-lockchart-group2-rnd0.3-L19-K38-P8D4J1_1.normalised	lockchart-group2-rnd0.3-L19-K38-P8D4J1_1.normalised	lockchart	24896	43903	43903	109912	55956	696520	0.08034	0	da39a3ee5e6b		43903	17792	91938	0.6283	1303	400	True	4000	1.88	
sat-comp-2025	3a1f1b4b9a521737cc760017fe9d8b43-MVRoundRobin_n16_d10_v3	MVRoundRobin_n16_d10_v3	roundrobin	7200	372720	372720	748800	135184	5039346	0.02683	0	da39a3ee5e6b		200000	3600	188270	0.6593	28	400	True	3600	7.62	
sat-comp-2025	3b5d7ec347010e177bfa04b298fc75cf-nla-digbench-scaling_dijkstra-u_valuebound1_transition	nla-digbench-scaling_dijkstra-u_valuebound1_transition	hwmc-step-transition	172500	574910	574910	1501948	1331460	11293076	0.1179	0	da39a3ee5e6b		200000	163511	298493	0.5628	23842	117	False	4000	2.79	
sat-comp-2025	3bfa92996634d2ddc6c0568bba9a0f99-case6.normalised	case6.normalised	case	600	5401	5401	12244	10708	67364	0.15896	0	da39a3ee5e6b		5401	600	3962	0.4125	44	333	False	600	0.78	
sat-comp-2025	3c0db78733bb05b9d1e9d7627b2e8f38-rook-52-0-1	rook-52-0-1	chess-puzzles	145909	564869	564869	1553845	965436	10784408	0.08952	0	da39a3ee5e6b		200000	138752	429286	0.6602	4440	400	True	4000	3.85	
sat-comp-2025	3c129545f090ef08b6ef89a2903ff83e-oski15a01b09s_opt	oski15a01b09s_opt	oski	489104	1554450	1554450	3899108	4259652	31143487	0.13678	0	da39a3ee5e6b		200000	286576	371771	0.6199	82644	14	False	4000	4.95	
sat-comp-2025	3cda1cbfbcabfc71ece7961d4d6ad1bb-lockchart-group2-rnd0.3-L19-K38-P8D4J1_3	lockchart-group2-rnd0.3-L19-K38-P8D4J1_3	lockchart	24928	44398	44398	110872	56936	704224	0.08085	0	da39a3ee5e6b		44398	18272	92128	0.5181	1799	400	True	4000	2.13	
sat-comp-2025	3ec81fcaac5a1da8a6ca4da0b9d8eb02-gm16spctrc	gm16spctrc	gm-sparrc	52092	312356	312356	937095	774476	5861787	0.13212	0	da39a3ee5e6b		200000	52091	244668	0.5656	45	58	False	4000	2.0	
sat-comp-2025	3ef7fa06c6380f12cfe2970873da6fb1-grs-64-48	grs-64-48	grs	87738	256580	256580	688484	507540	4918989	0.10318	0	da39a3ee5e6b		200000	87717	204477	0.6166	6620	4	False	4000	1.72	
sat-comp-2025	3f67f6767764855e516e5394be1145e5-gto_p60c238-sc2018	gto_p60c238-sc2018	singletons	1043	3649	3649	8741	12560	45932	0.27345	0	da39a3ee5e6b		3649	750	6747	0.1052	26	184	False	750	0.17	
sat-comp-2025	416e33a8463911546e4cd87d282a7e1e-case10	case10	case	600	5405	5405	12251	10764	67488	0.1595	0	da39a3ee5e6b		5405	600	3966	0.3999	44	335	False	600	0.78	
sat-comp-2025	418b8aa42088cb0b1d85014dfa285b25-16_16_booth_wallace_origin_and_and_dadda_mapped_bit28	16_16_booth_wallace_origin_and_and_dadda_mapped_bit28	multiplier-16x16	2754	9111	9111	23779	26652	135602	0.19655	0	da39a3ee5e6b		9111	2754	7585	0.4135	427	81	False	2754	0.14	
sat-comp-2025	41915707d831e1365389d3cc47c7953f-oddball_51_5_tto_zp.normalised	oddball_51_5_tto_zp.normalised	oddball	53521	18863213	18863213	60566811	5233320	416394138	0.01257	0	da39a3ee5e6b		200000	24451	218627	-0.3302	1759	400	True	4000	34.53	
sat-comp-2025	41d14756a06872844577fc0abddb58aa-tseitin_d3_n100000	tseitin_d3_n100000	tseitin	150000	400000	400000	1200000	1236744	8911180	0.13879	0	da39a3ee5e6b		200000	149436	281562	0.6165	17453	2	False	4000	2.54	
sat-comp-2025	41f507717c7c4553d23cd0cd1fc40104-1-ET-512-K-120.sanitized	1-ET-512-K-120.sanitized	et-tc	55324	2897892	2897892	6162414	1159084	46818392	0.02476	0	da39a3ee5e6b		200000	52037	237895	0.8706	506	47	False	4000	9.09	
sat-comp-2025	42f1311ce504db8cc0cb590a568da20a-tseitin_n188_d3	tseitin_n188_d3	tseitin	282	752	752	2256	2372	10806	0.21951	0	da39a3ee5e6b		752	282	564	0.5579	27	49	False	282	0.03	
sat-comp-2025	42fdd4f4c27fd03267afd82490cb59a4-GP_100_1000_10	GP_100_1000_10	gp	7508293	41639781	41639781	157969022	122941800	1380236733	0.08907	0	da39a3ee5e6b		200000	625879	1158944	0.8445	119137	11	False	4000	98.84	
sat-comp-2025	43687a48fb119ca61b47c2fc69a71e7d-manthey_single-ordered-initialized-w42-b8	manthey_single-ordered-initialized-w42-b8	manthey	9072	73350	73350	211830	91920	1129517	0.08138	0	da39a3ee5e6b		73350	9072	101668	0.3986	1029	400	True	4000	2.09	
sat-comp-2025	43ebdada6f6153b50a140ba908d5bf44-oddball_67_5_tto_zp.normalised	oddball_67_5_tto_zp.normalised	oddball	82222	32642017	32642017	104895713	9812008	723788543	0.01356	0	da39a3ee5e6b		200000	29785	219167	0.1613	2105	400	True	4000	59.24	
sat-comp-2025	43fbacb24ea30054dece1de179c4ca7e-ER_400_20_7.apx_1_DS-ST	ER_400_20_7.apx_1_DS-ST	argumentation	802	48439	48439	112221	96204	588318	0.16352	0	da39a3ee5e6b		48439	802	64624	0.0	1	400	True	802	0.38	
sat-comp-2025	45742d067cc851edc1201d8a02586eac-mchess_20	mchess_20	chess-puzzles	760	2556	2556	5824	5432	31950	0.17002	0	da39a3ee5e6b		2556	756	2154	0.6836	43	46	False	756	0.04	
sat-comp-2025	46355da785714f239393e7630020cae3-REGRandom-K4-L1-Seed40.sanitized	REGRandom-K4-L1-Seed40.sanitized	regrandom	4608	825728	825728	3047680	512584	18456295	0.02777	0	da39a3ee5e6b		200000	4604	224415	-0.0658	78	400	True	4000	9.19	
sat-comp-2025	465795fa2641c616ce76de8501672a19-VanDerWaerden_pd_2-3-27_663	VanDerWaerden_pd_2-3-27_663	vdw	332	58170	58170	261860	85420	1206002	0.07083	0	da39a3ee5e6b		58170	332	54897	0.0	1	330	False	332	0.83	
sat-comp-2025	465c7f101b2d24de63f6a6f544faa9ee-crusti_g2io_175_0.2_511_10.normalised	crusti_g2io_175_0.2_511_10.normalised	crusti-g2io	268275	13006015	13006015	38481492	27865276	291458885	0.09561	0	da39a3ee5e6b		200000	198118	363806	0.4948	58960	25	False	4000	26.34	
sat-comp-2025	46a8727e27d848faafd83a990c2e01a7-case8.normalised	case8.normalised	case	15222	18687	18687	56063	68952	360371	0.19134	0	da39a3ee5e6b		18687	3801	28036	0.2433	93	400	True	3801	0.87	
sat-comp-2025	474e9594ec7885cb1bebf66073eb2de2-fsf-300-354-2-2-3-2.35.opt	fsf-300-354-2-2-3-2.35.opt	fsf	3486	8496	8496	28320	47708	156850	0.30416	0	da39a3ee5e6b		8496	3486	23721	0.0	1	290	False	3486	0.5	
sat-comp-2025	4761df10c93b58dc5985ca8a43c959cf-arles_thres10_p10_r8188	arles_thres10_p10_r8188	arles	4487	16697	16697	79302	23240	386808	0.06008	0	da39a3ee5e6b		16697	4487	29523	0.4269	64	400	True	4000	2.17	
sat-comp-2025	47f5872181a581dff34eb33123fe3242-b17	b17	itc99	58528	162579	162579	379349	478684	2688749	0.17803	0	da39a3ee5e6b		162579	58528	163686	0.5614	4438	116	False	4000	1.21	
sat-comp-2025	482295be38dc1d63a16f3cf649ef7ef6-myciel6-cn.used-as.sat04-319	myciel6-cn.used-as.sat04-319	dimacs-coloring	2550	9915	9915	29638	19348	149976	0.12901	0	da39a3ee5e6b		9915	2550	9153	0.1903	89	107	False	2550	0.12	
sat-comp-2025	4ba2c1aa580b6497df6baf5e7e2c87be-at-least-two-vmpc_28	at-least-two-vmpc_28	at-least-two	2352	219297	219297	576632	314252	3354864	0.09367	0	da39a3ee5e6b		200000	2352	160314	0.4904	4	400	True	2352	1.73	
sat-comp-2025	4c037368864330bff3940837ac28ac14-lockchart-group2-rnd0.3-L18-K36-P8D4J1	lockchart-group2-rnd0.3-L18-K36-P8D4J1	lockchart	22464	39294	39294	98448	50352	618093	0.08146	0	da39a3ee5e6b		39294	15744	81716	0.7354	773	400	True	4000	1.96	
sat-comp-2025	4c3001f8073986116d98084dde70da05-fsf-300-354-2-2-3-2.9.opt	fsf-300-354-2-2-3-2.9.opt	fsf	3486	8496	8496	28320	47528	156855	0.30301	0	da39a3ee5e6b		8496	3486	23723	0.0011	9	292	False	3486	0.5	
sat-comp-2025	4c7e09f077026b9ee3900bfed6825fbb-Ptn-7824-b19	Ptn-7824-b19	singletons	3687	13621	13621	39988	62960	230157	0.27355	0	da39a3ee5e6b		13621	3687	19994	0.0286	12	400	True	3687	0.58	
sat-comp-2025	4cf3505e5183c26bbd97d89fdaa93f8c-oddball_26_4_ttf.normalised	oddball_26_4_ttf.normalised	oddball	8966	195254	195254	713402	199784	4135363	0.04831	0	da39a3ee5e6b		195254	8966	209945	0.1507	360	400	True	4000	8.05	
sat-comp-2025	4d6e18e506b7e62d3f32cc775219be24-GP_100_951_33	GP_100_951_33	gp	7298456	40703521	40703521	154706815	121069508	1349576382	0.08971	0	da39a3ee5e6b		200000	628979	1163180	0.8447	120873	10	False	4000	92.85	
sat-comp-2025	4e3195a382f5af213444736fcc8b364f-case1.normalised	case1.normalised	case	21888	253852	253852	878096	1345108	5613993	0.2396	0	da39a3ee5e6b		200000	21878	403064	0.8123	232	292	False	4000	4.22	
sat-comp-2025	4f4d22ce7643079412975a662e9363fd-xor_op_n38_d3	xor_op_n38_d3	xor-op	2812	408044	408044	2442640	656736	13289014	0.04942	0	da39a3ee5e6b		200000	2812	408138	0.2901	12	400	True	2812	4.77	
sat-comp-2025	50519e9e964f30dc34992f0348bd7005-arles_thres10_p10_r8142	arles_thres10_p10_r8142	arles	4487	16697	16697	79224	24488	386507	0.06336	0	da39a3ee5e6b		16697	4487	29563	0.448	64	400	True	4000	2.18	
sat-comp-2025	51482a5b06b055edfdca576d654ce191-bob12s09-opt	bob12s09-opt	hwmcc-bob	51108	152338	152338	355454	414416	2505718	0.16539	0	da39a3ee5e6b		152338	51108	147363	0.5887	2425	130	False	4000	1.05	
sat-comp-2025	5246b7b99ba005af421d86299f7d26d0-b15	b15	itc99	18696	51951	51951	121217	153228	806699	0.18994	0	da39a3ee5e6b		51951	18696	52338	0.5312	1422	193	False	4000	0.73	
sat-comp-2025	526caead2f3c84c2918a2fc775dc3e97-ramsey_3_7_23.normalised	ramsey_3_7_23.normalised	ramsey	253	246928	246928	5153610	656788	24056650	0.0273	0	da39a3ee5e6b		200000	253	27250	0.0	1	198	False	253	7.12	
sat-comp-2025	5314fd6ccb53b6f6af49a594ea68a273-oski15a01b15s_opt	oski15a01b15s_opt	oski	488843	1553935	1553935	3898053	4260628	31128561	0.13687	0	da39a3ee5e6b		200000	286344	370294	0.6214	82626	17	False	4000	5.08	
sat-comp-2025	533017e0f42d8246c7ae140313a84161-baseballcover12with25_and5positions	baseballcover12with25_and5positions	baseballcover	3563274	7126450	7126450	17775460	6332640	147994146	0.04279	0	da39a3ee5e6b		200000	388689	397540	0.4796	184924	1	False	4000	14.67	
sat-comp-2025	539a1f4e4f7a95ab0ac55df50445cceb-multiplier_15bits__miter_23	multiplier_15bits__miter_23	mult-miter-bits	5052	15038	15038	35066	37112	216246	0.17162	0	da39a3ee5e6b		15038	5052	13708	0.6897	519	66	False	4000	0.14	
sat-comp-2025	53c21f3e78f060883026b5a12ba691d8-maximum_constrained_partition_14_bits_n200	maximum_constrained_partition_14_bits_n200	singletons	30252	123402	123402	373089	243000	2547977	0.09537	0	da39a3ee5e6b		123402	30231	76028	0.6506	2631	18	False	4000	0.71	
sat-comp-2025	53e347648553a2f2223614d3b4a07a4b-RoundRobin_n17_d15	RoundRobin_n17_d15	roundrobin	2040	45016	45016	91800	41036	588994	0.06967	0	da39a3ee5e6b		45016	2040	44880	0.6152	15	400	True	2040	0.66	
sat-comp-2025	546f8e069aa450002a30c9c47538fe95-intel047_Iter78	intel047_Iter78	hwmcc-iter	147004	467279	467279	1293613	1498420	9701065	0.15446	0	da39a3ee5e6b		200000	142271	403034	0.6805	10620	6	False	4000	2.9	
sat-comp-2025	54d496c14fd2461642ef6be5341b297b-hwmcc17miters-xits-iso-6s163.sanitized	hwmcc17miters-xits-iso-6s163.sanitized	xits-miters	1565652	5591569	5591569	16016337	13545816	128623525	0.10531	0	da39a3ee5e6b		200000	354618	520429	0.3933	55533	35	False	4000	13.44	
sat-comp-2025	557d7d4db5399188f62bc39598c6d868-mp1-Nb7T46	mp1-Nb7T46	mp1	57935	229320	229320	629356	345012	4489927	0.07684	0	da39a3ee5e6b		200000	57935	181185	0.3988	4766	32	False	4000	1.47	
sat-comp-2025	56913ff910c49dd5010653720970d944-grs-32-64	grs-32-64	grs	90662	262100	262100	704212	526312	5015324	0.10494	0	da39a3ee5e6b		200000	90618	209550	0.6232	6726	3	False	4000	1.6	
sat-comp-2025	57b478982ee9aba245ba792452b18fe3-VanDerWaerden_pd_2-3-22_462	VanDerWaerden_pd_2-3-22_462	vdw	231	28738	28738	129678	53100	582430	0.09117	0	da39a3ee5e6b		28738	231	26543	0.0	1	229	False	231	0.29	
sat-comp-2025	5831f35622f3e6c666f0cee6cac60e4c-s38584	s38584	iscas	28044	71346	71346	166706	216932	1112287	0.19503	0	da39a3ee5e6b		71346	28044	74410	0.3748	1150	63	False	4000	0.48	
sat-comp-2025	5911653e4edadec391654c8f06353f9a-oski15a01b06s_opt	oski15a01b06s_opt	oski	488590	1551330	1551330	3889794	4258244	31067164	0.13707	0	da39a3ee5e6b		200000	286722	372503	0.6223	82713	17	False	4000	5.07	
sat-comp-2025	59825ed96dc3bbdbd8789a4870b323ec-hcp_CP18_18	hcp_CP18_18	hcp	122472	442903	442903	1204381	2193708	9559330	0.22948	0	da39a3ee5e6b		200000	91891	243212	0.2101	17516	400	True	4000	4.4	
sat-comp-2025	59fc779feee4390b57502814d424e0d6-jgiraldezlevy.2200.9086.08.40.149-sr2015	jgiraldezlevy.2200.9086.08.40.149-sr2015	singletons	2200	9086	9086	27258	53588	154497	0.34685	0	da39a3ee5e6b		9086	2200	23499	0.7727	40	400	True	2200	0.6	
sat-comp-2025	5aed29ce52192a55ffbd2a6f340017e7-oisc-subrv-and-nested-12	oisc-subrv-and-nested-12	oisc	8320254	28922190	28922190	78062258	46209152	680404045	0.06791	0	da39a3ee5e6b		200000	382857	477366	0.4219	100660	57	False	4000	55.95	
sat-comp-2025	5c24cfeff639fefdead9a5641f65fa22-c7552	c7552	iscas	4004	11076	11076	25844	31088	156408	0.19876	0	da39a3ee5e6b		11076	4004	10492	0.6403	305	178	False	4000	0.32	
sat-comp-2025	5c29ccca91235475f762f4b106f804f2-SGI_30_60_20_50_3-dir.shuffled-as.sat03-114	SGI_30_60_20_50_3-dir.shuffled-as.sat03-114	sgi	600	49070	49070	98700	158040	525241	0.30089	0	da39a3ee5e6b		49070	600	49050	0.0	1	400	True	600	0.26	
sat-comp-2025	5c47810953b22baa5f6f45585430fc77-oski15a01b20s_opt	oski15a01b20s_opt	oski	488500	1550302	1550302	3886926	4265208	31043988	0.13739	0	da39a3ee5e6b		200000	286471	370771	0.6207	82732	13	False	4000	5.07	
sat-comp-2025	5c8f4e54e195d46053b04e232a5661c4-case7.normalised	case7.normalised	case	600	5398	5398	12237	10680	67374	0.15852	0	da39a3ee5e6b		5398	600	3959	0.3042	19	329	False	600	0.75	
sat-comp-2025	5ceb95f5960efe1f23c3014847dea118-pj2009_k80	pj2009_k80	pj	3107244	8545762	8545762	19940104	19096368	178083136	0.10723	0	da39a3ee5e6b		200000	397489	329268	0.5519	232041	2	False	4000	17.36	
sat-comp-2025	5d62e4d7ab116c477c8d4f5bd36907de-lockchart-group2-rnd0.3-L19-K38-P8D4J1_2	lockchart-group2-rnd0.3-L19-K38-P8D4J1_2	lockchart	24928	44365	44365	110808	55824	704155	0.07928	0	da39a3ee5e6b		44365	18240	93022	0.583	1530	400	True	4000	1.66	
sat-comp-2025	5d7bc1fb0f3269d88f732d3fb81abe59-16_16_booth_wallace_origin_and_default_mapped_bit29	16_16_booth_wallace_origin_and_default_mapped_bit29	multiplier-16x16	2803	9267	9267	24167	26968	137806	0.1957	0	da39a3ee5e6b		9267	2803	7722	0.3499	437	80	False	2803	0.14	
sat-comp-2025	5dbe7b31f9b8d8e56045493439adb949-bp4_CSO_IXA_ZR.normalised	bp4_CSO_IXA_ZR.normalised	bp	77643	752015	752015	2688856	1101644	19055176	0.05781	0	da39a3ee5e6b		200000	70768	389307	0.4593	683	400	True	4000	4.46	
sat-comp-2025	5e933a625099cc1ec6a8299a7848a2ae-Kakuro-easy-112-ext.xml.hg_7	Kakuro-easy-112-ext.xml.hg_7	kakuro	187839	19620011	19620011	69507616	19995748	489556739	0.04084	0	da39a3ee5e6b		200000	84778	843125	0.2151	2262	400	True	4000	41.82	
sat-comp-2025	5ff5e9d5aab95667d3d2bd50e1e6792a-b21	b21	itc99	26076	73629	73629	171799	211420	1182893	0.17873	0	da39a3ee5e6b		73629	26076	72778	0.5704	1907	45	False	4000	0.5	
sat-comp-2025	602c8a200227ab9d64d855164d35b5cf-Break_12_30.xml	Break_12_30.xml	break-scheduling	13492	52370	52370	121292	110240	781500	0.14106	0	da39a3ee5e6b		52370	13491	80437	0.5551	634	400	True	4000	1.7	
sat-comp-2025	60e39615d3af069932865a28b1bf6330-16_16_booth_dadda_mapped_and_and_wallace_mapped_bit28	16_16_booth_dadda_mapped_and_and_wallace_mapped_bit28	multiplier-16x16	3124	10065	10065	25589	29520	148551	0.19872	0	da39a3ee5e6b		10065	3124	8583	0.4075	395	73	False	3124	0.16	
sat-comp-2025	6147e666b75f603a4c4490d21ab654cd-hid-uns-enc-6-1-0-0-0-0-14492	hid-uns-enc-6-1-0-0-0-0-14492	singletons	1908	6232	6232	26564	17636	133428	0.13218	0	da39a3ee5e6b		6232	1908	23108	0.6668	12	400	True	1908	0.81	
sat-comp-2025	619e9e0d70c78c97b0516afedf086fee-20.normalised	20.normalised	anon-normalised	5838180	15700117	15700117	35809471	43323268	327761283	0.13218	0	da39a3ee5e6b		200000	413599	317429	0.5637	269740	11	False	4000	30.45	
sat-comp-2025	6415a71364351c0a521fdee510bc2589-18.normalised	18.normalised	anon-normalised	15224020	40952597	40952597	93410671	112876788	897895861	0.12571	0	da39a3ee5e6b		200000	426487	318318	0.5678	289373	11	False	4000	77.14	
sat-comp-2025	64cb3656e0c03b3db7033ee9b987f280-em_8_4_5_cmp	em_8_4_5_cmp	em	2420	22340	22340	74788	52008	442762	0.11746	0	da39a3ee5e6b		22340	2420	30584	0.5991	69	225	False	2420	0.99	
sat-comp-2025	65f7145996bbec02b90bd0fa64a20502-test_v7_r12_vr10_c1_s18160.smt2-stp212	test_v7_r12_vr10_c1_s18160.smt2-stp212	smt2	314295	1258524	1258524	3778033	3844160	29699055	0.12944	0	da39a3ee5e6b		200000	250340	512091	0.6566	29924	12	False	4000	5.3	
sat-comp-2025	663bb5659e42c2c75f74354f48895302-SCPC-500-13	SCPC-500-13	scpc	500	15618	15618	85690	94960	380553	0.24953	0	da39a3ee5e6b		15618	500	94130	0.0	1	400	True	500	0.28	
sat-comp-2025	674affb219c049cdbff1b65a6b7bedcc-crusti_g2io_250_0.2_255_18.normalised	crusti_g2io_250_0.2_255_18.normalised	crusti-g2io	191250	13083853	13083853	38869056	27529388	288923082	0.09528	0	da39a3ee5e6b		200000	158182	315784	0.4373	37495	36	False	4000	26.16	
sat-comp-2025	67aa1a256f92020dccdf66b235de3986-jkkk-one-one-10-34-sat	jkkk-one-one-10-34-sat	jkkk	11607	73804	73804	205832	134216	1326903	0.10115	0	da39a3ee5e6b		73804	11607	98279	0.4496	642	140	False	4000	0.95	
sat-comp-2025	6832fe907740af686fde98518067ea3f-velev-pipe-sat-1.0-b7	velev-pipe-sat-1.0-b7	velev-pipe	118040	8804672	8804672	26208080	4351888	170140147	0.02558	0	da39a3ee5e6b		200000	82051	263726	0.1774	5019	400	True	4000	17.89	
sat-comp-2025	68e33d998466bbdd4bfb7249a5790e4f-arles_thres10_p10_r8180	arles_thres10_p10_r8180	arles	4487	16697	16697	79288	24976	386753	0.06458	0	da39a3ee5e6b		16697	4487	29510	0.0395	15	400	True	4000	2.13	
sat-comp-2025	695d8f6a2ee6e89e5a4f5d94abc3aca6-x9-07092.sat.sanitized	x9-07092.sat.sanitized	x9	350	3147	3147	7134	6628	38353	0.17282	0	da39a3ee5e6b		3147	350	2307	0.4035	16	190	False	350	0.16	
sat-comp-2025	69ad7473757d30d55fabab7882268483-BubbleVsPancakeSort_9_4	BubbleVsPancakeSort_9_4	sort-equivalence	4195	15477	15477	43617	41516	253230	0.16395	0	da39a3ee5e6b		15477	4195	15680	0.7748	181	119	False	4000	0.3	
sat-comp-2025	69ed23c545d2a48f735f2187d919a5dd-crusti_g2io_250_0.2_255_31.normalised	crusti_g2io_250_0.2_255_31.normalised	crusti-g2io	191250	13083597	13083597	38868288	27516376	288917934	0.09524	0	da39a3ee5e6b		200000	158306	311154	0.4279	37840	38	False	4000	26.27	
sat-comp-2025	69f6dd335626a9b71bfc6f2332f52b9d-Break_04_04.xml	Break_04_04.xml	break-scheduling	227	1106	1106	2573	2652	12237	0.21672	0	da39a3ee5e6b		1106	226	1415	0.5008	8	70	False	226	0.02	
sat-comp-2025	6cb995b1c550beb579c53e27f6ca881a-RoundRobin_n16_d13	RoundRobin_n16_d13	roundrobin	1560	31320	31320	63960	30044	399470	0.07521	0	da39a3ee5e6b		31320	1560	31200	0.5907	20	400	True	1560	0.6	
sat-comp-2025	6cd9571bc71cc0c3fb08aeafb9ca37e4-sted1_0x24204-330	sted1_0x24204-330	sted	13431	353614	353614	1382464	815860	8187875	0.09964	0	da39a3ee5e6b		200000	13431	427000	0.4874	114	400	True	4000	4.36	
sat-comp-2025	6d35bab4302bc221fa2c9234547b848b-contest04-lksat-n1100-m7545-k4-l4-s310659001.sat05-524.reshuffled-07	contest04-lksat-n1100-m7545-k4-l4-s310659001.sat05-524.reshuffled-07	lksat	1100	7545	7545	30180	52992	150664	0.35172	0	da39a3ee5e6b		7545	1075	6572	0.0	1	400	True	1075	0.17	
sat-comp-2025	6e139783cfbcfeec85b49750ad11a615-x9-06068.sat.sanitized	x9-06068.sat.sanitized	x9	300	2696	2696	6112	5668	32507	0.17436	0	da39a3ee5e6b		2696	300	1976	0.0	1	168	False	300	0.1	
sat-comp-2025	6ebe901234af9615bb85b688a26ef2c4-17.normalised	17.normalised	anon-normalised	117295030	315573317	315573317	719823721	876521928	7480526274	0.11717	0	da39a3ee5e6b		200000	439645	318982	0.5862	308912	11	False	4000	569.48	
sat-comp-2025	6ef090a10c10352090100af7b6654c31-summle_X8638_steps7_I1-2-2-4-4-8-25-100	summle_X8638_steps7_I1-2-2-4-4-8-25-100	singletons	93724	198976	198976	566971	381600	3980423	0.09587	0	da39a3ee5e6b		198976	58055	197384	0.5993	2914	346	False	4000	3.25	
sat-comp-2025	6f354fbea13b25a49f3edc1cd10c48d5-bp4_CSO_LP_FPBLE_ZR_YS.normalised	bp4_CSO_LP_FPBLE_ZR_YS.normalised	bp	48032	448719	448719	1299429	475692	9430351	0.05044	0	da39a3ee5e6b		200000	47485	278893	0.7631	1563	103	False	4000	2.33	
sat-comp-2025	6f40bd5ac85e2a53b392d8f0369e7f1f-harder-fphp-016-015.sat05-1230.reshuffled-07	harder-fphp-016-015.sat05-1230.reshuffled-07	php	240	3496	3496	7200	11236	36251	0.30995	0	da39a3ee5e6b		3496	240	3480	0.4205	11	151	False	240	0.09	
sat-comp-2025	6f6a20cd654701b5e7fe9e9e0e5e7787-RoundRobin_n18_d15	RoundRobin_n18_d15	roundrobin	2295	52938	52938	107865	44036	698759	0.06302	0	da39a3ee5e6b		52938	2295	52785	0.571	28	400	True	2295	0.76	
sat-comp-2025	6f730dd121471749dc0b4baca2573bf7-case13.normalised	case13.normalised	case	14174	66783	66783	172676	108428	1126500	0.09625	0	da39a3ee5e6b		66783	14173	119253	0.7318	249	400	True	4000	2.09	
sat-comp-2025	6fab31665147f538da92dc16c3a239ad-stb_664_50.apx_2_DC-ST	stb_664_50.apx_2_DC-ST	argumentation	1328	22623	22623	51485	54572	282576	0.19312	0	da39a3ee5e6b		22623	1328	49432	0.0	1	400	True	1328	0.26	
sat-comp-2025	6ff70a3aaf261b35b0b072f454a756be-crafted_n10_d6_c4_num9	crafted_n10_d6_c4_num9	crafted-n	42048	11133828	11133828	22308824	4188732	170540906	0.02456	0	da39a3ee5e6b		200000	41825	200325	0.0029	6354	21	False	4000	18.76	
sat-comp-2025	70da0b784f49350e05c0ff8434acdc15-x-epic_a19-p15_transition	x-epic_a19-p15_transition	hwmc-step-transition	68100	191642	191642	522888	479052	3667423	0.13062	0	da39a3ee5e6b		191642	68100	200441	0.6078	4514	68	False	4000	1.39	
sat-comp-2025	72a033a7a86f1b89b1bdd8e28a97ecdf-frb80-14-1.used-as.sat04-879	frb80-14-1.used-as.sat04-879	frb	1120	43179	43179	87318	70440	522904	0.13471	0	da39a3ee5e6b		43179	1120	42194	0.0	1	400	True	1120	0.57	
sat-comp-2025	72cec28d6e34efe366150066b71edc33-bp4_LPI_FPBEQ_ZR.normalised	bp4_LPI_FPBEQ_ZR.normalised	bp	78412	686090	686090	1987251	978024	14279128	0.06849	0	da39a3ee5e6b		200000	72564	346804	0.6287	942	359	False	4000	5.41	
sat-comp-2025	753757e87d34bd1075c413d801bf99b8-16.normalised	16.normalised	anon-normalised	14050790	37796037	37796037	86210521	104305452	823447061	0.12667	0	da39a3ee5e6b		200000	425901	318660	0.5682	288106	11	False	4000	71.56	
sat-comp-2025	753ca299a6ab46e28ece1aefa38f4947-oski15a01b01s_opt	oski15a01b01s_opt	oski	489817	1556955	1556955	3903323	4272832	31176722	0.13705	0	da39a3ee5e6b		200000	286656	369491	0.6217	83277	15	False	4000	5.11	
sat-comp-2025	75cc1f02ed4b8c06553ef579b163e1be-SCPC-500-14	SCPC-500-14	scpc	500	15585	15585	86210	95616	382613	0.2499	0	da39a3ee5e6b		15585	500	94336	0.0	1	400	True	500	0.31	
sat-comp-2025	76bef98aafe7e718e98761f058c7dc1d-bp4_CB_CSO_LP_FPBEQ_FPBLE.normalised	bp4_CB_CSO_LP_FPBEQ_FPBLE.normalised	bp	77353	664556	664556	1934440	955088	13918312	0.06862	0	da39a3ee5e6b		200000	72517	340256	0.6946	1276	362	False	4000	4.7	
sat-comp-2025	77a0d54f2fb3740a9a321623c0c10f3e-tseitin_grid_n12_m12	tseitin_grid_n12_m12	tseitin	264	968	968	3696	2536	17154	0.14784	0	da39a3ee5e6b		968	264	724	0.6378	10	27	False	264	0.01	
sat-comp-2025	77bfac6b280653e63013f77d0991484e-case19.normalised	case19.normalised	case	138711	4688613	4688613	13929700	34453384	102777603	0.33522	0	da39a3ee5e6b		200000	77121	380637	0.0945	1518	400	True	4000	15.09	
sat-comp-2025	77e655b23c0a50d911c0384ef8fe266d-SC25_Timetable_C_495_E_43_Cl_35_D_7_T_58.normalised	SC25_Timetable_C_495_E_43_Cl_35_D_7_T_58.normalised	timetable	294338	934037	934037	2497916	1514152	19119523	0.07919	0	da39a3ee5e6b		200000	194668	419416	0.6556	29760	13	False	4000	3.87	
sat-comp-2025	780b0c9b5aed38a127f61c6aae7287aa-rbsat-v1375c111739gyes10	rbsat-v1375c111739gyes10	rbsat	1375	111739	111739	224743	195956	1391095	0.14086	0	da39a3ee5e6b		111739	1375	106754	0.0	1	400	True	1375	0.73	
sat-comp-2025	78e8f5b0d59512cc4910fd63b4acb7fa-RoundRobin_n17_d14	RoundRobin_n17_d14	roundrobin	1904	41072	41072	83776	37636	534205	0.07045	0	da39a3ee5e6b		41072	1904	40936	0.5732	26	400	True	1904	0.61	
sat-comp-2025	7a044c997ede14d00002f1db39d45170-sum_of_3_cubes_37_bits_87	sum_of_3_cubes_37_bits_87	sum-of-cubes	33163	161461	161461	518183	290720	3412155	0.0852	0	da39a3ee5e6b		161461	33163	115205	0.4252	2410	52	False	4000	1.11	
sat-comp-2025	7a206b67366c3049f214f360ff943f62-oddball_56_5_tto_zp.normalised	oddball_56_5_tto_zp.normalised	oddball	62258	22766345	22766345	73164547	6089724	503686139	0.01209	0	da39a3ee5e6b		200000	26402	219648	0.1641	1945	400	True	4000	41.89	
sat-comp-2025	7a44efe7c2dbf88a61e7cb750f307937-Break_triple_12_20.xml	Break_triple_12_20.xml	break-scheduling	12845	51682	51682	119827	109188	769729	0.14185	0	da39a3ee5e6b		51682	12844	80307	0.5625	566	400	True	4000	2.01	
sat-comp-2025	7a5e9bdbf9b8c025b1f986d6098b6206-cfi-rigid-t2-0048-04-or_3_shuffle_all	cfi-rigid-t2-0048-04-or_3_shuffle_all	cfi-rigid	6912	11099040	11099040	22211712	45091212	140860140	0.32011	0	da39a3ee5e6b		200000	6912	200128	0.0	1	400	True	4000	22.33	
sat-comp-2025	7bdf3e5401cc263951003b569bcd689c-bv_ILA_Piccolo_BEQ_sanity_transition	bv_ILA_Piccolo_BEQ_sanity_transition	hwmc-step-transition	160903	399948	399948	1103086	999732	8194517	0.122	0	da39a3ee5e6b		200000	149810	344875	0.3985	16252	57	False	4000	2.64	
sat-comp-2025	7cf696bae2c50af38414b61b8d92581a-GP_105_308_40	GP_105_308_40	gp	1984983	10270715	10270715	38024373	29297152	309304481	0.09472	0	da39a3ee5e6b		200000	492444	1058451	0.7693	60178	6	False	4000	27.25	
sat-comp-2025	7e58b502cc9dbef5f76d5161fb9a09b2-mp1-Nb7T45	mp1-Nb7T45	mp1	56634	224224	224224	615342	355856	4388007	0.0811	0	da39a3ee5e6b		200000	56634	177521	0.4076	4515	32	False	4000	1.47	
sat-comp-2025	80d8c77f6cab179d469462221f3f624a-clqcl_30_11_10.normalised	clqcl_30_11_10.normalised	clqcl	1065	60026	60026	172800	38760	925203	0.04189	0	da39a3ee5e6b		60026	1065	78255	0.0	1	400	True	1065	0.4	
sat-comp-2025	818c585e5986431917605fca8d775034-g2-hwmcc15deep-oski15a10b10s-k20	g2-hwmcc15deep-oski15a10b10s-k20	g2-t	509532	1326460	1326460	3090820	3504212	25258981	0.13873	0	da39a3ee5e6b		200000	281837	311762	0.4663	100649	5	False	4000	4.24	
sat-comp-2025	822cf4daaa4e1d16ad53d088ff567f32-RoundRobin_n15_d13	RoundRobin_n15_d13	roundrobin	1365	26040	26040	53235	26472	326969	0.08096	0	da39a3ee5e6b		26040	1365	25935	0.6073	13	400	True	1365	0.48	
sat-comp-2025	82851650dea77d44864b3fd8ae387691-REGRandom-K3-L3-Seed30.sanitized	REGRandom-K3-L3-Seed30.sanitized	regrandom	4608	474496	474496	1640704	375688	10037198	0.03743	0	da39a3ee5e6b		200000	4607	243796	-0.0857	114	400	True	4000	7.15	
sat-comp-2025	83aa254f7d17e1df7bee19322ac4752b-1.normalised	1.normalised	anon-normalised	29302780	78831317	78831317	179812471	218542380	1791281461	0.122	0	da39a3ee5e6b		200000	431611	318190	0.5719	297674	11	False	4000	146.38	
sat-comp-2025	84282cd481f7614f444951064c707030-simon-r20-1.sanitized	simon-r20-1.sanitized	simon	3328	11072	11072	30336	19260	175279	0.10988	0	da39a3ee5e6b		11072	3328	8352	0.4211	291	189	False	3328	0.65	
sat-comp-2025	847c8843ee292b9b31f0c346574af260-ramsey_4_4_19.normalised	ramsey_4_4_19.normalised	ramsey	171	7752	7752	46512	15508	195447	0.07935	0	da39a3ee5e6b		7752	171	14535	0.0	1	170	False	171	0.13	
sat-comp-2025	847df6bb7bd0a8fcedb57e012cfe0014-valves-gates-1-k617-unsat.shuffled-as.sat03-412	valves-gates-1-k617-unsat.shuffled-as.sat03-412	valves	985042	3113540	3113540	7976612	26104500	65158274	0.40063	0	da39a3ee5e6b		200000	348229	402665	0.6751	119634	11	False	4000	9.42	
sat-comp-2025	849950561ddce887c78fef773dccfa80-circuit_48in64out_with_800gates_4in4out_dist128_seed3.sanitized	circuit_48in64out_with_800gates_4in4out_dist128_seed3.sanitized	circuit-gates	3248	192064	192064	1536064	286956	8318128	0.0345	0	da39a3ee5e6b		192064	3236	22094	0.645	112	142	False	3236	3.25	
sat-comp-2025	85ba26d796de9ad740ce5a6813488fbc-sted2_0x1e3-216	sted2_0x1e3-216	sted	5032	100072	100072	558562	256400	3007664	0.08525	0	da39a3ee5e6b		100072	5032	162216	0.0534	60	400	True	4000	3.03	
sat-comp-2025	86173292a2c6a506acf27a81db853bb5-ktf_TF-7.tf_3_0.06_113	ktf_TF-7.tf_3_0.06_113	ktf	60247	281152	281152	782124	345996	5555501	0.06228	0	da39a3ee5e6b		200000	59949	509896	0.8994	1951	40	False	4000	2.52	
sat-comp-2025	8707ef793f0443b5804c56c2ffca322e-clqcl_40_6_5.normalised	clqcl_40_6_5.normalised	clqcl	1220	33026	33026	93700	32912	520789	0.0632	0	da39a3ee5e6b		33026	1220	50140	0.0	1	400	True	1220	0.22	
sat-comp-2025	8733dfd02c923d69720500c9ec8ce36a-reconf10_70_queen14_2	reconf10_70_queen14_2	reconf	519984	2303783	2303783	6968376	3284560	53954112	0.06088	0	da39a3ee5e6b		200000	171590	479454	0.0389	24341	400	True	4000	7.87	
sat-comp-2025	873786afab7757a9f216da0724d91ecd-hwmcc17miters-xits-iso-6s299b685.sanitized	hwmcc17miters-xits-iso-6s299b685.sanitized	xits-miters	7904143	23796556	23796556	61463950	60652408	556644133	0.10896	0	da39a3ee5e6b		200000	428864	429219	0.6086	179805	4	False	4000	47.12	
sat-comp-2025	87f093067622b91fa9dc0de149c8b92c-1-ET-512-K-102.sanitized	1-ET-512-K-102.sanitized	et-tc	48097	2271570	2271570	4863267	811416	36671545	0.02213	0	da39a3ee5e6b		200000	46209	240117	0.8623	474	57	False	4000	5.05	
sat-comp-2025	88849daabda2e712f659c6edbc142229-ncc_none_2_18_8_3_1_0_435991723	ncc_none_2_18_8_3_1_0_435991723	ncc	1048686	4718581	4718581	34602998	18058436	266488057	0.06776	0	da39a3ee5e6b		200000	239801	1663736	0.0006	38	53	False	4000	23.61	
sat-comp-2025	89002102bdb86946869a06dc1f604315-lockchart-group1-L210-K303-p8d4j1.normalised	lockchart-group1-L210-K303-p8d4j1.normalised	lockchart	2052544	4137714	4137714	10184556	3503392	81852163	0.0428	0	da39a3ee5e6b		200000	237475	397092	0.4739	34917	5	False	4000	8.96	
sat-comp-2025	8a05f9b6bf49285e40d0a197967ea5d3-arles_thres10_p10_r7466	arles_thres10_p10_r7466	arles	4487	16697	16697	78298	21988	382919	0.05742	0	da39a3ee5e6b		16697	4487	29569	0.4191	49	400	True	4000	2.93	
sat-comp-2025	8a7977519abed3e4c005da7506349f52-GP_300_180_30	GP_300_180_30	gp	3624606	19501665	19501665	73192200	57291308	614121816	0.09329	0	da39a3ee5e6b		200000	569077	1115398	0.8275	93560	6	False	4000	47.52	
sat-comp-2025	8af30680e9329ae30c2cdbece636c470-simon-r23-0.sanitized	simon-r23-0.sanitized	simon	3808	12704	12704	34848	22396	202603	0.11054	0	da39a3ee5e6b		12704	3808	9600	0.4082	363	185	False	3808	0.69	
sat-comp-2025	8b22396ef06770c7dfa7552a610fc911-PancakeVsSelectionSort_6_7	PancakeVsSelectionSort_6_7	sort-equivalence	4129	15612	15612	45024	39984	259347	0.15417	0	da39a3ee5e6b		15612	4129	15227	0.7441	198	137	False	4000	0.31	
sat-comp-2025	8b267f95678c90b2179944de7233b090-ER_500_20_4.apx_1_DC-AD	ER_500_20_4.apx_1_DC-AD	argumentation	1002	76024	76024	176553	152800	933059	0.16376	0	da39a3ee5e6b		76024	1002	96787	0.0	1	400	True	1002	0.7	
sat-comp-2025	8e1f70e59050693ef128bee0092a7f5f-PancakeVsSelectionSort_6_8	PancakeVsSelectionSort_6_8	sort-equivalence	5034	19324	19324	56194	48180	324636	0.14841	0	da39a3ee5e6b		19324	5034	18836	0.6648	265	149	False	4000	0.39	
sat-comp-2025	8e62c5d47920ffe36052f86177403e70-SC25_Timetable_C_393_E_45_Cl_26_D_7_T_50.normalised	SC25_Timetable_C_393_E_45_Cl_26_D_7_T_50.normalised	timetable	213268	668608	668608	1786235	1148912	13479169	0.08524	0	da39a3ee5e6b		200000	166138	402120	0.6522	17418	15	False	4000	3.28	
sat-comp-2025	8e81131a0c4fbd01e90bb6e20d00c547-16_16_booth_dadda_origin_and_and_dadda_origin_bit28	16_16_booth_dadda_origin_and_and_dadda_origin_bit28	multiplier-16x16	2540	8495	8495	22411	24908	126625	0.19671	0	da39a3ee5e6b		8495	2540	6943	0.4609	188	86	False	2540	0.14	
sat-comp-2025	8f391f2bf8167f1b96467f3479b33dc5-oddball_20_5_ttf.normalised	oddball_20_5_ttf.normalised	oddball	11086	389661	389661	1437567	218488	8191823	0.02667	0	da39a3ee5e6b		200000	10998	218134	0.0692	346	400	True	4000	4.15	
sat-comp-2025	901fa244999d250bc8d8cce19cabc114-SC25_Timetable_C_492_E_48_Cl_33_D_7_T_58.normalised	SC25_Timetable_C_492_E_48_Cl_33_D_7_T_58.normalised	timetable	296729	951279	951279	2543298	1551268	19488802	0.0796	0	da39a3ee5e6b		200000	194778	420273	0.6451	30328	13	False	4000	3.89	
sat-comp-2025	908433870bee8ba2c86f266d0b002fdb-MVRoundRobin_n20_d10_v2	MVRoundRobin_n20_d10_v2	roundrobin	7600	499890	499890	1003200	207536	6762286	0.03069	0	da39a3ee5e6b		200000	3800	193819	0.7768	20	400	True	3800	9.27	
sat-comp-2025	90bec6dcf2399d7c7f73acba44a8641e-Wallace_Bits_Fast_8.cnf	Wallace_Bits_Fast_8.cnf	bits-fast	15479	61596	61596	184572	100080	1152327	0.08685	0	da39a3ee5e6b		61596	15479	40932	0.3815	2665	41	False	4000	0.38	
sat-comp-2025	9118e76885506476cd50cef8b2ec5def-ramsey_3_6_18.normalised	ramsey_3_6_18.normalised	ramsey	153	19380	19380	280908	43264	1242580	0.03482	0	da39a3ee5e6b		19380	153	11268	0.0	1	149	False	153	0.51	
sat-comp-2025	918d9e7c2e197312517736421d728958-SCPC-500-1	SCPC-500-1	scpc	500	15462	15462	85019	95516	377579	0.25297	0	da39a3ee5e6b		15462	500	94164	0.0	1	400	True	500	0.28	
sat-comp-2025	91c429adc2dc8430461b6d87a9aef335-16_16_booth_wallace_mapped_and_and_wallace_origin_bit28	16_16_booth_wallace_mapped_and_and_wallace_origin_bit28	multiplier-16x16	2964	9625	9625	24669	28548	142488	0.20035	0	da39a3ee5e6b		9625	2964	8113	0.4373	241	78	False	2964	0.15	
sat-comp-2025	9277f5d1bc65276294617e672c4f2443-bp4_BC012_CSO_FPBEQ_FPBLE_ZR.normalised	bp4_BC012_CSO_FPBEQ_FPBLE_ZR.normalised	bp	82427	716804	716804	2082949	1054004	14958182	0.07046	0	da39a3ee5e6b		200000	75812	352466	0.6547	875	342	False	4000	5.58	
sat-comp-2025	931621d9964e9d0cd1c4001822015c92-DLTM_twitter845_79_19	DLTM_twitter845_79_19	dltm	27146	163580	163580	436602	291668	2961068	0.0985	0	da39a3ee5e6b		163580	27146	192843	0.7543	842	169	False	4000	1.33	
sat-comp-2025	944b4eaecefa1d15c2d2a8ac0c2d1c31-b14	b14	itc99	12308	34638	34638	80820	101168	516045	0.19604	0	da39a3ee5e6b		34638	12308	34400	0.5964	875	165	False	4000	0.44	
sat-comp-2025	95931bb010dba306e24c79c120044ff9-SC25_Timetable_C_496_E_48_Cl_33_D_7_T_50.normalised	SC25_Timetable_C_496_E_48_Cl_33_D_7_T_50.normalised	timetable	260336	835965	835965	2234730	1375628	17038699	0.08074	0	da39a3ee5e6b		200000	182768	414446	0.6497	24877	21	False	4000	3.67	
sat-comp-2025	95abe8aeebbe88fcb0503b13109593b3-reconf10_68_queen14_1	reconf10_68_queen14_1	reconf	491780	2184406	2184406	6595644	3108872	50984722	0.06098	0	da39a3ee5e6b		200000	169431	474702	0.0388	23703	400	True	4000	7.24	
sat-comp-2025	965bc4f6691b2e5f7388aaa9ba68f768-SCPC-500-5	SCPC-500-5	scpc	500	15530	15530	85802	96068	380597	0.25241	0	da39a3ee5e6b		15530	500	93955	0.0	1	400	True	500	0.29	
sat-comp-2025	967b58fea99a99b8da592d3e2fe7139b-dubois50.cnf.mis-99.debugged	dubois50.cnf.mis-99.debugged	mis-debugged	14901	29850	29850	74106	32876	464137	0.07083	0	da39a3ee5e6b		29850	14901	58760	0.7674	38	171	False	4000	0.63	
sat-comp-2025	96977e8e00a3728097861502a449e343-lockchart-group3-L13-K26-p4d3j1.normalised	lockchart-group3-L13-K26-p4d3j1.normalised	lockchart	4512	8333	8333	20124	12832	115043	0.11154	0	da39a3ee5e6b		8333	3744	26814	0.7042	312	283	False	3744	1.35	
sat-comp-2025	96a472b1fd7bf855fbe44fc2d5e745ce-crusti_g2io_175_0.2_511_48.normalised	crusti_g2io_175_0.2_511_48.normalised	crusti-g2io	268275	13013711	13013711	38504580	27876148	291631080	0.09559	0	da39a3ee5e6b		200000	198316	365941	0.5003	59003	33	False	4000	26.63	
sat-comp-2025	96dea3458b5470bd6db5704a0d1e9742-bv_ILA_Piccolo_JALR_sanity_transition	bv_ILA_Piccolo_JALR_sanity_transition	hwmc-step-transition	161065	400494	400494	1104520	1008892	8216833	0.12278	0	da39a3ee5e6b		200000	150004	345718	0.4455	14650	95	False	4000	2.74	
sat-comp-2025	9754fc1acf450ee2ed2083a211cfa487-stb_792_333.apx_0	stb_792_333.apx_0	argumentation	2376	15478	15478	39311	43120	223443	0.19298	0	da39a3ee5e6b		15478	2369	40601	0.0	1	400	True	2369	0.5	
sat-comp-2025	981c4e83c5dd3694af4c367958e0ee5f-tseitin_grid_n250_m250	tseitin_grid_n250_m250	tseitin	124500	496008	496008	1980048	934744	14079692	0.06639	0	da39a3ee5e6b		200000	124447	365771	0.6958	7621	26	False	4000	3.4	
sat-comp-2025	989ca6ab309ca52a6ff957b6896aa03e-16_16_booth_dadda_mapped_and_booth_wallace_mapped	16_16_booth_dadda_mapped_and_booth_wallace_mapped	multiplier-16x16	3327	10653	10653	27215	31836	157738	0.20183	0	da39a3ee5e6b		10653	3327	9344	0.4586	346	113	False	3327	0.21	
sat-comp-2025	98a9352230efc411c092f1dcdcdedcfc-bp4_BC012_IXA_LPI_FPBLE.normalised	bp4_BC012_IXA_LPI_FPBLE.normalised	bp	94479	803356	803356	2327139	1183120	16684621	0.07091	0	da39a3ee5e6b		200000	84342	371346	0.6215	865	367	False	4000	5.79	
sat-comp-2025	98a991c902324b02349e766ad357cdc6-16_16_booth_dadda_origin_and_and_dadda_mapped_bit28	16_16_booth_dadda_origin_and_and_dadda_mapped_bit28	multiplier-16x16	2729	9022	9022	23534	26252	133970	0.19595	0	da39a3ee5e6b		9022	2729	7525	0.369	423	79	False	2729	0.13	
sat-comp-2025	98e8aa2ace21d3362ef51524ad546764-bp4_TCO_CSO_IXA_LP_ZR.normalised	bp4_TCO_CSO_IXA_LP_ZR.normalised	bp	85954	791791	791791	2796048	1180828	19830509	0.05955	0	da39a3ee5e6b		200000	77730	395400	0.5431	1238	400	True	4000	5.17	
sat-comp-2025	99718c1729a8de3347a9946f1836421d-bivium-39-200-0s0-0xdcfb6ab71951500b8e460045bd45afee15c87e08b0072eb174-43	bivium-39-200-0s0-0xdcfb6ab71951500b8e460045bd45afee15c87e08b0072eb174-43	crypto-cipher	974	5505	5505	22689	14324	109311	0.13104	0	da39a3ee5e6b		5505	598	3532	0.0	1	174	False	598	0.18	
sat-comp-2025	99bd0555ca704df05fcaf6f9b84c7eef-ramsey_3_7_24.normalised	ramsey_3_7_24.normalised	ramsey	276	348128	348128	7274256	918152	34215033	0.02683	0	da39a3ee5e6b		200000	276	32161	0.0	1	218	False	276	8.1	
sat-comp-2025	9a839badecb20dcf505ec79eedd3753a-anbul-dated-5-15-u	anbul-dated-5-15-u	singletons	151952	697321	697321	1601192	1201468	12429871	0.09666	0	da39a3ee5e6b		200000	138977	340881	0.7046	19635	24	False	4000	3.04	
sat-comp-2025	9af7646fc4a32c6f2744ddc0c4b654b7-brocard_problem_large	brocard_problem_large	brocard	989765	5600871	5600871	18636861	9728868	148107089	0.06569	0	da39a3ee5e6b		200000	405995	727979	0.7248	79679	94	False	4000	14.74	
sat-comp-2025	9af78578225115b54d5e7338562664fd-5.normalised	5.normalised	anon-normalised	35168930	94614117	94614117	215813221	262492464	2163525461	0.12133	0	da39a3ee5e6b		200000	432807	318138	0.5739	299575	11	False	4000	173.75	
sat-comp-2025	9b5f767eb5c14eb888d51acf70e045c8-uniqinv40prop	uniqinv40prop	arith-xor-misc	12526	36750	36750	85748	89124	548895	0.16237	0	da39a3ee5e6b		36750	12526	33981	0.6272	1657	69	False	4000	0.25	
sat-comp-2025	9b998be0c639d06988c4902eb125c0b7-frb35-17-5_ext	frb35-17-5_ext	frb	175	14577	14577	131306	52876	520983	0.10149	0	da39a3ee5e6b		14577	175	7175	0.0	1	109	False	175	0.23	
sat-comp-2025	9d7caee59e9d362d132f1cd785de8a0b-ncc_none_21015_5_3_3_0_0_11	ncc_none_21015_5_3_3_0_0_11	ncc	1694511	5959122	5959122	18142788	19220112	154230210	0.12462	0	da39a3ee5e6b		200000	456601	593792	0.8262	127244	11	False	4000	15.04	
sat-comp-2025	9da32436de386f3b4f8e6ec1db552349-HCP-529-420	HCP-529-420	hcp	40718	319490	319490	1099331	705980	7550258	0.0935	0	da39a3ee5e6b		200000	40718	313828	0.6927	848	4	False	4000	2.29	
sat-comp-2025	9dcbf221b8d2bb01f30bcca283f3608d-EDP3-11000	EDP3-11000	edp	90956	679628	679628	2021820	1651328	13615867	0.12128	0	da39a3ee5e6b		200000	89865	393624	0.4039	5347	400	True	4000	4.13	
sat-comp-2025	9dd565d002c343712eb5deda187e9034-sqrt-mitern169	sqrt-mitern169	div-sqrt-miter	3979	17456	17456	50884	61076	298622	0.20453	0	da39a3ee5e6b		17456	3977	21422	0.5879	77	207	False	3977	1.1	
sat-comp-2025	9ea8deb8313d93e60743638909f37d6c-Circuit_multiplier29	Circuit_multiplier29	circuit-multiplier	1109	21597	21597	141228	149320	668456	0.22338	0	da39a3ee5e6b		21597	1100	17695	0.619	26	121	False	1100	0.44	
sat-comp-2025	9f1cb42232335f84435126b5ae0fb701-SC25_Timetable_C_495_E_48_Cl_33_D_7_T_50.normalised	SC25_Timetable_C_495_E_48_Cl_33_D_7_T_50.normalised	timetable	258984	829494	829494	2215906	1356380	16883268	0.08034	0	da39a3ee5e6b		200000	182478	413532	0.658	24700	15	False	4000	3.64	
sat-comp-2025	9f38c92ba81c754103444edc15c1f44b-simon-r21-1.sanitized	simon-r21-1.sanitized	simon	3488	11616	11616	31840	19964	184400	0.10826	0	da39a3ee5e6b		11616	3488	8768	0.4124	314	183	False	3488	0.62	
sat-comp-2025	a09eb02bbaa7a0ae171123a782c2164d-RoundRobin_n18_d16	RoundRobin_n18_d16	roundrobin	2448	57681	57681	117504	50484	764819	0.06601	0	da39a3ee5e6b		57681	2448	57528	0.546	36	400	True	2448	0.84	
sat-comp-2025	a0bcdaffb0ea36b678899fd86bdc7f18-arles_thres10_p10_r8186	arles_thres10_p10_r8186	arles	4487	16697	16697	79298	25092	386792	0.06487	0	da39a3ee5e6b		16697	4487	29510	0.0395	15	400	True	4000	2.17	
sat-comp-2025	a1fdd60d2570f47fb14956ac9e96951f-oddball_22_5_ttf.normalised	oddball_22_5_ttf.normalised	oddball	12623	467452	467452	1733702	391292	9995490	0.03915	0	da39a3ee5e6b		200000	12442	221106	0.0591	394	400	True	4000	4.5	
sat-comp-2025	a28f59752c160af22b6d04cb89ddf802-pj2008_k200	pj2008_k200	pj	8587178	23110774	23110774	53925136	51773264	495808120	0.10442	0	da39a3ee5e6b		200000	426699	332795	0.5761	272354	1	False	4000	43.3	
sat-comp-2025	a2ca167a8fdbf165f40b5d6dee94b040-58-134003	58-134003	anon-pair	31263	799432	799432	1627211	889336	12344165	0.07205	0	da39a3ee5e6b		200000	31254	216593	0.7285	620	400	True	4000	7.5	
sat-comp-2025	a2fe3213d50b3bc297e3f7606c921128-mp1-blockpuzzle_9x9_s1_free9	mp1-blockpuzzle_9x9_s1_free9	mp1	7371	1262871	1262871	2531871	346220	17321019	0.01999	0	da39a3ee5e6b		200000	7371	184336	0.5148	81	400	True	4000	4.0	
sat-comp-2025	a497d784c61c330f012dcd80d44dcd43-x9-06099.sat.sanitized	x9-06099.sat.sanitized	x9	300	2698	2698	6116	5716	32558	0.17556	0	da39a3ee5e6b		2698	300	1978	0.3993	14	171	False	300	0.11	
sat-comp-2025	a49ec44c8d9972cda278d48b6dbef09e-grs-32-128	grs-32-128	grs	258112	739198	739198	1994838	1417664	15575970	0.09102	0	da39a3ee5e6b		200000	222065	351299	0.6758	38179	3	False	4000	3.43	
sat-comp-2025	a70883771fd1c210d94a916d52510a3a-gm28sparrc	gm28sparrc	gm-sparrc	81617	489362	489362	1468137	1167496	9324855	0.1252	0	da39a3ee5e6b		200000	81376	331346	0.4885	352	38	False	4000	2.77	
sat-comp-2025	a7e7d0f855781da215aed50e523a821c-b22_1	b22_1	itc99	33427	93483	93483	218125	268624	1518693	0.17688	0	da39a3ee5e6b		93483	33427	92562	0.5856	2525	31	False	4000	0.59	
sat-comp-2025	a8608545f9ae0462c7426e71a0e3e634-rbsat-v945c61409g3	rbsat-v945c61409g3	rbsat	945	61409	61409	123673	101180	726330	0.1393	0	da39a3ee5e6b		61409	945	58485	0.0	1	400	True	945	0.47	
sat-comp-2025	a932cd15aa770c7874b12476153b7df2-16_16_booth_dadda_origin_and_and_dadda_origin_bit29	16_16_booth_dadda_origin_and_and_dadda_origin_bit29	multiplier-16x16	2575	8611	8611	22711	25276	128548	0.19663	0	da39a3ee5e6b		8611	2575	7038	0.3911	345	95	False	2575	0.15	
sat-comp-2025	aa5585572cc045a3c2209b083635d598-st_815_74_9_2860.normalised	st_815_74_9_2860.normalised	argumentation	2445	62391	62391	182849	184600	1022452	0.18055	0	da39a3ee5e6b		62391	2445	125177	0.3084	2	400	True	2445	1.07	
sat-comp-2025	ab02c7ef78bda1f427d5e3f1f26b1ae5-sum_of_three_cubes_906_known_representation	sum_of_three_cubes_906_known_representation	sum-of-cubes	1019088	5830665	5830665	19481636	9714768	148128993	0.06558	0	da39a3ee5e6b		200000	396898	740977	0.6268	82642	400	True	4000	15.45	
sat-comp-2025	abadaf0ee0e21ff1a4b0e294f13ab5ab-arles_thres10_p20_r4305	arles_thres10_p20_r4305	arles	8357	32177	32177	109550	40844	589083	0.06933	0	da39a3ee5e6b		32177	8357	56823	0.4178	74	400	True	4000	1.68	
sat-comp-2025	ac3887576c2ce781202b9fe0fdc31420-pj2008_k80	pj2008_k80	pj	3420218	9206854	9206854	21482656	20649912	192209568	0.10743	0	da39a3ee5e6b		200000	401525	330099	0.5547	237172	2	False	4000	18.41	
sat-comp-2025	ac51df6b340190cd1182c06ff2955afa-WS_500_16_90_70.apx_1_DC-ST	WS_500_16_90_70.apx_1_DC-ST	argumentation	1000	13501	13501	30501	30660	161935	0.18934	0	da39a3ee5e6b		13501	1000	26347	0.0	1	400	True	1000	0.16	
sat-comp-2025	acc0bc3ef52aa228cc35c2d9bb3ae249-BubbleVsPancakeSort_8_6	BubbleVsPancakeSort_8_6	sort-equivalence	5086	19805	19805	57655	51300	332245	0.1544	0	da39a3ee5e6b		19805	5086	20058	0.732	212	145	False	4000	0.4	
sat-comp-2025	ad69e0a0880cd377e26260f7e4bc6d51-g2-T49.2.0	g2-T49.2.0	g2-t	4158552	14480272	14480272	37492773	38888848	333351613	0.11666	0	da39a3ee5e6b		200000	449652	439600	0.7628	202933	53	False	4000	29.7	
sat-comp-2025	ad9eb96bac59319fc2f7daffd1f961f8-AProVE07-21	AProVE07-21	aprove	3189	11039	11039	28509	31320	167579	0.1869	0	da39a3ee5e6b		11039	3189	11159	0.6412	317	85	False	3189	0.16	
sat-comp-2025	ae9c53347ee8072745ed230992e164ee-16_16_and_wallace_origin_and_default_mapped_ultra_bit27	16_16_and_wallace_origin_and_default_mapped_ultra_bit27	multiplier-16x16	2983	9722	9722	25002	27536	145201	0.18964	0	da39a3ee5e6b		9722	2983	7731	0.3467	559	80	False	2983	0.15	
sat-comp-2025	affe8884c8c744ab2f07683ed1cf0d1a-SC25_Timetable_C_498_E_46_Cl_34_D_7_T_50.normalised	SC25_Timetable_C_498_E_46_Cl_34_D_7_T_50.normalised	timetable	259410	829219	829219	2215103	1342940	16875332	0.07958	0	da39a3ee5e6b		200000	182578	412519	0.6609	24646	15	False	4000	3.66	
sat-comp-2025	b18b24418dd863c1d631698d7d45041f-div_miter_lec__2	div_miter_lec__2	div-sqrt-miter	49660	219272	219272	647649	740392	4536506	0.16321	0	da39a3ee5e6b		200000	49658	247929	0.5576	1619	173	False	4000	2.15	
sat-comp-2025	b1c8eaa002ac2fa1c8bfd1002738e78e-cliquecolouring_n15_k7_c6.sanitized	cliquecolouring_n15_k7_c6.sanitized	clique-coloring	300	6337	6337	17865	7168	92225	0.07772	0	da39a3ee5e6b		6337	300	9045	0.0	1	194	False	300	0.13	
sat-comp-2025	b27017cae233481c679e3c3be6f00af8-SAT_dat.k100-24_1_rule_2	SAT_dat.k100-24_1_rule_2	sat-dat	1621756	6356692	6356692	15957543	17635596	137117527	0.12862	0	da39a3ee5e6b		200000	357990	467340	0.7084	163089	12	False	4000	14.4	
sat-comp-2025	b361efe85442bd535849708e2b7ac639-b22	b22	itc99	38666	109200	109200	254798	313476	1786918	0.17543	0	da39a3ee5e6b		109200	38666	108094	0.6017	2795	39	False	4000	0.69	
sat-comp-2025	b3d3680b3287a989ce61a6db1054efd2-case20.normalised	case20.normalised	case	945	61408	61408	123673	158812	723871	0.21939	0	da39a3ee5e6b		61408	945	58071	0.0	1	400	True	945	0.45	
sat-comp-2025	b5431f41e3264c64508c30da215c69c6-mod2c-rand3bip-sat-250-3.shuffled-as.sat05-2535	mod2c-rand3bip-sat-250-3.shuffled-as.sat05-2535	parity	352	2492	2492	11032	16816	51267	0.32801	0	da39a3ee5e6b		2492	352	1521	0.5044	26	104	False	352	0.05	
sat-comp-2025	b628043a07c5576dd6cd21c9d73a69e0-fixedbandwidth-eq-37_shuffled	fixedbandwidth-eq-37_shuffled	singletons	149	606	606	1828	2768	8120	0.34089	0	da39a3ee5e6b		606	149	452	0.4588	15	33	False	149	0.01	
sat-comp-2025	b64f7d56f1b369fac6a3bcb1efd784da-Kakuro-easy-126-ext.xml.hg_7	Kakuro-easy-126-ext.xml.hg_7	kakuro	200515	22519539	22519539	79753928	21521924	562716687	0.03825	0	da39a3ee5e6b		200000	91621	846942	0.2548	2146	400	True	4000	46.74	
sat-comp-2025	b655faa69774192a80d9e2a2bc602ce4-Kakuro-easy-115-ext.xml.hg_5	Kakuro-easy-115-ext.xml.hg_5	kakuro	171688	24612456	24612456	87140240	26034996	615199259	0.04232	0	da39a3ee5e6b		200000	94707	849464	0.2555	1378	400	True	4000	51.55	
sat-comp-2025	b99ba7e9113280393c64863dfbfa2c3b-lockchart-group3-L15-K29-p4d3j1.normalised	lockchart-group3-L15-K29-p4d3j1.normalised	lockchart	5736	10718	10718	25872	15064	149178	0.10098	0	da39a3ee5e6b		10718	4848	34938	0.6961	414	256	False	4000	1.33	
sat-comp-2025	b9ed6fd14f4fc969ec966a4b54c36872-n320p5q2_n.apx_16	n320p5q2_n.apx_16	argumentation	960	62749	62749	191233	116132	950695	0.12215	0	da39a3ee5e6b		62749	960	55076	-0.4324	2	368	False	960	1.52	
sat-comp-2025	bc5a06872fa6dfc9acbc7f782f0a4439-ITC2021_Early_12.xml	ITC2021_Early_12.xml	itc2021	207919	691067	691067	1673409	1263652	12463703	0.10139	0	da39a3ee5e6b		200000	167807	351704	0.4716	30660	295	False	4000	5.84	
sat-comp-2025	be78afd2e0b3d1a955fc403b2d100d55-4.normalised	4.normalised	anon-normalised	11704330	31482917	31482917	71810221	86497396	674549461	0.12823	0	da39a3ee5e6b		200000	423782	318473	0.5671	284882	11	False	4000	58.17	
sat-comp-2025	bea83d274b1c57b2171b380e34fd645d-xor_op_n36_d3	xor_op_n36_d3	xor-op	2520	345528	345528	2068128	534652	11157302	0.04792	0	da39a3ee5e6b		200000	2520	346328	0.3191	15	400	True	2520	4.14	
sat-comp-2025	c0074020a48535e6062421cea2850dd0-st_659_37_25_686.normalised	st_659_37_25_686.normalised	argumentation	1977	27695	27695	80108	88852	443690	0.20026	0	da39a3ee5e6b		27695	1976	97528	0.3667	2	400	True	1976	0.67	
sat-comp-2025	c033577c6f5f9a1545537518af964305-reconf10_73_queen13_2	reconf10_73_queen13_2	reconf	486684	2127035	2127035	6468510	3258056	49901852	0.06529	0	da39a3ee5e6b		200000	170623	478480	0.0362	22269	400	True	4000	7.4	
sat-comp-2025	c05d4d3ecd06a2e3942fea09159dd27b-MVRoundRobin_n16_d10_v2	MVRoundRobin_n16_d10_v2	roundrobin	4800	212520	212520	427200	111032	2822276	0.03934	0	da39a3ee5e6b		200000	2400	175706	0.7256	20	400	True	2400	3.56	
sat-comp-2025	c0bd86bd7ca2c65e44311de374168150-goldcrest-and-14	goldcrest-and-14	goldcrest	698913	2148797	2148797	5153673	4069268	42449006	0.09586	0	da39a3ee5e6b		200000	317290	342666	0.5309	127601	5	False	4000	5.98	
sat-comp-2025	c0e828fb967fc4f0935cf06c6a6b1055-lec_mult_CvW_11x10.sanitized	lec_mult_CvW_11x10.sanitized	lec-mult	2564	7651	7651	17927	19404	104581	0.18554	0	da39a3ee5e6b		7651	2564	6872	0.6694	239	60	False	2564	0.08	
sat-comp-2025	c21096fa2f550785c33dc862d83bc941-case17.normalised	case17.normalised	case	550	4949	4949	11219	9808	61613	0.15919	0	da39a3ee5e6b		4949	550	3630	0.4078	36	303	False	550	0.59	
sat-comp-2025	c569d4b2b2e90a1a70bd23a1169355ef-oddball_13_5_ttf.normalised	oddball_13_5_ttf.normalised	oddball	6201	177402	177402	618727	168360	3318673	0.05073	0	da39a3ee5e6b		177402	6201	178512	0.0326	231	400	True	4000	5.54	
sat-comp-2025	c6470503d1ff16cbafa18764b13d80ed-bp4_IXA_FPBEQ_ZR.normalised	bp4_IXA_FPBEQ_ZR.normalised	bp	79962	700315	700315	2029844	1011584	14578451	0.06939	0	da39a3ee5e6b		200000	73673	348507	0.6455	788	339	False	4000	5.37	
sat-comp-2025	c7ee94464ba3b25e97fc9b38868b7154-SC25_Timetable_C_481_E_48_Cl_32_D_7_T_58.normalised	SC25_Timetable_C_481_E_48_Cl_32_D_7_T_58.normalised	timetable	291376	932018	932018	2490661	1551616	19071908	0.08136	0	da39a3ee5e6b		200000	193118	419488	0.6507	29214	12	False	4000	3.75	
sat-comp-2025	c86b261162cef181dc513963a8acb77f-ITC2021_Middle_9.xml	ITC2021_Middle_9.xml	itc2021	82269	271217	271217	651472	502392	4586788	0.10953	0	da39a3ee5e6b		200000	81237	333557	0.529	5530	400	True	4000	7.57	
sat-comp-2025	c8cde50f32ca3f78a4c74a173c63449b-bp5_CSO.normalised	bp5_CSO.normalised	bp	380100	3868142	3868142	14788613	5738484	117153837	0.04898	0	da39a3ee5e6b		200000	193054	617734	0.5583	11416	400	True	4000	14.17	
sat-comp-2025	c8d21db50338d9d5743802bcae77a466-cliquecoloring_n14_k7_c6	cliquecoloring_n14_k7_c6	clique-coloring	273	5530	5530	15567	6600	79323	0.0832	0	da39a3ee5e6b		5530	273	7875	0.0	1	181	False	273	0.1	
sat-comp-2025	ca3c65a863526793968fc30618a42709-case16.normalised	case16.normalised	case	600	5404	5404	12249	10664	67471	0.15805	0	da39a3ee5e6b		5404	600	3965	0.4183	32	336	False	600	0.76	
sat-comp-2025	cabfdc91f644200767df9d480d2cc53e-oddball_17_5_ttf.normalised	oddball_17_5_ttf.normalised	oddball	8620	287016	287016	1048667	274348	5828598	0.04707	0	da39a3ee5e6b		200000	8613	210829	0.0457	296	400	True	4000	7.04	
sat-comp-2025	cb66276897e4d1ff1368a4430598e11c-RoundRobin_n17_d13	RoundRobin_n17_d13	roundrobin	1768	37264	37264	76024	34988	481320	0.07269	0	da39a3ee5e6b		37264	1768	37128	0.6374	13	400	True	1768	0.52	
sat-comp-2025	cb950b9accfb53eb98f77b0f995ac0ae-rphp5_050_shuffled	rphp5_050_shuffled	php	500	5705	5705	21600	31016	104941	0.29556	0	da39a3ee5e6b		5705	500	17505	0.0833	41	175	False	500	0.21	
sat-comp-2025	cbd0933002d6c4ea99ceb47bb0c3f4c9-em_11_3_4_cmp	em_11_3_4_cmp	em	8713	99699	99699	335345	181564	2029797	0.08945	0	da39a3ee5e6b		99699	8713	103925	0.4497	162	233	False	4000	1.86	
sat-comp-2025	ccc66f699505f84d67d7b4eaa78e5bd5-VanDerWaerden_pd_2-3-23_505	VanDerWaerden_pd_2-3-23_505	vdw	253	34014	34014	150994	55140	682153	0.08083	0	da39a3ee5e6b		34014	253	31845	0.0	1	251	False	253	0.35	
sat-comp-2025	cdd131110acc861a5a01fae6c4936c91-6g_6color_366_050_04	6g_6color_366_050_04	dimacs-coloring	77328	8485566	8485566	17022684	6451804	133637786	0.04828	0	da39a3ee5e6b		200000	76162	202020	0.0333	10752	55	False	4000	14.5	
sat-comp-2025	cdd89d1b9259dcf26d4a53ba94041e93-sted2_0x0_n219-342	sted2_0x0_n219-342	sted	24624	212761	212761	716673	441120	4289686	0.10283	0	da39a3ee5e6b		200000	24624	262719	0.5356	1799	400	True	4000	3.23	
sat-comp-2025	cdf559a186b55457ce49516ec323e907-at-least-two-traffic_kkb_unknown	at-least-two-traffic_kkb_unknown	at-least-two	103530	1541429	1541429	5681192	2054100	39215086	0.05238	0	da39a3ee5e6b		200000	78527	727272	0.6638	3431	400	True	4000	8.43	
sat-comp-2025	d0298807e51730261ef65db827dcd70f-Break_triple_16_70.xml	Break_triple_16_70.xml	break-scheduling	33919	133179	133179	308667	223252	2109490	0.10583	0	da39a3ee5e6b		133179	33918	187156	0.5739	1557	400	True	4000	3.5	
sat-comp-2025	d07b717548b8c9c1477dd7f4a650bdf7-544707209399nc.shuffled-as.sat03-1670	544707209399nc.shuffled-as.sat03-1670	sat03-nw	4404	17442	17442	52210	108692	309189	0.35154	0	da39a3ee5e6b		17442	4404	11596	0.3715	823	85	False	4000	0.27	
sat-comp-2025	d1c28f29dc80ff82a3e32aa47fac8b41-arles_thres10_p10_r8175	arles_thres10_p10_r8175	arles	4487	16697	16697	79278	22068	386714	0.05707	0	da39a3ee5e6b		16697	4487	29503	0.453	61	400	True	4000	2.13	
sat-comp-2025	d2af3fde615d7c4d4a4574fc8839970e-lockchart-group1-L190-K276-p8d4j1.normalised	lockchart-group1-L190-K276-p8d4j1.normalised	lockchart	1692960	3410378	3410378	8394192	2891548	66610050	0.04341	0	da39a3ee5e6b		200000	233987	396905	0.4721	31857	5	False	4000	7.84	
sat-comp-2025	d35dfc38e1681b48ebceb4113d205a23-16_2	16_2	singletons	2688	8896	8896	24320	15664	138872	0.11279	0	da39a3ee5e6b		8896	2688	6688	0.4284	254	174	False	2688	0.44	
sat-comp-2025	d3e4e0f01836bb359725c6aa5072afce-bp4_BC012_AM_IXA_LPI.normalised	bp4_BC012_AM_IXA_LPI.normalised	bp	92439	874467	874467	3196554	1284028	22593485	0.05683	0	da39a3ee5e6b		200000	81211	423972	0.4833	800	400	True	4000	5.23	
sat-comp-2025	d421913def55cb5f7302ffe9918cc153-snw_16_8_preOpt_pre	snw_16_8_preOpt_pre	snw	60746	2435854	2435854	7395104	3600888	48298312	0.07456	0	da39a3ee5e6b		200000	60639	534196	0.0	1	400	True	4000	7.85	
sat-comp-2025	d4256f750a8db53113c128b397722443-PancakeVsSelectionSort_6_6	PancakeVsSelectionSort_6_6	sort-equivalence	3325	12330	12330	35170	32468	199565	0.16269	0	da39a3ee5e6b		12330	3325	12029	0.7547	164	122	False	3325	0.22	
sat-comp-2025	d5928883c1e1f70764a31a83aa419eaf-oski15a01b42s_opt	oski15a01b42s_opt	oski	488231	1549790	1549790	3885978	4257624	31035215	0.13719	0	da39a3ee5e6b		200000	286830	372522	0.6228	82586	15	False	4000	5.08	
sat-comp-2025	d5b11b0b73eb4ecebdbf6ee8143da689-oisc-subrv-and-nested-11	oisc-subrv-and-nested-11	oisc	7017468	24415251	24415251	65948739	39737488	573391514	0.0693	0	da39a3ee5e6b		200000	380260	478226	0.4147	98978	55	False	4000	47.61	
sat-comp-2025	d672bdbca3b1fb26d585e78add79537e-velev-pipe-o-uns-1.1-6	velev-pipe-o-uns-1.1-6	velev-pipe	17710	304026	304026	890580	376084	5694299	0.06605	0	da39a3ee5e6b		200000	17661	267402	0.3694	49	400	True	4000	4.06	
sat-comp-2025	d6afa5689d75e37111656db8980dd54b-grs-160-48	grs-160-48	grs	166266	490532	490532	1317572	947236	10015595	0.09458	0	da39a3ee5e6b		200000	159694	296188	0.6502	18855	3	False	4000	2.6	
sat-comp-2025	d839601ab519549e507de27b868fa48b-oski15a01b19s_opt	oski15a01b19s_opt	oski	488743	1554026	1554026	3897684	4259332	31125591	0.13684	0	da39a3ee5e6b		200000	286408	370081	0.6238	83039	15	False	4000	5.04	
sat-comp-2025	d8666a18cf3a32af0a606099f0070b4b-7.normalised	7.normalised	anon-normalised	46901230	126179717	126179717	287814721	350210328	2908013462	0.12043	0	da39a3ee5e6b		200000	434494	318274	0.5776	301971	11	False	4000	228.17	
sat-comp-2025	d88a8a62342be0ef04bd3b429f311352-bp4_BC012_CSO_IXA_LP.normalised	bp4_BC012_CSO_IXA_LP.normalised	bp	102332	928103	928103	3367126	1381616	23832212	0.05797	0	da39a3ee5e6b		200000	88916	433275	0.4995	1475	400	True	4000	5.56	
sat-comp-2025	d88c6afc13cdad0e2c8371a879692b39-battleship-13-13-unsat	battleship-13-13-unsat	battleship	169	1183	1183	4225	3316	18609	0.17819	0	da39a3ee5e6b		1183	169	12168	0.0127	2	155	False	169	0.06	
sat-comp-2025	d89fc3e9c24e0383e940464f4704657e-SC25_Timetable_C_395_E_47_Cl_27_D_7_T_50.normalised	SC25_Timetable_C_395_E_47_Cl_27_D_7_T_50.normalised	timetable	216497	680069	680069	1817540	1163092	13733843	0.08469	0	da39a3ee5e6b		200000	167370	403875	0.6496	18062	20	False	4000	3.28	
sat-comp-2025	d9320e4dbba0f8bd699085f61a98ff5c-mod4block_3vars_7gates	mod4block_3vars_7gates	arith-xor-misc	574	118394	118394	692282	153804	3320353	0.04632	0	da39a3ee5e6b		118394	574	48576	-0.3884	2	333	False	574	1.88	
sat-comp-2025	d971241ca861121371d20be1d61c15a3-arles_thres20_p10_r7532	arles_thres20_p10_r7532	arles	2320	8620	8620	31412	11896	156708	0.07591	0	da39a3ee5e6b		8620	2320	15349	0.35	13	400	True	2320	1.29	
sat-comp-2025	d99fd10afec0eea1a41a429936bfef59-oski15a01b02s_opt	oski15a01b02s_opt	oski	488489	1549059	1549059	3883237	4265408	31012080	0.13754	0	da39a3ee5e6b		200000	286790	370479	0.6195	82764	19	False	4000	5.01	
sat-comp-2025	dbb42e010bed2259e4e27bc43e4d86c6-lockchart-group3-L11-K23-p4d3j1.normalised	lockchart-group3-L11-K23-p4d3j1.normalised	lockchart	3432	6248	6248	15096	11356	85307	0.13312	0	da39a3ee5e6b		6248	2784	19770	0.7025	228	245	False	2784	0.9	
sat-comp-2025	dbe12d6d2e341d7b4e4216142f29e170-bp4_BC012_CSO_AM_FPBEQ_FPBLE_ZR.normalised	bp4_BC012_CSO_AM_FPBEQ_FPBLE_ZR.normalised	bp	83454	722493	722493	2098352	1059696	15069461	0.07032	0	da39a3ee5e6b		200000	76667	354653	0.6452	1018	347	False	4000	5.61	
sat-comp-2025	ddc308b079b032211ac8e4ae136c2626-ncc_none_2_17_4_3_0_0_435991723	ncc_none_2_17_4_3_0_0_435991723	ncc	1835101	6291414	6291414	24379318	20963084	205931811	0.1018	0	da39a3ee5e6b		200000	323121	869996	0.1366	96	20	False	4000	17.82	
sat-comp-2025	ddf9620410e6a4351f64c745670ef5d4-oddball_57_5_tto_zp.normalised	oddball_57_5_tto_zp.normalised	oddball	63706	23590384	23590384	75772536	6779336	521840602	0.01299	0	da39a3ee5e6b		200000	26439	218806	0.1579	1902	400	True	4000	43.28	
sat-comp-2025	de8988028668791f35a7b9f94353b5b9-sudoku-N30-16	sudoku-N30-16	sudoku	842179	2262848	2262848	5961793	4502528	45775834	0.09836	0	da39a3ee5e6b		200000	271712	581778	0.5537	59784	32	False	4000	6.81	
sat-comp-2025	de8c42d50f1dbf43a731f1916dc6bf01-16_16_booth_dadda_mapped_and_and_wallace_origin_bit28	16_16_booth_dadda_mapped_and_and_wallace_origin_bit28	multiplier-16x16	2948	9573	9573	24537	28384	141708	0.2003	0	da39a3ee5e6b		9573	2948	8035	0.381	409	78	False	2948	0.17	
sat-comp-2025	df813fe752353c2cc3b9040865aecfe4-veer_axi_yosyshq_appnote_123_veer_axi-p06_transition	veer_axi_yosyshq_appnote_123_veer_axi-p06_transition	hwmc-step-transition	521158	1306928	1306928	3438410	3694332	27753257	0.13311	0	da39a3ee5e6b		200000	289099	408678	0.4673	67004	30	False	4000	4.78	
sat-comp-2025	dff4ea0af62900ab4d404f3bf7649a4d-nla-digbench-scaling_dijkstra-u_valuebound1_step	nla-digbench-scaling_dijkstra-u_valuebound1_step	hwmc-step-transition	5816912	19317399	19317399	50459725	44631696	453523321	0.09841	0	da39a3ee5e6b		200000	478482	439168	0.7988	225091	2	False	4000	38.76	
sat-comp-2025	e12874b16df577b301608d03731595d8-rphp5_085_shuffled	rphp5_085_shuffled	php	850	15645	15645	60520	90140	294476	0.3061	0	da39a3ee5e6b		15645	850	48865	0.0442	77	297	False	850	0.99	
sat-comp-2025	e207ba2df64495327f715e08155a220f-fermat-834855329100173267	fermat-834855329100173267	factoring	12258	69476	69476	231707	135204	1407579	0.09605	0	da39a3ee5e6b		69476	12258	50166	0.4458	947	109	False	4000	0.66	
sat-comp-2025	e23edb67db2d1dfdbfe2f4c02d09c6c7-14.normalised	14.normalised	anon-normalised	9357870	25169797	25169797	57409921	69343000	529612863	0.13093	0	da39a3ee5e6b		200000	420729	317856	0.5644	280656	11	False	4000	48.67	
sat-comp-2025	e2d2b011b0805782df6adba648db92e8-59-129706	59-129706	anon-pair	31294	802297	802297	1632966	901488	12379914	0.07282	0	da39a3ee5e6b		200000	31283	217909	0.7481	628	400	True	4000	4.75	
sat-comp-2025	e318e2ac78b473091c3c2197afd7fc98-544707209399nw.shuffled-as.sat03-1671	544707209399nw.shuffled-as.sat03-1671	sat03-nw	4551	18031	18031	53975	112936	320294	0.3526	0	da39a3ee5e6b		18031	4551	11963	0.3943	748	87	False	4000	0.27	
sat-comp-2025	e3bd4a397f34a99c47d1b2e0e9abcd43-crusti_g2io_250_0.2_255_43.normalised	crusti_g2io_250_0.2_255_43.normalised	crusti-g2io	191250	13082265	13082265	38864292	27520240	288891592	0.09526	0	da39a3ee5e6b		200000	158323	314916	0.4425	37359	36	False	4000	26.31	
sat-comp-2025	e430acf720b63044e5c825a00a76b0eb-rphp_p25_r25	rphp_p25_r25	php	1250	15375	15375	46300	15600	278309	0.05605	0	da39a3ee5e6b		15375	1250	33650	0.4125	26	207	False	1250	0.58	
sat-comp-2025	e442248e155eb81a811edd1deca8a2cd-sudoku-N30-23	sudoku-N30-23	sudoku	842116	2262785	2262785	5961667	4510428	45775064	0.09853	0	da39a3ee5e6b		200000	272521	586339	0.5574	59825	25	False	4000	6.89	
sat-comp-2025	e4ac15cf2373fe0a3601065225178916-2013113162201nw.shuffled-as.sat03-1668	2013113162201nw.shuffled-as.sat03-1668	sat03-nw	5029	19934	19934	59678	125696	354733	0.35434	0	da39a3ee5e6b		19934	5029	13229	0.4912	471	81	False	4000	0.28	
sat-comp-2025	e707c7e87816dd02ae433d268bd327c6-Break_triple_14_48.xml	Break_triple_14_48.xml	break-scheduling	24089	86884	86884	201392	169368	1352651	0.12521	0	da39a3ee5e6b		86884	24088	131090	0.5555	1117	400	True	4000	3.59	
sat-comp-2025	e7addace716ccd5c16ff9a5650869465-mp1-klieber2017s-0300-032-t12	mp1-klieber2017s-0300-032-t12	mp1	19491	58388	58388	136244	164816	862942	0.19099	0	da39a3ee5e6b		58388	19491	53722	0.5208	1279	73	False	4000	0.36	
sat-comp-2025	e7ee736cb1d140b3f70c6f519097aa32-circuit_32in32out_with_64gates_7in7out_dist128_seed2.sanitized	circuit_32in32out_with_64gates_7in7out_dist128_seed2.sanitized	circuit-gates	480	1040416	1040416	14565408	1871424	64048891	0.02922	0	da39a3ee5e6b		200000	409	4093	0.4134	2	84	False	409	10.91	
sat-comp-2025	e9f6eb5654365bb115e6d96405ea9a76-crusti_g2io_250_0.2_255_12.normalised	crusti_g2io_250_0.2_255_12.normalised	crusti-g2io	191250	13089135	13089135	38884902	27572956	289053666	0.09539	0	da39a3ee5e6b		200000	158418	311965	0.4285	37790	36	False	4000	26.46	
sat-comp-2025	ea37a677b357328c1641ef2f6087bf66-clqcl_30_9_8.normalised	clqcl_30_9_8.normalised	clqcl	945	40674	40674	116580	32688	623794	0.0524	0	da39a3ee5e6b		40674	945	55425	0.0	1	400	True	945	0.26	
sat-comp-2025	ea40162dda3f9b923b6160854cf7f75a-sudoku-N30-15	sudoku-N30-15	sudoku	842026	2262695	2262695	5961487	4534380	45774287	0.09906	0	da39a3ee5e6b		200000	272220	585974	0.5577	59952	24	False	4000	6.85	
sat-comp-2025	ebbda8d90dfd9b6500bf932f952907a6-2018D_VexRiscv-regch0-20-p1_step	2018D_VexRiscv-regch0-20-p1_step	hwmc-step-transition	723395	1710014	1710014	4770440	3958544	38074183	0.10397	0	da39a3ee5e6b		200000	328533	471882	0.5127	79888	20	False	4000	6.08	
sat-comp-2025	ed6d842f96d10f3400bce251f9e95bfb-battleship-16-31-sat	battleship-16-31-sat	battleship	496	3976	3976	15376	7808	73563	0.10614	0	da39a3ee5e6b		3976	496	15880	0.2655	20	151	False	496	0.1	
sat-comp-2025	ed9f304b537a768f462bd1c723c5396e-ITC2021_Early_9.xml	ITC2021_Early_9.xml	itc2021	24110	115414	115414	262431	197036	1835065	0.10737	0	da39a3ee5e6b		115414	24103	178346	0.5565	1391	400	True	4000	3.41	
sat-comp-2025	ee5fb3e181571740adb8444bd052dbdc-11.normalised	11.normalised	anon-normalised	53940610	145119077	145119077	331015621	402754640	3354706262	0.12006	0	da39a3ee5e6b		200000	435486	318841	0.5804	302864	11	False	4000	257.73	
sat-comp-2025	efc1b7cc3861df8c2b68ca10399b794e-oddball_19_4_ttf.normalised	oddball_19_4_ttf.normalised	oddball	5322	105988	105988	378645	132740	2113374	0.06281	0	da39a3ee5e6b		105988	5322	115759	0.2122	161	400	True	4000	2.44	
sat-comp-2025	f0753a43fd48018b408d64ea68a4a924-Nb54T6	Nb54T6	mp1	2809398	12480480	12480480	33697296	21994672	304371239	0.07226	0	da39a3ee5e6b		200000	341259	467322	0.5011	72786	114	False	4000	26.25	
sat-comp-2025	f0bafebdcce23ccfbaf6c27a7522069b-div-mitern172	div-mitern172	div-sqrt-miter	2851	12113	12113	35093	41716	205931	0.20257	0	da39a3ee5e6b		12113	2849	14630	0.5673	110	201	False	2849	0.66	
sat-comp-2025	f17dfbed8c18716a41b231702e127524-SC25_Timetable_C_406_E_45_Cl_26_D_7_T_50.normalised	SC25_Timetable_C_406_E_45_Cl_26_D_7_T_50.normalised	timetable	217449	678384	678384	1810434	1137028	13657402	0.08325	0	da39a3ee5e6b		200000	167600	400577	0.6633	18122	22	False	4000	3.19	
sat-comp-2025	f1973c0a4e960a914ff12aa7e4e9293c-lockchart-group2-rnd0.3-L19-K38-P8D4J1_4	lockchart-group2-rnd0.3-L19-K38-P8D4J1_4	lockchart	24928	44365	44365	110808	55164	704360	0.07832	0	da39a3ee5e6b		44365	18240	92958	0.516	1827	400	True	4000	1.73	
sat-comp-2025	f1cd694d42891a20c96a65ee1c321edc-oddball_24_4_ttf.normalised	oddball_24_4_ttf.normalised	oddball	7932	166276	166276	605864	190208	3482177	0.05462	0	da39a3ee5e6b		166276	7932	179454	0.1843	372	400	True	4000	1.69	
sat-comp-2025	f25a1df88f89c6bcbe2602fa7f6e816b-1-TC-256-K-63.sanitized	1-TC-256-K-63.sanitized	et-tc	14687	437212	437212	970127	221832	6624127	0.03349	0	da39a3ee5e6b		200000	14683	216131	0.8383	231	96	False	4000	2.22	
sat-comp-2025	f32bb347996c351bc3e9a91c58e8601d-DLTM_twitter774_83_17	DLTM_twitter774_83_17	dltm	21208	122064	122064	323938	224520	2168437	0.10354	0	da39a3ee5e6b		122064	21208	142533	0.7625	717	188	False	4000	1.19	
sat-comp-2025	f33a6163305d6559043b7438a692dea9-simon-r17-1.sanitized	simon-r17-1.sanitized	simon	2848	9440	9440	25824	16484	147991	0.11139	0	da39a3ee5e6b		9440	2848	7104	0.4211	242	207	False	2848	0.56	
sat-comp-2025	f371fb73e6bd6d05b306519818bd5c89-WS_500_16_90_70.apx_1_DS-ST	WS_500_16_90_70.apx_1_DS-ST	argumentation	1000	13501	13501	30501	30660	161936	0.18933	0	da39a3ee5e6b		13501	1000	26347	0.0	1	400	True	1000	0.16	
sat-comp-2025	f37757b26c83935780be4f814f8ea401-bp4_TCO_IXA_FPBLE_ZR.normalised	bp4_TCO_IXA_FPBLE_ZR.normalised	bp	79787	699346	699346	2026927	1005668	14557769	0.06908	0	da39a3ee5e6b		200000	73500	350260	0.6432	843	373	False	4000	5.14	
sat-comp-2025	f3abc375afaf48c7eae21500b773bd21-tseitin_grid_n400_m400	tseitin_grid_n400_m400	tseitin	319200	1273608	1273608	5088048	2452516	38948285	0.06297	0	da39a3ee5e6b		200000	297883	709597	0.759	31448	13	False	4000	6.26	
sat-comp-2025	f406e2b8b28f205f16e8983bd522db13-oddball_112_5_ttf.normalised	oddball_112_5_ttf.normalised	oddball	184202	1201327	1201327	23555721	2643612	142501594	0.01855	0	da39a3ee5e6b		200000	152774	469933	0.5731	17108	54	False	4000	9.13	
sat-comp-2025	f4ca5fca83e870d2ed56f2b00b074ed4-TT7F-33-24B	TT7F-33-24B	singletons	5984	575394	575394	17833776	10705044	90322170	0.11852	0	da39a3ee5e6b		200000	3684	968817	0.0	1	400	True	3684	20.03	
sat-comp-2025	f569dc48ad062a3110ff08a8d59e59ab-crusti_g2io_200_0.1_127_19.normalised	crusti_g2io_200_0.1_127_19.normalised	crusti-g2io	76200	3181365	3181365	9391692	6967036	64549483	0.10793	0	da39a3ee5e6b		200000	72701	369736	0.8	541	68	False	4000	8.33	
sat-comp-2025	f5c12b1eb9c49e994abb238576a9372b-bp4_BC012_CSO_IXA_LP_FPBLE.normalised	bp4_BC012_CSO_IXA_LP_FPBLE.normalised	bp	106053	863565	863565	2491208	1282228	17928781	0.07152	0	da39a3ee5e6b		200000	93478	382301	0.6228	1565	398	False	4000	6.18	
sat-comp-2025	f626408ec204fd8e1a7924d0e59672e9-oski15a01b41s_opt	oski15a01b41s_opt	oski	488448	1550959	1550959	3890899	4251668	31070594	0.13684	0	da39a3ee5e6b		200000	286445	371617	0.6212	82268	16	False	4000	5.05	
sat-comp-2025	f6a085f3c728e53f57542e62df20e56b-crafted_n10_d6_c4_num8	crafted_n10_d6_c4_num8	crafted-n	42048	11135080	11135080	22311328	4194984	171727312	0.02443	0	da39a3ee5e6b		200000	41860	200325	0.0851	5963	45	False	4000	18.18	
sat-comp-2025	f6f91f6a44c3953b788c026cbbaa4e91-arles_thres10_p20_r4514	arles_thres10_p20_r4514	arles	8357	32177	32177	110134	42952	591268	0.07264	0	da39a3ee5e6b		32177	8357	56863	0.4032	91	400	True	4000	1.66	
sat-comp-2025	fab2022deb130fe3ad1136a5c71b4109-case9	case9	case	500	4502	4502	10205	8940	55885	0.15997	0	da39a3ee5e6b		4502	500	3303	0.2794	21	283	False	500	0.46	
sat-comp-2025	fae6cf26f3da1e7d8fc4926a9ca86b61-SC25_Timetable_C_495_E_50_Cl_33_D_7_T_50.normalised	SC25_Timetable_C_495_E_50_Cl_33_D_7_T_50.normalised	timetable	260757	839276	839276	2242630	1405700	17098920	0.08221	0	da39a3ee5e6b		200000	182809	415110	0.6528	24936	15	False	4000	3.64	
sat-comp-2025	fbdca334e6985cd2de8718b60695b5f6-gm16sparrc	gm16sparrc	gm-sparrc	14441	86450	86450	259377	212280	1510219	0.14056	0	da39a3ee5e6b		86450	14441	71119	0.4575	41	69	False	4000	0.66	
sat-comp-2025	fc67d414ea20a0ffffc087d7577af2fe-sudoku-N30-28	sudoku-N30-28	sudoku	842134	2262803	2262803	5961703	4528044	45774132	0.09892	0	da39a3ee5e6b		200000	271834	582552	0.5541	60052	30	False	4000	6.94	
sat-comp-2025	fcc4c4522c54db2f1cee86fe0fff5f4a-x-epic_a19-p16_step	x-epic_a19-p16_step	hwmc-step-transition	1636233	4317588	4317588	11684664	10611644	99066279	0.10712	0	da39a3ee5e6b		200000	394584	463780	0.6904	126644	2	False	4000	10.82	
sat-comp-2025	fdc4dd704e4d93a50fafb1debd8a6789-bp4_CB_LP_FPBLE.normalised	bp4_CB_LP_FPBLE.normalised	bp	74653	667246	667246	2091880	954568	14977288	0.06373	0	da39a3ee5e6b		200000	69854	347497	0.6742	1152	309	False	4000	4.68	
sat-comp-2025	fdefca5f5236d5a8361dbdff0d017eeb-oddball_29_4_ttf.normalised	oddball_29_4_ttf.normalised	oddball	10876	239878	239878	875173	249100	5132271	0.04854	0	da39a3ee5e6b		200000	10873	222249	0.152	408	400	True	4000	4.47	
sat-comp-2025	fe851239cedd4197c5390cee55fee723-grs-256-64	grs-256-64	grs	324148	958750	958750	2581206	1809752	20449359	0.0885	0	da39a3ee5e6b		200000	256673	372081	0.743	51498	2	False	4000	3.86	
sat-comp-2025	fe9b9a35531e13dab41307e569386dab-lockchart-group1-L220-K317-p8d4j1.normalised	lockchart-group1-L220-K317-p8d4j1.normalised	lockchart	2248832	4534906	4534906	11162244	3707176	90176990	0.04111	0	da39a3ee5e6b		200000	239395	399158	0.4781	36394	5	False	4000	9.73	
sat-comp-2025	fea0f926e766ccba7c7dc261084ecbd0-16_16_default_mapped_ultra_and_and_dadda_mapped_bit28	16_16_default_mapped_ultra_and_and_dadda_mapped_bit28	multiplier-16x16	3166	10211	10211	25983	28920	151694	0.19065	0	da39a3ee5e6b		10211	3166	8307	0.3627	580	75	False	3166	0.15	
sat-comp-2026	011984fd82d62d609e776fbf5de75440-arles_thres20_p10_r7533	arles_thres20_p10_r7533	arles	2320	8620	8620	31414	12092	156716	0.07716	0	da39a3ee5e6b		8620	2320	15349	0.35	13	400	True	2320	1.27	
sat-comp-2026	01d6fa8efd18ebfecd06af408958477b-lightsout_sat_25_unbounded_direct_planted250_4_sat.sanitized	lightsout_sat_25_unbounded_direct_planted250_4_sat.sanitized	lightsout	625	9216	9216	45312	20076	215499	0.09316	0	da39a3ee5e6b		9216	625	3502	0.6749	27	82	False	625	0.12	
sat-comp-2026	02a46668243d6dabab4cf74d3811f6b6-1x1x13_1x3x6_pair_4_2_0_2_5_0.sanitized	1x1x13_1x3x6_pair_4_2_0_2_5_0.sanitized	pair-packing	9612	210064	210064	804540	313340	4505425	0.06955	0	da39a3ee5e6b		200000	6912	277852	0.0	1	400	True	4000	3.35	
sat-comp-2026	0359596347daa117da50950748bc06d1-j3037_9_rggt_bm1	j3037_9_rggt_bm1	rggt	18420	83276	83276	213242	136188	1424915	0.09558	0	da39a3ee5e6b		83276	18419	140837	0.7072	362	400	True	4000	2.05	
sat-comp-2026	03e49a528251af9a7b7e1ca03c33b162-schooltt-5-5-8-2-4-5-10-0.1-0.2-seed2.sanitized	schooltt-5-5-8-2-4-5-10-0.1-0.2-seed2.sanitized	schooltt	25095	338567	338567	834003	198036	6118321	0.03237	0	da39a3ee5e6b		200000	25080	256172	0.5904	716	256	False	4000	5.61	
sat-comp-2026	042cdc726a92bf0a2195b3b426f35bce-reconf20_50_grid10_1_6141	reconf20_50_grid10_1_6141	reconf	139160	548063	548063	1705580	826772	12150927	0.06804	0	da39a3ee5e6b		200000	118018	355783	0.0944	8684	220	False	4000	4.58	
sat-comp-2026	043c91001968a1fbd1ef419540fcb396-miles1500.72.sanitized	miles1500.72.sanitized	dimacs-coloring	9216	748640	748640	1506240	190908	10352425	0.01844	0	da39a3ee5e6b		200000	9216	176248	0.9692	72	286	False	4000	3.05	
sat-comp-2026	04d0ae28e10d4a35ebab62f42f0200e8-168.smt2	168.smt2	smt2	988187	3112009	3112009	7657437	7549184	62332715	0.12111	0	da39a3ee5e6b		200000	320813	365747	0.3908	137192	34	False	4000	7.9	
sat-comp-2026	0757e47d262b75171c0040987e6d20ce-vdwb_k6_n400.sanitized	vdwb_k6_n400.sanitized	vdw	400	31600	31600	189600	98944	879646	0.11248	0	da39a3ee5e6b		31600	400	56982	0.0	1	362	False	400	1.14	
sat-comp-2026	07df5e6f674201e2bf31bcaa8866ba75-cabp-V-nos6.mtx.rnd-k331.sanitized	cabp-V-nos6.mtx.rnd-k331.sanitized	bandwidth-mtx	1642950	8977702	8977702	19531192	9461524	175311669	0.05397	0	da39a3ee5e6b		200000	371916	249994	0.3326	275522	11	False	4000	16.29	
sat-comp-2026	08cf53ca00dce11f5bfc02121c9bcd33-GreenTao_2-3-5_528	GreenTao_2-3-5_528	greentao	527	12692	12692	38748	31008	174804	0.17739	0	da39a3ee5e6b		12692	527	31682	0.4929	2	243	False	527	0.63	
sat-comp-2026	0922feab75c35d04d9b8df69013a6df0-toughsat_22bits_0	toughsat_22bits_0	factoring	600	16802	16802	119277	90284	538566	0.16764	0	da39a3ee5e6b		16802	597	11072	0.5616	15	84	False	597	0.29	
sat-comp-2026	09637d3bd641b4d733666a862e8918ea-mrpp_8x8_20_14	mrpp_8x8_20_14	singletons	12662	102387	102387	310507	191280	1954128	0.09789	0	da39a3ee5e6b		102387	12393	122975	0.5096	417	319	False	4000	3.17	
sat-comp-2026	09e0775d2b51c49ec1ec4d214ee7c8c8-ntil-90d-37.sanitized	ntil-90d-37.sanitized	ntil	342	339679	339679	1037959	388916	5547316	0.07011	0	da39a3ee5e6b		200000	342	54624	0.0	1	332	False	342	1.87	
sat-comp-2026	0aea4286a11d91ee8fa356d5db046373-gus-md5-08	gus-md5-08	crypto-hash	69397	226300	226300	586492	422096	4183434	0.1009	0	da39a3ee5e6b		200000	69389	176117	0.4431	8035	2	False	4000	1.34	
sat-comp-2026	0be1e12a8e7282d1a4e389bb90f6dbc7-or_randxor_k3_n600_m600	or_randxor_k3_n600_m600	parity	1200	8093	8093	32400	21568	164237	0.13132	0	da39a3ee5e6b		8093	1144	7732	0.441	74	319	False	1144	0.73	
sat-comp-2026	0c9da400944b002f90fd385d4fdab385-DivS_568_11.cnf.sanitized	DivS_568_11.cnf.sanitized	div-sqrt-miter	568	553495	553495	6060889	7841624	27229771	0.28798	0	da39a3ee5e6b		200000	568	161028	0.0	1	400	True	568	12.12	
sat-comp-2026	0cab9100cdd8505069301d658d085899-AProVE07-01	AProVE07-01	aprove	7502	28770	28770	76290	76920	457306	0.1682	0	da39a3ee5e6b		28770	7502	29624	0.6492	470	92	False	4000	0.29	
sat-comp-2026	0d082b8fa36f662217bee5524cd24d3a-mexam_23_20_2.sanitized	mexam_23_20_2.sanitized	exam-timetabling	920	48323	48323	97520	20672	571894	0.03615	0	da39a3ee5e6b		48323	920	38180	0.4922	20	400	True	920	0.7	
sat-comp-2026	0d0fabe0fbca67a8740ebe8b8621d465-as-p147-l51-o0-rot-rfl-68-i.sanitized	as-p147-l51-o0-rot-rfl-68-i.sanitized	as-p	728645	12612538	12612538	46889444	16497380	348653243	0.04732	0	da39a3ee5e6b		200000	215201	963792	0.2451	26601	159	False	4000	31.59	
sat-comp-2026	0e06895600b5cd0b6fadb87e17bf8145-ntil-90d-39.sanitized	ntil-90d-39.sanitized	ntil	380	432291	432291	1319404	474816	7095121	0.06692	0	da39a3ee5e6b		200000	380	65913	0.0	1	370	False	380	2.31	
sat-comp-2026	0ec6bf97a96b9840ae84f1d1da4c4dcd-count_p3_M19.sanitized	count_p3_M19.sanitized	count	969	220951	220951	444771	73812	2613295	0.02824	0	da39a3ee5e6b		200000	969	180934	0.0	1	400	True	969	0.94	
sat-comp-2026	0efcbd10294eb001b16b4d126923372f-lightsout_sat_23_unbounded_direct_random50_2_unsat.sanitized	lightsout_sat_23_unbounded_direct_random50_2_unsat.sanitized	lightsout	529	7744	7744	38016	16084	179715	0.0895	0	da39a3ee5e6b		7744	529	2946	0.6625	22	67	False	529	0.09	
sat-comp-2026	0f1070ba60b55aa62d3a98798a14700e-mulsol.i.2.30.sanitized	mulsol.i.2.30.sanitized	dimacs-coloring	5640	116738	116738	238740	42068	1550056	0.02714	0	da39a3ee5e6b		116738	5370	128958	0.4763	106	400	True	4000	2.79	
sat-comp-2026	117b99ffa16d21cb4ccb1c66829b0c7e-adv_gc_n50_k14_UNSAT_s42.sanitized	adv_gc_n50_k14_UNSAT_s42.sanitized	adv-gc	1350	15166	15166	30932	14092	179936	0.07832	0	da39a3ee5e6b		15166	1350	18416	0.6894	14	400	True	1350	0.44	
sat-comp-2026	1236c1406a2749b8022b5196e93de589-ntil-90d-33.sanitized	ntil-90d-33.sanitized	ntil	272	200920	200920	615729	242624	3236823	0.07496	0	da39a3ee5e6b		200000	272	36197	0.0	1	262	False	272	0.94	
sat-comp-2026	123c397f55eeae78c45e8d973b8e9dce-rpoc_xits_09_UNSAT	rpoc_xits_09_UNSAT	xits-miters	1430	87044	87044	258924	46548	1363910	0.03413	0	da39a3ee5e6b		87044	1430	57365	-0.3714	2	400	True	1430	1.08	
sat-comp-2026	12535b3264a9c88bac14522171b497ef-sbdp4_138.sanitized	sbdp4_138.sanitized	sbdp	2726	8975	8975	23323	25068	133759	0.18741	0	da39a3ee5e6b		8975	2726	7331	0.4717	193	113	False	2726	0.2	
sat-comp-2026	129162378e8ad29b5485a9c53feee4b7-hantzsche_wendt_unit_93	hantzsche_wendt_unit_93	hantzsche-wendt	12168	55927	55927	179277	100784	1072298	0.09399	0	da39a3ee5e6b		55927	12168	48492	0.3111	1287	104	False	4000	0.4	
sat-comp-2026	12ac1c71ff0405cc150c2a2db6c4a255-exam_75_65.sanitized	exam_75_65.sanitized	exam-timetabling	4875	336450	336450	677625	138940	4579920	0.03034	0	da39a3ee5e6b		200000	4875	201145	0.5181	65	400	True	4000	2.47	
sat-comp-2026	12cd0c3196589ac8105653cbfe613fc6-4pipe	4pipe	velev-pipe	5096	80213	80213	231845	120368	1328595	0.0906	0	da39a3ee5e6b		80213	5096	104155	0.2647	14	367	False	4000	5.62	
sat-comp-2026	1397d1d4d8d831069a2cdf911321da07-adv_gc_n300_k10_UNSAT_s42.sanitized	adv_gc_n300_k10_UNSAT_s42.sanitized	adv-gc	5700	42890	42890	88180	43656	578201	0.0755	0	da39a3ee5e6b		42890	5700	56090	0.3906	208	400	True	4000	1.04	
sat-comp-2026	147ae051ca727d5b2af87223b2299fbe-1x1x13_1x3x6_pair_0_0_0_2_2_1.sanitized	1x1x13_1x3x6_pair_0_0_0_2_2_1.sanitized	pair-packing	9612	210064	210064	804540	308344	4505422	0.06844	0	da39a3ee5e6b		200000	6912	277849	-0.2497	2	400	True	4000	3.39	
sat-comp-2026	15456f0d13b26f0b4b21525ef7d0d711-clique_n5_k10.sanitized	clique_n5_k10.sanitized	clique-coloring	450	20035	20035	40500	14188	232416	0.06105	0	da39a3ee5e6b		20035	450	20025	0.4395	9	289	False	450	0.62	
sat-comp-2026	15e666a42158e3304fc3979de28a5e44-adv_gc_n200_k12_UNSAT_s42.sanitized	adv_gc_n200_k12_UNSAT_s42.sanitized	adv-gc	4600	43812	43812	89624	39280	581702	0.06753	0	da39a3ee5e6b		43812	4600	56812	0.6198	12	400	True	4000	0.84	
sat-comp-2026	166e1e5a9f63fcf94ddae8533fa2a090-mp1-squ_any_s09x07_c27_abix_UNS	mp1-squ_any_s09x07_c27_abix_UNS	mp1	851	2731	2731	6896	6936	34056	0.20366	0	da39a3ee5e6b		2731	851	3240	0.5019	54	110	False	851	0.11	
sat-comp-2026	1680176921bab3f01c4f7c33791c8c23-schooltt-5-5-9-2-4-5-10-0.1-0.2-seed2.sanitized	schooltt-5-5-9-2-4-5-10-0.1-0.2-seed2.sanitized	schooltt	29489	408465	408465	1001165	232468	7387329	0.03147	0	da39a3ee5e6b		200000	29420	270397	0.5675	746	260	False	4000	6.15	
sat-comp-2026	16ca57f2cdffd5b0260fc771017e1f04-mdp-36-10-unsat	mdp-36-10-unsat	mdp	1250	7190	7190	25729	14816	117941	0.12562	0	da39a3ee5e6b		7190	1250	5474	0.6368	21	59	False	1250	0.1	
sat-comp-2026	16f8b291c8cdedb5ca7210fa0eeb34d9-zeroin.i.3.29.sanitized	zeroin.i.3.29.sanitized	dimacs-coloring	5974	102866	102866	211294	43576	1364343	0.03194	0	da39a3ee5e6b		102866	5141	116256	0.3141	128	400	True	4000	2.57	
sat-comp-2026	1707c4c24e66b2cfe6c03955b638bebf-xorshift_r16_119.sanitized	xorshift_r16_119.sanitized	xorshift	2273	8366	8366	23774	16596	135492	0.12249	0	da39a3ee5e6b		8366	2273	6398	0.4398	266	325	False	2273	1.34	
sat-comp-2026	180e6d8b61fe6bab26126b78591e324e-baseballcover11with22_and2positions	baseballcover11with22_and2positions	baseballcover	3587746	7175318	7175318	17897516	6366952	149040706	0.04272	0	da39a3ee5e6b		200000	388536	398501	0.4815	183641	1	False	4000	14.35	
sat-comp-2026	1890f49a43a94b97828528b68c32b78e-homer11.shuffled	homer11.shuffled	homer	220	1122	1122	2420	4140	11880	0.34848	0	da39a3ee5e6b		1122	220	2090	0.4787	14	71	False	220	0.03	
sat-comp-2026	1a3bef9e03bab1ed4e9e34506d72a451-le450_25b.col.25	le450_25b.col.25	dimacs-coloring	10800	198762	198762	407424	88424	2821645	0.03134	0	da39a3ee5e6b		198762	10800	228012	0.8272	91	400	True	4000	2.2	
sat-comp-2026	1b9c308123cb2b48d1894fc6d1848f1e-cabp-M-bcsstk06.mtx.rnd-k33.sanitized	cabp-M-bcsstk06.mtx.rnd-k33.sanitized	bandwidth-mtx	549360	7929210	7929210	16383630	6169764	143833578	0.0429	0	da39a3ee5e6b		200000	257861	218307	0.1487	129044	11	False	4000	14.09	
sat-comp-2026	1bb9fe12b4fb50e98903ee87a51d6472-goldb-heqc-k2mul	goldb-heqc-k2mul	singletons	11680	74581	74581	252050	189588	1412186	0.13425	0	da39a3ee5e6b		74581	11680	67029	0.555	891	187	False	4000	0.8	
sat-comp-2026	1c0fe2ac410f3942e374ea72ec005d76-SDP_120_17_1675.sanitized	SDP_120_17_1675.sanitized	sdp	74466	111149	111149	259175	372436	1866797	0.19951	0	da39a3ee5e6b		111149	74406	183032	0.5618	6960	70	False	4000	1.04	
sat-comp-2026	1eea3d913d346b900252d77fc0cb25c8-par32-4.shuffled	par32-4.shuffled	parity	3176	10313	10313	27645	57788	163319	0.35384	0	da39a3ee5e6b		10313	3176	7100	0.3854	157	77	False	3176	0.14	
sat-comp-2026	1f81f7e009f501014cb23a8c2d41836f-ACG-20-10p1	ACG-20-10p1	singletons	381708	1632906	1632906	3841867	2097588	31117006	0.06741	0	da39a3ee5e6b		200000	250896	383023	0.6426	70054	6	False	4000	4.95	
sat-comp-2026	1fac905143027e3bf0932c09f427aa15-adv_gc_n100_k10_UNSAT_s42.sanitized	adv_gc_n100_k10_UNSAT_s42.sanitized	adv-gc	1900	14440	14440	29680	14132	175264	0.08063	0	da39a3ee5e6b		14440	1900	18840	0.5818	10	400	True	1900	0.31	
sat-comp-2026	1fb646d2657b6dd5f0106dbec9fd6c27-chnl-040x041.sanitized	chnl-040x041.sanitized	chnl	3280	65682	65682	134480	41928	889594	0.04713	0	da39a3ee5e6b		65682	3280	71012	0.9111	80	327	False	3280	2.33	
sat-comp-2026	2027301e88cb029e4b47b747da8a180a-chnl-050x051.sanitized	chnl-050x051.sanitized	chnl	5100	127602	127602	260100	54060	1754265	0.03082	0	da39a3ee5e6b		127602	5100	134232	0.9398	100	400	True	4000	1.97	
sat-comp-2026	20ae1404784ed226a1e3e4c9b2d61a41-bwoadm_28_5.sanitized	bwoadm_28_5.sanitized	mult-miter	2914	9437	9437	24129	25624	139396	0.18382	0	da39a3ee5e6b		9437	2914	7849	0.3451	464	107	False	2914	0.19	
sat-comp-2026	211b0708454f7901054f5f92f525972e-sbdp4_65.sanitized	sbdp4_65.sanitized	sbdp	979	3169	3169	8237	8952	42079	0.21274	0	da39a3ee5e6b		3169	979	2621	0.3788	61	67	False	979	0.05	
sat-comp-2026	218f0eccbff400e06c9736bd759c1d3a-scc_9630_26_0.3_0.1_17.af_76.sanitized	scc_9630_26_0.3_0.1_17.af_76.sanitized	argumentation	19260	5481578	5481578	16396584	20748432	108086314	0.19196	0	da39a3ee5e6b		200000	19260	242535	0.0	1	400	True	4000	13.05	
sat-comp-2026	22465e251284b8f3e48bf9a06a94855c-as-p81-l27-o6-rot-568.sanitized	as-p81-l27-o6-rot-568.sanitized	as-p	141968	2160051	2160051	8002908	2996908	56529657	0.05301	0	da39a3ee5e6b		200000	112621	866852	0.5365	3377	291	False	4000	16.57	
sat-comp-2026	22c8d6aa86d51e15ef5ab37479eda22b-xor_op_n40_d3	xor_op_n40_d3	xor-op	3120	477680	477680	2859840	774932	15669790	0.04945	0	da39a3ee5e6b		200000	3120	475536	0.2901	13	400	True	3120	5.24	
sat-comp-2026	231f3a169120d3cda9f8feea88a20d85-xorshift_r14_42.sanitized	xorshift_r14_42.sanitized	xorshift	1773	6618	6618	19034	12780	105712	0.12089	0	da39a3ee5e6b		6618	1773	5026	0.4631	193	307	False	1773	0.93	
sat-comp-2026	23daec2c71ce3c1e346e6042f3dc42eb-mdp-32-14-unsat	mdp-32-14-unsat	mdp	979	5557	5557	19814	11916	88743	0.13428	0	da39a3ee5e6b		5557	979	4279	0.6198	17	53	False	979	0.07	
sat-comp-2026	247e42e46495f1c4b8707e497af8c93e-16.sanitized	16.sanitized	anon-sanitized	1200	21040	21040	81360	30660	453376	0.06763	0	da39a3ee5e6b		21040	1200	20352	0.0027	10	400	True	1200	0.4	
sat-comp-2026	2563ea83d8508d635cc034d80014cd72-1x1x13_1x3x6_pair_2_1_1_4_2_0.sanitized	1x1x13_1x3x6_pair_2_1_1_4_2_0.sanitized	pair-packing	9612	210064	210064	804540	307216	4505426	0.06819	0	da39a3ee5e6b		200000	6912	277850	-0.1979	4	400	True	4000	3.34	
sat-comp-2026	262a226a47330987f038128579967405-ais8.cnf.mis-97.debugged	ais8.cnf.mis-97.debugged	mis-debugged	10977	22114	22114	54788	26352	328253	0.08028	0	da39a3ee5e6b		22114	10977	43330	0.7767	25	147	False	4000	0.56	
sat-comp-2026	266e890b706cf336378bf148bbda1aff-mexam_15_12_2.sanitized	mexam_15_12_2.sanitized	exam-timetabling	360	11715	11715	23760	11044	134758	0.08195	0	da39a3ee5e6b		11715	360	9180	0.4779	11	239	False	360	0.31	
sat-comp-2026	27495ba0093076d2e39a9b218e521ee2-sbdp4_61_2.sanitized	sbdp4_61_2.sanitized	sbdp	644	2619	2619	7589	7568	38466	0.19675	0	da39a3ee5e6b		2619	642	2288	0.5635	50	69	False	642	0.04	
sat-comp-2026	276c46723eeb15ec37be224fbbd67574-sha1__zeroOut_18__freeIn_22__seed_0	sha1__zeroOut_18__freeIn_22__seed_0	crypto-hash	13409	478985	478985	3139017	1501212	18405541	0.08156	0	da39a3ee5e6b		200000	13407	148286	0.6447	24	400	True	4000	6.21	
sat-comp-2026	284dec9d0d0404c8b80d8bd8064e4c68-gensys-ukn004.shuffled-as.sat05-3844	gensys-ukn004.shuffled-as.sat05-3844	gensys	2731	17983	17983	126997	216196	682232	0.3169	0	da39a3ee5e6b		17983	2731	69582	0.0	1	343	False	2731	1.64	
sat-comp-2026	28dcc4119e1bbb5fbd3fdd8f4140f28d-lightsout_sat_25_unbounded_totalizer_planted150_3_sat.sanitized	lightsout_sat_25_unbounded_totalizer_planted150_3_sat.sanitized	lightsout	2702	8933	8933	25549	20660	147683	0.13989	0	da39a3ee5e6b		8933	2702	6231	0.6443	178	94	False	2702	0.15	
sat-comp-2026	29a27e97790bda6c34808f631dd0418e-linvrinv5.shuffled-as.sat05-564	linvrinv5.shuffled-as.sat05-564	linvrinv	450	1426	1426	3799	7072	19062	0.371	0	da39a3ee5e6b		1426	450	1290	0.0962	3	50	False	450	0.02	
sat-comp-2026	2a38c5d48846ee1c35c4c40938082a16-sbdp4_138_2.sanitized	sbdp4_138_2.sanitized	sbdp	1757	7469	7469	21728	21360	122697	0.17409	0	da39a3ee5e6b		7469	1755	6394	0.4919	177	136	False	1755	0.21	
sat-comp-2026	2ae678a4f0b8097615160a440efbe08e-as-p111-l36-o3-rot-II-5680-i.sanitized	as-p111-l36-o3-rot-II-5680-i.sanitized	as-p	339136	5480768	5480768	20517655	7214932	151548974	0.04761	0	da39a3ee5e6b		200000	169177	946196	0.4417	13943	272	False	4000	21.42	
sat-comp-2026	2b35377a7b95f24449a3b607b61fff05-bench_1277.smt2	bench_1277.smt2	smt2	28489	99593	99593	268871	274964	1807575	0.15212	0	da39a3ee5e6b		99593	28034	84802	0.6469	2045	15	False	4000	0.59	
sat-comp-2026	2b7e863462991fd008f9898eca63ebf4-SC23_Timetable_C_481_E_50_Cl_32_D_6_T_50	SC23_Timetable_C_481_E_50_Cl_32_D_6_T_50	timetable	248213	803227	803227	2151280	1307872	16361834	0.07993	0	da39a3ee5e6b		200000	178244	413750	0.6493	22947	14	False	4000	3.57	
sat-comp-2026	2b8cac8e1f5cad04696004e7fbf5cf2e-ntil-90d-34.sanitized	ntil-90d-34.sanitized	ntil	289	242594	242594	742386	273564	3932955	0.06956	0	da39a3ee5e6b		200000	289	41227	0.0	1	285	False	289	1.2	
sat-comp-2026	2bb63853a9b8b9b9327a142210a9f437-Medium-result_b30.af_61.sanitized	Medium-result_b30.af_61.sanitized	argumentation	3896	2918848	2918848	8746804	509688	52466058	0.00971	0	da39a3ee5e6b		200000	3895	197442	-0.2492	4	400	True	3895	7.8	
sat-comp-2026	2bbc3327d89b59591b89b5d5a486f037-001	001	singletons	4288	132592	132592	873647	418112	4913182	0.0851	0	da39a3ee5e6b		132592	4224	40758	0.4851	26	400	True	4000	2.63	
sat-comp-2026	2c4491c50d4df86e7c1838083cedc703-1x1x14_1x2x9_pair_4_3_0_2_3_1.sanitized	1x1x14_1x2x9_pair_4_3_0_2_3_1.sanitized	pair-packing	11020	241880	241880	926828	368228	5421279	0.06792	0	da39a3ee5e6b		200000	7887	296627	0.0	1	400	True	4000	3.62	
sat-comp-2026	2c458ef30d7b670f143d6c6e175e3ee9-oddball_70_5_tto_zp.normalised	oddball_70_5_tto_zp.normalised	oddball	88944	35644937	35644937	114611071	9370440	791085710	0.01185	0	da39a3ee5e6b		200000	30847	220114	0.1691	2157	400	True	4000	63.44	
sat-comp-2026	2ca47af4ab7a817725138b8b66e9af7f-st_540_25_12_12_9.af.sanitized	st_540_25_12_12_9.af.sanitized	argumentation	540	7044	7044	20052	20208	103119	0.19597	0	da39a3ee5e6b		7044	540	29781	0.0	1	400	True	540	0.16	
sat-comp-2026	2d261a19d2754d92da3ddff04fda23c8-ntil-90d-44.sanitized	ntil-90d-44.sanitized	ntil	484	772779	772779	2352306	738080	12819272	0.05758	0	da39a3ee5e6b		200000	484	104221	0.0	1	400	True	484	2.41	
sat-comp-2026	2d89fda1bd6a761ca5e2f4bb89202681-2.sanitized	2.sanitized	anon-sanitized	1200	21040	21040	81360	30172	453106	0.06659	0	da39a3ee5e6b		21040	1200	20442	0.0026	10	400	True	1200	0.38	
sat-comp-2026	2fcd8533eba981967292f1b6e41f7433-simon-r20-0.sanitized	simon-r20-0.sanitized	simon	3328	11072	11072	30336	19240	175280	0.10977	0	da39a3ee5e6b		11072	3328	8352	0.4211	291	189	False	3328	0.62	
sat-comp-2026	3005623c4df6f5056a41a26d0f173e70-DLTM_twitter634_77_13	DLTM_twitter634_77_13	dltm	19830	118322	118322	315456	214580	2102536	0.10206	0	da39a3ee5e6b		118322	19830	139149	0.7986	648	148	False	4000	0.99	
sat-comp-2026	306a29e966fa6293d407bc7ebbc3ecb1-lattice-25.24.sanitized	lattice-25.24.sanitized	lattice	15000	360625	360625	735000	194872	5307075	0.03672	0	da39a3ee5e6b		200000	15000	222945	0.4877	488	400	True	4000	2.49	
sat-comp-2026	30c6fa5c4f5910029b782b712844c93a-6.sanitized	6.sanitized	anon-sanitized	1200	21040	21040	81360	30588	453376	0.06747	0	da39a3ee5e6b		21040	1200	20496	0.0026	10	400	True	1200	0.38	
sat-comp-2026	30e8b47741a4104c01eeea1d00bbce9e-aes_equiv_encry_3_rounds.debugged	aes_equiv_encry_3_rounds.debugged	crypto-cipher	501283	2928183	2928183	7885040	5134880	63151195	0.08131	0	da39a3ee5e6b		200000	219079	332104	0.4354	61843	11	False	4000	7.53	
sat-comp-2026	31fa00368fc99b15c33c04eb6b257deb-cabp-P-can__445.mtx.rnd-k96.sanitized	cabp-P-can__445.mtx.rnd-k96.sanitized	bandwidth-mtx	639465	5076917	5076917	10758812	4662784	93000416	0.05014	0	da39a3ee5e6b		200000	294695	231030	0.2467	166735	11	False	4000	9.8	
sat-comp-2026	324b2441c6f1fa9d5f3cf3a4c8447fc7-SC21_Timetable_C_512_E_66_Cl_34_S_35	SC21_Timetable_C_512_E_66_Cl_34_S_35	timetable	370686	2580877	2580877	7272202	3233816	56941903	0.05679	0	da39a3ee5e6b		200000	182706	519377	0.5979	29563	9	False	4000	7.26	
sat-comp-2026	32e344a5ab3af245f982678d2b751c6d-lightsout_sat_24_unbounded_totalizer_corner_0_unsat.sanitized	lightsout_sat_24_unbounded_totalizer_corner_0_unsat.sanitized	lightsout	2475	8172	8172	23364	17960	134436	0.1336	0	da39a3ee5e6b		8172	2475	5697	0.6166	189	81	False	2475	0.13	
sat-comp-2026	3367ba4c01fe07b385980a14211f250e-shuffling-2-s158913847-of-bench-sat04-306.used-as.sat04-610	shuffling-2-s158913847-of-bench-sat04-306.used-as.sat04-610	shuffling-sat04	36809	142491	142491	559708	1354628	3752603	0.36098	0	da39a3ee5e6b		142491	36809	183703	0.4689	3187	400	True	4000	2.36	
sat-comp-2026	337ee3de87f824f99508e65faa6e1a0b-SocialGolfers-6-6-7-cp_c18	SocialGolfers-6-6-7-cp_c18	singletons	11244	100513	100513	417743	509212	2267328	0.22459	0	da39a3ee5e6b		100513	11244	98716	0.676	423	188	False	4000	1.42	
sat-comp-2026	33c8aca6a52d10e040da959439834d6a-SDP_96_14_3612.sanitized	SDP_96_14_3612.sanitized	sdp	41734	62284	62284	145107	208836	1025897	0.20356	0	da39a3ee5e6b		62284	41686	102217	0.5709	3836	63	False	4000	0.59	
sat-comp-2026	34360a677fc854189c982294853e6891-Large-result_b23.af_303.sanitized	Large-result_b23.af_303.sanitized	argumentation	10110	9993021	9993021	29953788	1116452	180783343	0.00618	0	da39a3ee5e6b		200000	9962	201009	-0.248	6	400	True	4000	19.93	
sat-comp-2026	3598c10125496ad7218852effc5c711f-SGI_30_70_22_70_7-dir.shuffled-as.sat03-154	SGI_30_70_22_70_7-dir.shuffled-as.sat03-154	sgi	660	56654	56654	113924	184252	605339	0.30438	0	da39a3ee5e6b		56654	660	56632	0.0	1	400	True	660	0.31	
sat-comp-2026	35e0b5a19c88961d98dd806e805759f4-count_p2_M33.sanitized	count_p2_M33.sanitized	count	528	16401	16401	33792	10588	193810	0.05463	0	da39a3ee5e6b		16401	528	16368	0.268	9	343	False	528	1.06	
sat-comp-2026	365a02a7d781d655bb2a64d2273a2d0c-Medium-result_b10.af_252.sanitized	Medium-result_b10.af_252.sanitized	argumentation	5428	5721464	5721464	17150822	1077656	103257656	0.01044	0	da39a3ee5e6b		200000	5428	200701	-0.4969	2	400	True	4000	12.41	
sat-comp-2026	372021735d9e46002b862aa2a038a818-j3045_4_rggt_bm1	j3045_4_rggt_bm1	rggt	12159	53307	53307	134570	92300	859369	0.1074	0	da39a3ee5e6b		53307	12158	84765	0.7059	287	400	True	4000	1.91	
sat-comp-2026	3732b6ac50b1c3f28d72247de89b00e8-as-p123-l39-o0-rot-II-4680-i.sanitized	as-p123-l39-o0-rot-II-4680-i.sanitized	as-p	436022	7164107	7164107	26718731	9453192	197911741	0.04776	0	da39a3ee5e6b		200000	183708	949707	0.2553	20004	240	False	4000	23.86	
sat-comp-2026	37c88155822f1934a190dd6f4614f0ce-atco_enc1_opt2_20_12	atco_enc1_opt2_20_12	singletons	171148	6595658	6595658	21292546	5675156	159506653	0.03558	0	da39a3ee5e6b		200000	137255	594251	0.9313	5140	34	False	4000	15.46	
sat-comp-2026	37fa67bd34cc613f3fc6954cdee943c1-SDP_106_15_2616.sanitized	SDP_106_15_2616.sanitized	sdp	52675	78594	78594	183197	264380	1306345	0.20238	0	da39a3ee5e6b		78594	52622	129197	0.5695	4840	70	False	4000	0.72	
sat-comp-2026	3a8409393cc1ebae1444a079d216f221-x2_64.shuffled-as.sat03-1603.cnf.mis-125.debugged	x2_64.shuffled-as.sat03-1603.cnf.mis-125.debugged	mis-debugged	23815	47691	47691	118570	55072	772738	0.07127	0	da39a3ee5e6b		47691	23815	94191	0.7707	46	109	False	4000	0.64	
sat-comp-2026	3a9dfcbcb56689f1118fd7a2150c3c0c-ntil-90d-40.sanitized	ntil-90d-40.sanitized	ntil	400	503685	503685	1535925	490432	8298408	0.0591	0	da39a3ee5e6b		200000	400	75171	0.0	1	390	False	400	2.73	
sat-comp-2026	3b0eeddcabf36da8642c5774ac67680c-as-p153-l57-o0-rot-rfl-II-68-i.sanitized	as-p153-l57-o0-rot-rfl-II-68-i.sanitized	as-p	895911	15332669	15332669	56913137	20474552	423924870	0.0483	0	da39a3ee5e6b		200000	227895	967462	0.2614	29792	138	False	4000	36.46	
sat-comp-2026	3b560b9eafce79a4ac3c1062a9e72028-cabp-X-can__715.mtx.rnd-k108.sanitized	cabp-X-can__715.mtx.rnd-k108.sanitized	bandwidth-mtx	1622335	13805307	13805307	29164667	12573504	268132984	0.04689	0	da39a3ee5e6b		200000	354106	230727	0.222	267651	11	False	4000	23.72	
sat-comp-2026	3b608084b3caae2e9517a2d58cdcd275-Medium-result_b9.af_268.sanitized	Medium-result_b9.af_268.sanitized	argumentation	4660	4198168	4198168	12582854	907532	74935020	0.01211	0	da39a3ee5e6b		200000	4660	200429	-0.496	2	400	True	4000	9.83	
sat-comp-2026	3c4ac805726d78a869ff8116ee3533db-homer18.shuffled	homer18.shuffled	homer	308	2030	2030	4312	7408	21943	0.3376	0	da39a3ee5e6b		2030	308	3542	0.5192	19	101	False	308	0.07	
sat-comp-2026	3c51a565526faa922fb298a2658440e9-fastlec_cep_14_T27_58.sanitized	fastlec_cep_14_T27_58.sanitized	singletons	1099	3582	3582	9342	10444	48262	0.2164	0	da39a3ee5e6b		3582	1099	2954	0.4733	88	71	False	1099	0.05	
sat-comp-2026	3e44926d72e94f5ceccbb69de24033b2-newpol23-4	newpol23-4	newpol	1206085	3943811	3943811	9095737	5879736	73042189	0.0805	0	da39a3ee5e6b		200000	329589	314810	0.3867	170495	90	False	4000	8.98	
sat-comp-2026	3e7d8073c795d263ed862db64cf9f0fb-bdmbwm_28_94.sanitized	bdmbwm_28_94.sanitized	mult-miter	2365	7607	7607	19371	22108	110521	0.20003	0	da39a3ee5e6b		7607	2365	6498	0.5129	237	85	False	2365	0.13	
sat-comp-2026	3e912cd2a499b8f956246b866e2f9f64-grain-53-80-0s0-seed-125-4-init-35	grain-53-80-0s0-seed-125-4-init-35	crypto-cipher	1854	27024	27024	162816	63492	812455	0.07815	0	da39a3ee5e6b		27024	1505	12039	0.2487	11	138	False	1505	0.32	
sat-comp-2026	3ed56242f55e3653dbceeb4a70221787-rbsat-v945c61409gyes9-sc2009	rbsat-v945c61409gyes9-sc2009	rbsat	945	61409	61409	123673	158796	723873	0.21937	0	da39a3ee5e6b		61409	945	58071	0.0	1	400	True	945	0.46	
sat-comp-2026	40ae60a61929b6bfa2ac99ab4b9a0f7e-grs-96-192	grs-96-192	grs	688704	1988478	1988478	5378134	3710080	43521650	0.08525	0	da39a3ee5e6b		200000	361246	427038	0.8123	108373	2	False	4000	5.99	
sat-comp-2026	416e33a8463911546e4cd87d282a7e1e-case10	case10	case	600	5405	5405	12251	10764	67488	0.1595	0	da39a3ee5e6b		5405	600	3966	0.3999	44	335	False	600	0.78	
sat-comp-2026	425c81fc3af7f5124b6282583d80df11-mdp-32-12-unsat	mdp-32-12-unsat	mdp	985	5614	5614	20050	11736	89878	0.13058	0	da39a3ee5e6b		5614	985	4303	0.6419	18	53	False	985	0.07	
sat-comp-2026	43c298c756cac6d547a0457c2da7e468-xorshift_r14_31.sanitized	xorshift_r14_31.sanitized	xorshift	1773	6618	6618	19034	12888	105896	0.1217	0	da39a3ee5e6b		6618	1773	5026	0.4949	175	269	False	1773	0.82	
sat-comp-2026	43d40ced32b5be08814ef24f97379654-php_sudoku_p15_h14.sanitized	php_sudoku_p15_h14.sanitized	php	210	2850	2850	5880	3436	31881	0.10778	0	da39a3ee5e6b		2850	210	2835	0.4324	12	135	False	210	0.06	
sat-comp-2026	44196693d2cfdb787ba578eef4272f74-crusti_g2io_350_0.5_255_12.af_290.sanitized	crusti_g2io_350_0.5_255_12.af_290.sanitized	crusti-g2io	178500	43865066	43865066	131148948	76721956	977409778	0.0785	0	da39a3ee5e6b		200000	159249	244454	0.2202	38780	16	False	4000	80.71	
sat-comp-2026	4430d3502b0b5e6f4ed473437519e609-as-p123-l39-o0-rot-II-4682-i.sanitized	as-p123-l39-o0-rot-II-4682-i.sanitized	as-p	445862	7424586	7424586	27893606	9734920	207104992	0.047	0	da39a3ee5e6b		200000	185549	967255	0.27	20652	263	False	4000	24.83	
sat-comp-2026	44452f4bac1e77157bbc900c5cc0756d-1x1x13_1x3x6_pair_4_1_0_2_3_0.sanitized	1x1x13_1x3x6_pair_4_1_0_2_3_0.sanitized	pair-packing	9612	210064	210064	804540	329712	4505425	0.07318	0	da39a3ee5e6b		200000	6912	277853	0.0089	2	400	True	4000	3.36	
sat-comp-2026	44b7d2c8d08574002ac959e6d1ef30ae-1x1x14_1x2x9_pair_4_2_0_2_3_0.sanitized	1x1x14_1x2x9_pair_4_2_0_2_3_0.sanitized	pair-packing	11020	241880	241880	926828	395288	5421279	0.07291	0	da39a3ee5e6b		200000	7887	296627	-0.2077	2	400	True	4000	3.73	
sat-comp-2026	4551c996fc6f5fbe62b43076abb25077-knight_18	knight_18	chess-puzzles	126152	1297025	1297025	3474557	6366848	26333623	0.24178	0	da39a3ee5e6b		200000	119579	417639	0.0867	9788	400	True	4000	7.24	
sat-comp-2026	45a09efb026036ff4b8d19024a7563a9-fermat-931960058139995587	fermat-931960058139995587	factoring	12257	69473	69473	231700	134428	1407528	0.09551	0	da39a3ee5e6b		69473	12257	50163	0.4435	991	109	False	4000	0.67	
sat-comp-2026	46dc5e955b1fb541678d0634389353ac-ntil-90d-45.sanitized	ntil-90d-45.sanitized	ntil	506	821838	821838	2501296	843912	13638038	0.06188	0	da39a3ee5e6b		200000	506	105616	0.0	1	400	True	506	2.44	
sat-comp-2026	47173e8ab499159d3aa301b0101fe170-schooltt-5-3-9-2-4-5-10-0.1-0.1-seed3.sanitized	schooltt-5-3-9-2-4-5-10-0.1-0.1-seed3.sanitized	schooltt	19384	263418	263418	636764	157396	4684913	0.0336	0	da39a3ee5e6b		200000	19383	244679	0.5965	710	346	False	4000	11.28	
sat-comp-2026	48432767076e402d2accbf2da7260885-schooltt-5-3-8-2-4-5-10-0.1-0.2-seed2.sanitized	schooltt-5-3-8-2-4-5-10-0.1-0.2-seed2.sanitized	schooltt	15470	206002	206002	509743	170092	3634065	0.0468	0	da39a3ee5e6b		200000	15470	228088	0.6193	616	331	False	4000	11.01	
sat-comp-2026	49644428681a87666a68fc9380dce072-cabp-X-can__715.mtx.rnd-k116.sanitized	cabp-X-can__715.mtx.rnd-k116.sanitized	bandwidth-mtx	1662375	13931147	13931147	29456387	14771384	271062756	0.05449	0	da39a3ee5e6b		200000	355087	231614	0.2277	268272	11	False	4000	24.38	
sat-comp-2026	4989239fbeb6eb40fc0b664d9ba92636-asconhashv12_opt64_H7_M2-K1zfAs8_m0_3_U5.c	asconhashv12_opt64_H7_M2-K1zfAs8_m0_3_U5.c	crypto-hash	126976	296954	296954	860815	495616	6116834	0.08102	0	da39a3ee5e6b		200000	78742	221592	0.5813	4924	15	False	4000	1.8	
sat-comp-2026	4aab4f954196d3277d9ca7b17c52acca-clqcl_25_8_7.normalised	clqcl_25_8_7.normalised	clqcl	675	22558	22558	64325	20656	342778	0.06026	0	da39a3ee5e6b		22558	675	31525	0.0	1	374	False	675	0.99	
sat-comp-2026	4ae685a11b5cecca76dc3d463481ce92-x9-10032.sat.sanitized	x9-10032.sat.sanitized	x9	500	4498	4498	10196	9028	55820	0.16173	0	da39a3ee5e6b		4498	500	3298	0.4086	30	282	False	500	0.43	
sat-comp-2026	4d6bd7b2c674fb67b271127586914b74-vdw_4_8_n145.sanitized	vdw_4_8_n145.sanitized	vdw	290	5152	5152	25748	14840	130747	0.1135	0	da39a3ee5e6b		5152	290	15377	0.4886	2	145	False	290	0.19	
sat-comp-2026	4d84e818a5ab324dde37429dd2455551-4.sanitized	4.sanitized	anon-sanitized	1200	21040	21040	81360	29980	455266	0.06585	0	da39a3ee5e6b		21040	1200	20415	0.2055	27	400	True	1200	0.39	
sat-comp-2026	4de5b7b3c8bf44b2e8c549128bc936a3-as-p141-l39-o0-rot-rfl-680-i.sanitized	as-p141-l39-o0-rot-rfl-680-i.sanitized	as-p	538014	9272879	9272879	34715127	12854404	257775416	0.04987	0	da39a3ee5e6b		200000	196400	967337	0.2722	22143	240	False	4000	27.08	
sat-comp-2026	4e0de894799790b06e8d6c3efd109ade-9.xz.sanitized	9.xz.sanitized	anon-xz-sanitized	17518343	46807839	46807839	106516645	127478356	1035171122	0.12315	0	da39a3ee5e6b		200000	434128	321286	0.5993	300486	8	False	4000	86.28	
sat-comp-2026	4e64ffc14db014d5591f40865376c32a-satcoin-genesis-UNSAT-7200	satcoin-genesis-UNSAT-7200	satcoin	141429	646176	646176	1945165	1498868	14106356	0.10625	0	da39a3ee5e6b		200000	122224	365757	0.5546	9643	25	False	4000	3.37	
sat-comp-2026	4f09ef861ee74e50dc101765e1ce27fb-BubbleVsPancakeSort_6_7	BubbleVsPancakeSort_6_7	sort-equivalence	2856	11109	11109	32543	28500	181753	0.15681	0	da39a3ee5e6b		11109	2856	11267	0.7215	124	120	False	2856	0.22	
sat-comp-2026	510df610f94d5d57073a2c3b694dac4c-51-136961	51-136961	anon-pair	31141	796510	796510	1621259	885460	12290423	0.07204	0	da39a3ee5e6b		200000	31128	215886	0.7211	603	400	True	4000	5.6	
sat-comp-2026	511f1794698a8620c18a7cc32cfc7776-14.sanitized	14.sanitized	anon-sanitized	1200	21040	21040	81360	30768	452998	0.06792	0	da39a3ee5e6b		21040	1200	20379	0.0038	14	400	True	1200	0.39	
sat-comp-2026	515511be3905018ae7e6eb7ba7064d72-SDP_134_18_4334.sanitized	SDP_134_18_4334.sanitized	sdp	100726	150411	150411	350804	508944	2545739	0.19992	0	da39a3ee5e6b		150411	100659	248018	0.5513	9702	87	False	4000	1.34	
sat-comp-2026	5220b0e01fb49440531004bebbafbc44-coreMQTT_MQTT_ProcessLoop.dimacs	coreMQTT_MQTT_ProcessLoop.dimacs	software-verif	5465836	33618370	33618370	98352994	44963472	878777925	0.05117	0	da39a3ee5e6b		200000	336990	495740	0.5244	116463	11	False	4000	64.61	
sat-comp-2026	5314fd6ccb53b6f6af49a594ea68a273-oski15a01b15s_opt	oski15a01b15s_opt	oski	488843	1553935	1553935	3898053	4260628	31128561	0.13687	0	da39a3ee5e6b		200000	286344	370294	0.6214	82626	17	False	4000	5.13	
sat-comp-2026	53d23b2b464a5c041114eb1f00cc4b81-puzzle32_sat	puzzle32_sat	sudoku	24552	92000	92000	264800	203520	1788242	0.11381	0	da39a3ee5e6b		92000	24552	109948	0.4934	3701	400	True	4000	5.32	
sat-comp-2026	53e8a231196dfdf1baebfa2f29646f14-shuffling-2-s504782760-of-bench-sat04-312.used-as.sat04-604	shuffling-2-s504782760-of-bench-sat04-312.used-as.sat04-604	shuffling-sat04	36809	142491	142491	559708	1354808	3755865	0.36072	0	da39a3ee5e6b		142491	36809	183566	0.5364	3328	400	True	4000	2.6	
sat-comp-2026	543e67dd5abc272c37775b1b742a1d9a-qwh.60.1728.shuffled-as.sat03-1659	qwh.60.1728.shuffled-as.sat03-1659	qwh	25162	542447	542447	1150012	2773884	8043194	0.34487	0	da39a3ee5e6b		200000	25162	273349	0.3745	1337	400	True	4000	3.04	
sat-comp-2026	546a73eef02dda3719018050b09e9392-schooltt-5-3-8-2-4-5-10-0.1-0.2-seed1.sanitized	schooltt-5-3-8-2-4-5-10-0.1-0.2-seed1.sanitized	schooltt	18054	246054	246054	603636	146940	4408713	0.03333	0	da39a3ee5e6b		200000	18054	240252	0.5997	673	336	False	4000	11.39	
sat-comp-2026	553b056f2651fdc182ca74174aa8ea10-ntil-90d-46.sanitized	ntil-90d-46.sanitized	ntil	529	940160	940160	2859591	878484	15638312	0.05618	0	da39a3ee5e6b		200000	529	119618	0.0	1	400	True	529	2.68	
sat-comp-2026	5553fec254b32349e0e48c7ee1e2d6c7-post-cbmc-aes-ee-r2	post-cbmc-aes-ee-r2	crypto-cipher	268423	1575975	1575975	4240496	2734388	33153401	0.08248	0	da39a3ee5e6b		200000	169401	314513	0.4551	34127	12	False	4000	4.92	
sat-comp-2026	57f6bbfc8be5a981322fe9991209aa33-3.xz.sanitized	3.xz.sanitized	anon-xz-sanitized	9432743	25203639	25203639	57353845	68516920	529759486	0.12934	0	da39a3ee5e6b		200000	426480	319547	0.5961	289788	8	False	4000	48.65	
sat-comp-2026	58eaf62034046ed4fc52562869569b44-count_p2_M41.sanitized	count_p2_M41.sanitized	count	820	32021	32021	65600	15916	381778	0.04169	0	da39a3ee5e6b		32021	820	31980	0.2252	8	400	True	820	0.51	
sat-comp-2026	59b585a33d30e6b7a476ed52a3f0384d-T92.2.0	T92.2.0	g2-t	3151111	10869059	10869059	27979452	29449828	244700539	0.12035	0	da39a3ee5e6b		200000	429210	425348	0.7241	183653	237	False	4000	23.43	
sat-comp-2026	5ab5ac8d66c7e375037f12a536baf721-sbdp4_136_2.sanitized	sbdp4_136_2.sanitized	sbdp	1757	7468	7468	21725	21384	122680	0.17431	0	da39a3ee5e6b		7468	1755	6397	0.5336	143	121	False	1755	0.18	
sat-comp-2026	5babccd4bf9b270acf0568bba32313bd-8.xz.sanitized	8.xz.sanitized	anon-xz-sanitized	16170743	43207139	43207139	98322845	117539856	950362822	0.12368	0	da39a3ee5e6b		200000	433347	320915	0.5977	299429	8	False	4000	79.78	
sat-comp-2026	5cae5c0629ce1c724746af890410cfc1-jkkk-one-one-11-38-sat	jkkk-one-one-11-38-sat	jkkk	17543	115918	115918	325426	191864	2182885	0.08789	0	da39a3ee5e6b		115918	17543	159912	0.473	963	176	False	4000	1.46	
sat-comp-2026	5ce7d137442bd97a321a883c425e4634-56-126575	56-126575	anon-pair	29863	739470	739470	1506017	813208	11392517	0.07138	0	da39a3ee5e6b		200000	29854	218239	0.6871	670	400	True	4000	6.24	
sat-comp-2026	5d02aa18eac7304c705577f1cce07784-as-p41-l15-o10-567.sanitized	as-p41-l15-o10-567.sanitized	as-p	24822	247840	247840	887922	444720	5681360	0.07828	0	da39a3ee5e6b		200000	24815	405094	0.7192	21	400	True	4000	4.8	
sat-comp-2026	5d06225b27017e9a703f10cb577cf3bf-clqcl_25_7_6.normalised	clqcl_25_7_6.normalised	clqcl	625	17432	17432	49525	16172	264396	0.06117	0	da39a3ee5e6b		17432	625	25200	0.0	1	324	False	625	0.66	
sat-comp-2026	5d8b47745dba3fe50f9c8712be389cd5-mexam_25_20_2.sanitized	mexam_25_20_2.sanitized	exam-timetabling	1000	55525	55525	112000	22588	658083	0.03432	0	da39a3ee5e6b		55525	1000	43500	0.5105	19	400	True	1000	0.66	
sat-comp-2026	5de866bc7ff4dfde3cd682b5aca75894-n320p5q2_n.af_239.sanitized	n320p5q2_n.af_239.sanitized	argumentation	320	30726	30726	91538	53200	457334	0.11633	0	da39a3ee5e6b		30726	320	26097	0.0	1	301	False	320	0.51	
sat-comp-2026	5e1f1759de9bf931a8e26dbe7dd5b212-cabp-V-nos6.mtx.rnd-k290.sanitized	cabp-V-nos6.mtx.rnd-k290.sanitized	bandwidth-mtx	1559925	8700952	8700952	18894667	9288400	169328501	0.05485	0	da39a3ee5e6b		200000	368716	248222	0.3251	272087	11	False	4000	15.56	
sat-comp-2026	5ee05ef0bcb42cb12bd698978c05178c-mp1-bsat201-707	mp1-bsat201-707	mp1	201	707	707	2121	3820	9842	0.38813	0	da39a3ee5e6b		707	201	2120	0.0	1	146	False	201	0.06	
sat-comp-2026	5f65b4cceeb01c56e037df144309b29e-SGI_30_70_21_70_7-log.shuffled-as.sat03-153	SGI_30_70_21_70_7-log.shuffled-as.sat03-153	sgi	105	42884	42884	428630	468168	1580473	0.29622	0	da39a3ee5e6b		42884	105	5460	0.0	1	104	False	105	0.84	
sat-comp-2026	5f729f069a233fa88dfb470bbee7c924-1x1x14_1x2x9_pair_2_4_0_2_2_0.sanitized	1x1x14_1x2x9_pair_2_4_0_2_2_0.sanitized	pair-packing	11020	241880	241880	926828	377880	5421279	0.0697	0	da39a3ee5e6b		200000	7887	296627	-0.1878	4	400	True	4000	3.68	
sat-comp-2026	5f81a94799858590a2bc96db917bf894-bdobwm_28_54.sanitized	bdobwm_28_54.sanitized	mult-miter	2565	8255	8255	21011	23328	119690	0.1949	0	da39a3ee5e6b		8255	2565	6917	0.5049	217	105	False	2565	0.15	
sat-comp-2026	5f9d0127b390a4686171311d38f3fbf8-cabp-M-bcsstk06.mtx.rnd-k37.sanitized	cabp-M-bcsstk06.mtx.rnd-k37.sanitized	bandwidth-mtx	556920	7959270	7959270	16450470	7635752	144410795	0.05288	0	da39a3ee5e6b		200000	259003	218621	0.1482	130489	11	False	4000	14.23	
sat-comp-2026	5faba478cb08194407b5ec957ab08599-schooltt-5-7-11-2-4-1.4-2.6-0.8-0.9-seed2.sanitized	schooltt-5-7-11-2-4-1.4-2.6-0.8-0.9-seed2.sanitized	schooltt	70581	1424854	1424854	3819629	828252	27908912	0.02968	0	da39a3ee5e6b		200000	66080	404827	0.4717	1753	400	True	4000	5.87	
sat-comp-2026	5fb5e437292532efe687ac6f74a9cb76-SDP_126_17_1585.sanitized	SDP_126_17_1585.sanitized	sdp	84270	125877	125877	293469	423080	2120037	0.19956	0	da39a3ee5e6b		125877	84207	207233	0.5584	7936	74	False	4000	1.1	
sat-comp-2026	61fee64c8fc7f05b97a2bc14c0c2bf41-par32-4-c.shuffled	par32-4-c.shuffled	parity	1333	5326	5326	15606	29304	83596	0.35054	0	da39a3ee5e6b		5326	1333	3859	0.4291	58	46	False	1333	0.06	
sat-comp-2026	62060247cd0ad566a828c30571c2c774-marijn-philips	marijn-philips	singletons	3641	4456	4456	11309	13636	67473	0.2021	0	da39a3ee5e6b		4456	1391	3737	0.5424	176	100	False	1391	0.09	
sat-comp-2026	626c368587dd880086afc7b3fa1e6f27-snw_16_9_CCSpre	snw_16_9_CCSpre	snw	70899	2799064	2799064	8629045	4999044	56418764	0.08861	0	da39a3ee5e6b		200000	70227	568296	0.0001	55	400	True	4000	8.85	
sat-comp-2026	62eae28dcf3170b1547fb5db73e6a295-stable-400-0.1-7-9876543214007	stable-400-0.1-7-9876543214007	stable	400	30623	30623	630483	118732	2458221	0.0483	0	da39a3ee5e6b		30623	400	51400	0.0	1	360	False	400	1.41	
sat-comp-2026	654241eda3e1283f4b139192d1db055a-SDP_140_19_8786.sanitized	SDP_140_19_8786.sanitized	sdp	108087	161647	161647	376689	546828	2761925	0.19799	0	da39a3ee5e6b		161647	108017	265909	0.5549	10413	86	False	4000	1.43	
sat-comp-2026	65bf849f3e86ab275e339934f4d140a0-DSC125.9.30.sanitized	DSC125.9.30.sanitized	dsc	3750	208955	208955	421410	91540	2818963	0.03247	0	da39a3ee5e6b		200000	3750	207605	0.9294	30	400	True	3750	2.27	
sat-comp-2026	65ee6b49612eccb7d213e4d950f23677-lightsout_sat_22_unbounded_direct_planted150_4_sat.sanitized	lightsout_sat_22_unbounded_direct_planted150_4_sat.sanitized	lightsout	484	7056	7056	34608	15320	162955	0.09401	0	da39a3ee5e6b		7056	484	2686	0.6714	18	64	False	484	0.08	
sat-comp-2026	66204949278cdd9d81e102eace6d4669-vdw_4_7_n109.sanitized	vdw_4_7_n109.sanitized	vdw	218	3080	3080	14692	9948	72648	0.13693	0	da39a3ee5e6b		3080	218	8649	0.4851	2	109	False	218	0.09	
sat-comp-2026	667341ee8c1dea3db613db317e2b2c33-lightsout_sat_23_unbounded_totalizer_corner_0_unsat.sanitized	lightsout_sat_23_unbounded_totalizer_corner_0_unsat.sanitized	lightsout	2279	7529	7529	21529	16608	123027	0.13499	0	da39a3ee5e6b		7529	2279	5250	0.6291	173	81	False	2279	0.13	
sat-comp-2026	67133027ab55906e3b757148ca7011dd-snw_16_9_Encpre	snw_16_9_Encpre	snw	72327	1641152	1641152	5315679	3216488	34970561	0.09198	0	da39a3ee5e6b		200000	71488	676468	0.3675	1023	400	True	4000	7.25	
sat-comp-2026	6793abe982f9d5f9646f6657e13ecc39-55-140792	55-140792	anon-pair	33201	899241	899241	1828585	1017672	13902870	0.0732	0	da39a3ee5e6b		200000	33181	217098	0.7544	617	400	True	4000	8.01	
sat-comp-2026	68ef4b1ed6a28c75defea64bb7d53e06-vdwb_k6_n350.sanitized	vdwb_k6_n350.sanitized	vdw	350	24150	24150	144900	76688	666356	0.11509	0	da39a3ee5e6b		24150	350	43615	0.0	1	300	False	350	0.74	
sat-comp-2026	6ad453d6174581d982c4e75e37a38d79-dobdm_14_1.sanitized	dobdm_14_1.sanitized	mult-miter	1033	3309	3309	8505	9408	43569	0.21593	0	da39a3ee5e6b		3309	1033	2786	0.3651	63	61	False	1033	0.04	
sat-comp-2026	6add7e416c1126607afeb2666af330ac-constraints_16_0.5_1.sanitized	constraints_16_0.5_1.sanitized	constraints	2240	53398	53398	4817000	440320	18665922	0.02359	0	da39a3ee5e6b		53398	2240	24472	0.0083	3	167	False	2240	2.08	
sat-comp-2026	6cd46641ebd4c840b8f116d14ca17dfd-sembuster_7500.af_74.sanitized	sembuster_7500.af_74.sanitized	argumentation	7500	6265000	6265000	18775000	712528	116956842	0.00609	0	da39a3ee5e6b		200000	5284	209251	0.0	1	400	True	4000	13.2	
sat-comp-2026	6cfd9ef85d9f6e62dcbb9a4fd9334c90-GreenTao_2-4-5_4231	GreenTao_2-4-5_4231	greentao	4229	100397	100397	411595	489132	2213036	0.22102	0	da39a3ee5e6b		100397	4229	497981	0.4998	2	400	True	4000	2.57	
sat-comp-2026	6d815089fb4095208754622b4c44a8f7-Carry_Bits_Fast_12.cnf	Carry_Bits_Fast_12.cnf	bits-fast	5892	23367	23367	69967	48064	406991	0.1181	0	da39a3ee5e6b		23367	5892	15541	0.3734	1065	61	False	4000	0.21	
sat-comp-2026	6db4b3f59a1e530ca5309d8a7544f5c3-color-19-4.shuffled-as.sat05-444	color-19-4.shuffled-as.sat05-444	dimacs-coloring	1444	119491	119491	473632	772480	2488378	0.31044	0	da39a3ee5e6b		119491	1444	262086	0.7417	4	400	True	1444	1.77	
sat-comp-2026	6ddda96839bb24cd7389d5556d3ab16d-inithx.i.2.30.sanitized	inithx.i.2.30.sanitized	dimacs-coloring	25920	562074	562074	1148340	214928	8045398	0.02671	0	da39a3ee5e6b		200000	17094	219890	0.2822	251	400	True	4000	3.93	
sat-comp-2026	6e297bdb1c3f957f6333c37804805ecb-spg_200_301	spg_200_301	spg	315093	1546049	1546049	5166530	4308992	39881866	0.10804	0	da39a3ee5e6b		200000	261140	630711	0.7947	30739	5	False	4000	6.46	
sat-comp-2026	6e8dba16e06c793a2daca1fa440eeb4f-newpol32-4	newpol32-4	newpol	3142183	10278101	10278101	23702368	15580556	202555500	0.07692	0	da39a3ee5e6b		200000	361908	319847	0.384	212500	113	False	4000	19.6	
sat-comp-2026	6f1b15ebd0ac13c05fb052e5b0453f64-as-p93-l27-o6-rot-rfl-5682-i.sanitized	as-p93-l27-o6-rot-rfl-5682-i.sanitized	as-p	190686	3046181	3046181	11464402	4151384	83671186	0.04962	0	da39a3ee5e6b		200000	132139	925200	0.5049	5602	325	False	4000	19.52	
sat-comp-2026	71849248b47db583f56e77f55f31e525-exam_85_70.sanitized	exam_85_70.sanitized	exam-timetabling	5950	455260	455260	916300	183400	6231910	0.02943	0	da39a3ee5e6b		200000	5950	201185	0.5322	70	400	True	4000	2.63	
sat-comp-2026	727ebce936c010888c7f71f00885e643-count_p2_M25.sanitized	count_p2_M25.sanitized	count	300	6925	6925	14400	6668	80081	0.08327	0	da39a3ee5e6b		6925	300	6900	0.0	1	207	False	300	0.2	
sat-comp-2026	7372171e2e794a98cda6540676608f32-DSC125.9.25.sanitized	DSC125.9.25.sanitized	dsc	3125	174150	174150	351175	46568	2328027	0.02	0	da39a3ee5e6b		174150	3125	182275	0.9146	25	400	True	3125	1.71	
sat-comp-2026	744238c5aadea40f8e05db49429da576-10.sanitized	10.sanitized	anon-sanitized	1200	21040	21040	81360	30772	453538	0.06785	0	da39a3ee5e6b		21040	1200	20334	0.0024	9	400	True	1200	0.39	
sat-comp-2026	74931e82fd208ed949fa44bccd80df6b-DivS_862_11.cnf.sanitized	DivS_862_11.cnf.sanitized	div-sqrt-miter	862	855716	855716	9386236	12938112	42763770	0.30255	0	da39a3ee5e6b		200000	862	371085	0.0	1	400	True	862	13.98	
sat-comp-2026	75429ff7acb5acb597abe01aa745c2a6-mod2-rand3bip-sat-250-3.shuffled-as.sat05-2220	mod2-rand3bip-sat-250-3.shuffled-as.sat05-2220	parity	250	1000	1000	3000	5216	14219	0.36683	0	da39a3ee5e6b		1000	250	747	0.3036	9	105	False	250	0.03	
sat-comp-2026	757d64688ac60cba697a980dfbbf5075-chnl-030x091.sanitized	chnl-030x091.sanitized	chnl	5460	245882	245882	496860	110680	3366745	0.03287	0	da39a3ee5e6b		200000	5460	209945	0.9352	60	400	True	4000	2.26	
sat-comp-2026	75b23436a531bbc4004f43009cb4546e-ntil-90d-43.sanitized	ntil-90d-43.sanitized	ntil	462	670840	670840	2043406	697928	11097257	0.06289	0	da39a3ee5e6b		200000	462	91183	0.0	1	400	True	462	2.09	
sat-comp-2026	776ff89b72b0f6290d69af6f95e13182-as-p43-l16-o9-567.sanitized	as-p43-l16-o9-567.sanitized	as-p	28362	286392	286392	1027460	515280	6600748	0.07806	0	da39a3ee5e6b		200000	28333	444441	0.7058	32	400	True	4000	4.79	
sat-comp-2026	77bfac6b280653e63013f77d0991484e-case19.normalised	case19.normalised	case	138711	4688613	4688613	13929700	34453384	102777603	0.33522	0	da39a3ee5e6b		200000	77121	380637	0.0945	1518	400	True	4000	14.85	
sat-comp-2026	782b29d2d691fdc94e0ec5b899390e10-vdwb_k6_n300.sanitized	vdwb_k6_n300.sanitized	vdw	300	17700	17700	106200	56744	482316	0.11765	0	da39a3ee5e6b		17700	300	32082	0.0844	2	273	False	300	0.46	
sat-comp-2026	7a13ffe9546cc7dfabdedebb64700e8a-w19-20.0	w19-20.0	singletons	11749	2079807	2079807	8207093	3132540	53728537	0.0583	0	da39a3ee5e6b		200000	3981	581233	0.0005	44	400	True	3981	7.99	
sat-comp-2026	7ac164a9d153f0a2d9bf54a98d429636-bwoawm_28_5.sanitized	bwoawm_28_5.sanitized	mult-miter	2948	9574	9574	24542	26108	141935	0.18394	0	da39a3ee5e6b		9574	2948	7928	0.3984	457	122	False	2948	0.2	
sat-comp-2026	7b40e39148de4d5f8d9384d6937c287e-stable-400-0.1-12-98765432140012	stable-400-0.1-12-98765432140012	stable	400	30864	30864	639964	119136	2495822	0.04773	0	da39a3ee5e6b		30864	400	51150	0.0	1	359	False	400	1.39	
sat-comp-2026	7b9620b5d7da55bda43595fe37867acd-exam_90_80.sanitized	exam_90_80.sanitized	exam-timetabling	7200	604890	604890	1216800	145124	8316315	0.01745	0	da39a3ee5e6b		200000	7200	201703	0.5139	80	400	True	4000	3.0	
sat-comp-2026	7cbc3ce2052ba7c5b501f75af58ab3c4-simon-r22-1.sanitized	simon-r22-1.sanitized	simon	3648	12160	12160	33344	20912	193487	0.10808	0	da39a3ee5e6b		12160	3648	9184	0.4147	346	184	False	3648	0.64	
sat-comp-2026	7cd6b940be001c46c6294d7cac9aa610-vdw_4_8_n147.sanitized	vdw_4_8_n147.sanitized	vdw	294	5292	5292	26460	15532	134522	0.11546	0	da39a3ee5e6b		5292	294	15809	0.4887	2	147	False	294	0.19	
sat-comp-2026	7d311f620f4ebc4adf8f4079899750eb-x9-11033.sat.sanitized	x9-11033.sat.sanitized	x9	550	4941	4941	11202	9788	61501	0.15915	0	da39a3ee5e6b		4941	550	3621	0.3826	31	311	False	550	0.61	
sat-comp-2026	7db30d12cb06f0dc2f30abff80d96d6a-two-trees-1023v.sanitized	two-trees-1023v.sanitized	singletons	1023	4088	4088	12099	12632	61658	0.20487	0	da39a3ee5e6b		4088	1023	3063	0.3806	71	368	False	1023	1.02	
sat-comp-2026	7e21850936d6127540157afaaf912c02-marg6x6.shuffled-as.sat03-1456.cnf.mis-119.debugged	marg6x6.shuffled-as.sat03-1456.cnf.mis-119.debugged	mis-debugged	18601	37462	37462	92978	36312	592971	0.06124	0	da39a3ee5e6b		37462	18601	73688	0.7602	40	137	False	4000	0.59	
sat-comp-2026	7efc1b160fb755fb1e8b6bcc70bbeb90-SDP_132_18_9892.sanitized	SDP_132_18_9892.sanitized	sdp	96955	144886	144886	337759	487604	2447047	0.19926	0	da39a3ee5e6b		144886	96889	238561	0.5541	9245	88	False	4000	1.3	
sat-comp-2026	7fa502dfce37c37c1cafd50b3fba263f-SDP_104_15_107.sanitized	SDP_104_15_107.sanitized	sdp	53487	79819	79819	186059	268764	1327240	0.2025	0	da39a3ee5e6b		79819	53435	131231	0.5652	4910	76	False	4000	0.74	
sat-comp-2026	7fe153ced2c966dcdeb42b6714b4d6b7-sudoku-N30-11	sudoku-N30-11	sudoku	842026	2262695	2262695	5961487	4594488	45771980	0.10038	0	da39a3ee5e6b		200000	272190	584748	0.5571	59890	28	False	4000	6.82	
sat-comp-2026	805a742eb8b4e0df3561ca8e0670670b-homer20.shuffled	homer20.shuffled	homer	440	4220	4220	8800	15016	45967	0.32667	0	da39a3ee5e6b		4220	440	6380	0.6077	20	143	False	440	0.19	
sat-comp-2026	808d66b11c602eb1d5728f3f8e90aaef-1x1x14_1x2x9_pair_2_0_0_2_1_1.sanitized	1x1x14_1x2x9_pair_2_0_0_2_1_1.sanitized	pair-packing	11020	241880	241880	926828	381652	5421278	0.0704	0	da39a3ee5e6b		200000	7887	296627	0.0	1	400	True	4000	3.81	
sat-comp-2026	80b163b706e0a16702173ec27f3d1331-lightsout_sat_24_unbounded_direct_corner_0_unsat.sanitized	lightsout_sat_24_unbounded_direct_corner_0_unsat.sanitized	lightsout	576	8464	8464	41584	16384	197259	0.08306	0	da39a3ee5e6b		8464	576	3218	0.6825	22	77	False	576	0.1	
sat-comp-2026	80bb5209e88def5643bf5593320b104f-Large-result_b24.af_2238.sanitized	Large-result_b24.af_2238.sanitized	argumentation	12350	25473117	25473117	76388476	3923528	475956304	0.00824	0	da39a3ee5e6b		200000	12274	200636	-0.4981	2	400	True	4000	44.73	
sat-comp-2026	8117a2ac08e1acf52f660663efe2a5ca-170225812	170225812	anon-id	322	1127	1127	3381	6208	16354	0.3796	0	da39a3ee5e6b		1127	322	3381	0.0	1	234	False	322	0.21	
sat-comp-2026	81c36c1f55a6ee8e180f53f140ce05a3-01-integer-programming-20-30-40	01-integer-programming-20-30-40	integer-programming	891394	3518573	3518573	10173703	6696840	82218946	0.08145	0	da39a3ee5e6b		200000	426878	505747	0.878	128711	3	False	4000	9.45	
sat-comp-2026	824cd6f379c23cc863e501e397092cb9-BubbleVsPancakeSort_7_7	BubbleVsPancakeSort_7_7	sort-equivalence	4367	17158	17158	50339	43616	286923	0.15201	0	da39a3ee5e6b		17158	4367	17374	0.7337	173	152	False	4000	0.39	
sat-comp-2026	826a01aaab9f98e8fb6d3fbbf349078b-adv_gc_n300_k13_UNSAT_s42.sanitized	adv_gc_n300_k13_UNSAT_s42.sanitized	adv-gc	7500	77451	77451	158202	66716	1052149	0.06341	0	da39a3ee5e6b		77451	7500	96951	0.6553	16	400	True	4000	1.85	
sat-comp-2026	82cad197a0b7919f1f51ec51f7267e6f-ex095_8	ex095_8	singletons	537752	12965490	12965490	43876593	12835436	301667622	0.04255	0	da39a3ee5e6b		200000	81480	753751	0.4758	14048	400	True	4000	28.1	
sat-comp-2026	8390dca257561c53bf4eb6e158a2285f-mp1-klieber2017s-0490-024-t12	mp1-klieber2017s-0490-024-t12	mp1	30503	91448	91448	213384	251312	1382953	0.18172	0	da39a3ee5e6b		91448	30503	84949	0.4841	1987	130	False	4000	0.61	
sat-comp-2026	83ced7d9ee8058c52c9a68ded7fad0a5-p160_1	p160_1	singletons	160	21744	21744	173472	38416	707104	0.05433	0	da39a3ee5e6b		21744	160	12720	0.0	1	159	False	160	0.31	
sat-comp-2026	8456155de4cd22425ec479f75af089c2-cabp-X-can__715.mtx.rnd-k118.sanitized	cabp-X-can__715.mtx.rnd-k118.sanitized	bandwidth-mtx	1672385	13962607	13962607	29529317	13213232	271785703	0.04862	0	da39a3ee5e6b		200000	355703	231772	0.2287	269284	11	False	4000	24.04	
sat-comp-2026	860788f93fb766e83e00a29de84180e7-mexam_17_15_2.sanitized	mexam_17_15_2.sanitized	exam-timetabling	510	19652	19652	39780	11992	229286	0.0523	0	da39a3ee5e6b		19652	510	15555	0.4743	15	325	False	510	0.89	
sat-comp-2026	878bcc11e1e243680f7946bcf428f465-linked_list_swap_contents_safety_unwind45	linked_list_swap_contents_safety_unwind45	linked-list	1509852	15518860	15518860	44728461	14274080	378983969	0.03766	0	da39a3ee5e6b		200000	286684	385771	0.6326	100094	11	False	4000	30.17	
sat-comp-2026	87dbc3302b82c09e19c55059fb943191-ntil-90d-38.sanitized	ntil-90d-38.sanitized	ntil	361	401368	401368	1225167	428640	6582763	0.06512	0	da39a3ee5e6b		200000	361	62687	0.0	1	353	False	361	2.1	
sat-comp-2026	8990b3506e948e87b005d103d1ce6eb8-BubbleVsPancakeSort_8_5	BubbleVsPancakeSort_8_5	sort-equivalence	3972	15098	15098	43386	39576	248996	0.15894	0	da39a3ee5e6b		15098	3972	15309	0.7644	170	120	False	3972	0.3	
sat-comp-2026	8aa9ffb211d1cba850be2ee9d173b7e1-adv_gc_n300_k12_UNSAT_s42.sanitized	adv_gc_n300_k12_UNSAT_s42.sanitized	adv-gc	6900	64260	64260	131520	62952	870871	0.07229	0	da39a3ee5e6b		64260	6900	83760	0.6129	33	400	True	4000	1.39	
sat-comp-2026	8caa9b4b72b5f1782fe4554980978cbc-1x1x14_1x2x9_pair_4_1_0_2_1_0.sanitized	1x1x14_1x2x9_pair_4_1_0_2_1_0.sanitized	pair-packing	11020	241880	241880	926828	382720	5421279	0.0706	0	da39a3ee5e6b		200000	7887	296628	0.0038	2	400	True	4000	3.75	
sat-comp-2026	8d0d8518a438d93428257d9a38863c3c-as-p31-l12-o9-56.sanitized	as-p31-l12-o9-56.sanitized	as-p	13211	122177	122177	431856	234696	2552540	0.09195	0	da39a3ee5e6b		122177	13210	211565	0.6434	16	400	True	4000	1.87	
sat-comp-2026	8d2b018a5f8855b6ba1868a3ffff9d2f-xorshift_r15_113.sanitized	xorshift_r15_113.sanitized	xorshift	2965	10504	10504	28928	22480	168234	0.13362	0	da39a3ee5e6b		10504	2965	8154	0.3595	475	283	False	2965	1.15	
sat-comp-2026	8d2dfc50c1759dc11a6564d5c368c6df-FmlaImplyChain_3_7_8.sanitized	FmlaImplyChain_3_7_8.sanitized	singletons	18718	111923	111923	288176	135312	2014707	0.06716	0	da39a3ee5e6b		111923	18718	209916	0.6449	388	400	True	4000	2.63	
sat-comp-2026	8da88a43b4ac226f614dd82d4519d8c6-toughsat_factoring_inf	toughsat_factoring_inf	factoring	2878	15516	15516	51124	31076	290119	0.10711	0	da39a3ee5e6b		15516	2878	11033	0.4919	171	180	False	2878	0.51	
sat-comp-2026	8db998d5fd64f85a1847115208f73873-Medium-result_b14.af_285.sanitized	Medium-result_b14.af_285.sanitized	argumentation	4165	7173053	7173053	21510829	1013076	129986331	0.00779	0	da39a3ee5e6b		200000	4164	199847	-0.3304	2	400	True	4000	14.48	
sat-comp-2026	8e1cdc28bad48753110be5bd578cb934-15.sanitized	15.sanitized	anon-sanitized	1200	21040	21040	81360	30584	453430	0.06745	0	da39a3ee5e6b		21040	1200	20379	0.005	18	400	True	1200	0.45	
sat-comp-2026	8e5da99e8323af36e983a99b4df03b92-bwobdm_28_56.sanitized	bwobdm_28_56.sanitized	mult-miter	2500	8085	8085	20681	22860	117620	0.19435	0	da39a3ee5e6b		8085	2500	6734	0.4844	250	103	False	2500	0.16	
sat-comp-2026	8f5bca645bd8738eb74c2e1dc284774a-sgp_7-4-6.shuffled-as.sat05-2671	sgp_7-4-6.shuffled-as.sat05-2671	sgp	16632	155568	155568	367044	858548	2451144	0.35026	0	da39a3ee5e6b		155568	16632	165492	0.5846	203	282	False	4000	6.17	
sat-comp-2026	8fcde459f828e0df9672933e68fa1af2-chnl-020x061.sanitized	chnl-020x061.sanitized	chnl	2440	73322	73322	148840	31216	969734	0.03219	0	da39a3ee5e6b		73322	2440	81252	0.8757	40	400	True	2440	2.4	
sat-comp-2026	9078ea73ff67edf2b6dcd007c9696ca0-13.sanitized	13.sanitized	anon-sanitized	1200	21040	21040	81360	29920	454726	0.0658	0	da39a3ee5e6b		21040	1200	20289	0.0062	18	400	True	1200	0.44	
sat-comp-2026	90937ed75ba0560158d8fe45f303868a-mp1-Nb7T08	mp1-Nb7T08	mp1	8497	35672	35672	96824	63000	600133	0.10498	0	da39a3ee5e6b		35672	8497	28602	0.3453	639	41	False	4000	0.29	
sat-comp-2026	91860f79f079fede859034c7d76a98a2-41-119494	41-119494	anon-pair	29183	697937	697937	1422341	760000	10751827	0.07069	0	da39a3ee5e6b		200000	29175	218329	0.7327	647	387	False	4000	9.44	
sat-comp-2026	91e0db01b254eb78f6643328045bfeb9-sted5_0x1e3-20	sted5_0x1e3-20	sted	1841	35939	35939	200534	98692	993047	0.09938	0	da39a3ee5e6b		35939	1841	60123	0.2308	14	400	True	1841	1.47	
sat-comp-2026	920bbe559da4ea37fd636605316a791c-SCPC-500-19	SCPC-500-19	scpc	500	15526	15526	85903	96236	380979	0.2526	0	da39a3ee5e6b		15526	500	94503	0.0	1	400	True	500	0.27	
sat-comp-2026	92b22042a950db2a9841f08d169d1bb5-exam_90_70.sanitized	exam_90_70.sanitized	exam-timetabling	6300	497790	497790	1001700	182912	6823485	0.02681	0	da39a3ee5e6b		200000	6300	201161	0.5463	70	400	True	4000	2.85	
sat-comp-2026	932e2329dd1efeafe7151a0ebf3a343f-bdodo_28_6.sanitized	bdodo_28_6.sanitized	mult-miter	2754	9013	9013	23289	24888	133890	0.18588	0	da39a3ee5e6b		9013	2754	7344	0.408	359	132	False	2754	0.19	
sat-comp-2026	9376a4be372c14aa68235831712ff3f9-cabp-X-can__715.mtx.rnd-k102.sanitized	cabp-X-can__715.mtx.rnd-k102.sanitized	bandwidth-mtx	1592305	13706292	13706292	28937322	14572948	265874978	0.05481	0	da39a3ee5e6b		200000	352774	230206	0.2188	266014	11	False	4000	23.55	
sat-comp-2026	93983a1211a506a87907c7e2ffa4e818-shuffling-1-s1719683924-of-bench-sat04-310.used-as.sat04-467	shuffling-1-s1719683924-of-bench-sat04-310.used-as.sat04-467	shuffling-sat04	36809	142491	142491	559706	1354776	3754324	0.36086	0	da39a3ee5e6b		142491	36809	183776	0.5453	3250	400	True	4000	2.51	
sat-comp-2026	9541d12f3e3d9201085c13f25145d2f7-cabp-V-nos6.mtx.rnd-k275.sanitized	cabp-V-nos6.mtx.rnd-k275.sanitized	bandwidth-mtx	1529550	8599702	8599702	18661792	9226496	167129059	0.05521	0	da39a3ee5e6b		200000	367671	246936	0.3202	271735	11	False	4000	15.57	
sat-comp-2026	958fd8bd1936e5bad8cbccae492edd81-crusti_g2io_200_0.1_127_14.af_151.sanitized	crusti_g2io_200_0.1_127_14.af_151.sanitized	crusti-g2io	25400	1538668	1538668	4565204	3193700	30615747	0.10432	0	da39a3ee5e6b		200000	25400	385022	0.6985	122	75	False	4000	5.19	
sat-comp-2026	95f346a183b890307596310fd33b4836-quad_res_r30_m35	quad_res_r30_m35	quad-res	6557	33868	33868	110590	68640	649005	0.10576	0	da39a3ee5e6b		33868	6557	22773	0.6173	422	104	False	4000	0.46	
sat-comp-2026	965ca988015c9aee5a1a7b2136c1fe5d-os_fwalk_12	os_fwalk_12	singletons	288	3240	3240	6720	5320	37242	0.14285	0	da39a3ee5e6b		3240	288	4800	0.5867	12	189	False	288	0.15	
sat-comp-2026	97af3e49faef7cf67794928b6690b67c-Medium-result_b29.af_78.sanitized	Medium-result_b29.af_78.sanitized	argumentation	1180	635898	635898	1905334	135540	10500504	0.01291	0	da39a3ee5e6b		200000	1180	176483	-0.318	2	400	True	1180	3.99	
sat-comp-2026	981b0e855eed536df112bf2e4ff98807-adv_gc_n50_k12_UNSAT_s42.sanitized	adv_gc_n50_k12_UNSAT_s42.sanitized	adv-gc	1150	10770	10770	22040	11440	126825	0.0902	0	da39a3ee5e6b		10770	1150	14020	0.6154	12	400	True	1150	0.26	
sat-comp-2026	991aec61a2751602d6d7b3e838035610-bwodo_28_7.sanitized	bwodo_28_7.sanitized	mult-miter	2776	9092	9092	23508	25064	135207	0.18538	0	da39a3ee5e6b		9092	2776	7396	0.4421	348	123	False	2776	0.2	
sat-comp-2026	996bd6326ca560055b6fe916708dfdaa-vdw_3_13_n160.sanitized	vdw_3_13_n160.sanitized	vdw	320	7628	7628	32444	13736	168208	0.08166	0	da39a3ee5e6b		7628	320	17252	0.4628	2	159	False	320	0.23	
sat-comp-2026	997491c0cbc3e558a3e3266e2a142215-mulsol.i.4.30.sanitized	mulsol.i.4.30.sanitized	dimacs-coloring	5550	118565	118565	242310	46780	1574002	0.02972	0	da39a3ee5e6b		118565	5370	130590	0.36	111	400	True	4000	3.01	
sat-comp-2026	9a4671d8bb658361162976c0f06cc47e-10.xz.sanitized	10.xz.sanitized	anon-xz-sanitized	18865943	50408539	50408539	114710445	137341084	1119979422	0.12263	0	da39a3ee5e6b		200000	434896	321340	0.5982	301669	8	False	4000	92.56	
sat-comp-2026	9a4837429c656a71283b8d5bb41c05a7-1x1x14_1x2x9_pair_2_4_0_3_2_0.sanitized	1x1x14_1x2x9_pair_2_4_0_3_2_0.sanitized	pair-packing	11020	241880	241880	926828	377880	5421279	0.0697	0	da39a3ee5e6b		200000	7887	296627	-0.1878	4	400	True	4000	3.73	
sat-comp-2026	9aa85c5c114245c182ed6afbe3d8daed-schooltt-5-3-8-2-4-5-10-0.1-0.2-seed4.sanitized	schooltt-5-3-8-2-4-5-10-0.1-0.2-seed4.sanitized	schooltt	12452	158113	158113	388170	132860	2652501	0.05009	0	da39a3ee5e6b		158113	12452	179695	0.6455	545	400	True	4000	7.45	
sat-comp-2026	9ba8145e0d02318dea5507fc3ba03472-latin_square_10.15.sanitized	latin_square_10.15.sanitized	singletons	13500	4611150	4611150	9234000	2021004	66250316	0.03051	0	da39a3ee5e6b		200000	13500	202600	0.9203	15	400	True	4000	11.31	
sat-comp-2026	9c5dd2eb0a40a150c686459a118c720a-1.xz.sanitized	1.xz.sanitized	anon-xz-sanitized	6737543	18002239	18002239	40966245	48987044	376467086	0.13012	0	da39a3ee5e6b		200000	421591	318987	0.5936	282515	8	False	4000	35.12	
sat-comp-2026	9d20bb1bd01838d70177ffd3aa284aeb-ak128modbtbg2msisc	ak128modbtbg2msisc	ak128	296051	968713	968713	2478759	1655644	18594902	0.08904	0	da39a3ee5e6b		200000	230006	347262	0.5408	38862	194	False	4000	4.08	
sat-comp-2026	9ef9243ff051b32795890fccd6c3f6b2-sum_of_3_cubes_50_bits_91	sum_of_3_cubes_50_bits_91	sum-of-cubes	43977	215320	215320	669451	402872	4549298	0.08856	0	da39a3ee5e6b		200000	41785	140507	0.5042	3258	65	False	4000	1.46	
sat-comp-2026	9fbe200523c648000d71b2c739093aa2-adv_gc_n100_k13_UNSAT_s42.sanitized	adv_gc_n100_k13_UNSAT_s42.sanitized	adv-gc	2500	25193	25193	51486	28224	315473	0.08947	0	da39a3ee5e6b		25193	2500	31693	0.6509	13	400	True	2500	0.42	
sat-comp-2026	a08c17f9a3888841cf7bbc75a807ff7e-xorshift_r14_110.sanitized	xorshift_r14_110.sanitized	xorshift	2401	8626	8626	24050	18240	137696	0.13247	0	da39a3ee5e6b		8626	2401	6654	0.418	322	291	False	2401	1.06	
sat-comp-2026	a08d0fcc98fe0ce9c53b2fd0c69ccc4b-bwmdm_28_2.sanitized	bwmdm_28_2.sanitized	mult-miter	3082	9871	9871	24955	27528	145018	0.18982	0	da39a3ee5e6b		9871	3082	8485	0.3447	462	99	False	3082	0.17	
sat-comp-2026	a110c13186ef5785df8da4bfa2ce9a6d-xorshift_r14_7.sanitized	xorshift_r14_7.sanitized	xorshift	2872	10132	10132	27812	21704	161899	0.13406	0	da39a3ee5e6b		10132	2872	7875	0.3384	473	267	False	2872	1.06	
sat-comp-2026	a20f076f7fce54172e823c63ea7948f7-vdwb_k5_n260.sanitized	vdwb_k5_n260.sanitized	vdw	260	16640	16640	83200	49944	377620	0.13226	0	da39a3ee5e6b		16640	260	24359	0.0	1	212	False	260	0.3	
sat-comp-2026	a2fdd0935df1379c67cf1bb93ef2cfad-54-138766	54-138766	anon-pair	37147	1090248	1090248	2214189	1286056	16917744	0.07602	0	da39a3ee5e6b		200000	37095	216444	0.7132	711	400	True	4000	5.39	
sat-comp-2026	a42230be4432b010789b6f97b090343c-soelberg_unit_223	soelberg_unit_223	singletons	70863	328719	328719	1061089	535872	7021115	0.07632	0	da39a3ee5e6b		200000	70838	248674	0.4033	7815	333	False	4000	3.0	
sat-comp-2026	a45aefde8bb26edb9634004146d0de89-Circuit_multiplier36	Circuit_multiplier36	circuit-multiplier	1186	22688	22688	145871	156392	702623	0.22258	0	da39a3ee5e6b		22688	1182	19130	0.6015	32	125	False	1182	0.45	
sat-comp-2026	a4eec7a5fef59547129822f6b513d54c-1x1x13_1x3x6_pair_2_2_1_3_2_0.sanitized	1x1x13_1x3x6_pair_2_2_1_3_2_0.sanitized	pair-packing	9612	210064	210064	804540	327524	4505426	0.0727	0	da39a3ee5e6b		200000	6912	277851	0.0117	3	400	True	4000	3.42	
sat-comp-2026	a4f816482e853dfad9a685ac1459e66d-bwodm_28_5.sanitized	bwodm_28_5.sanitized	mult-miter	2926	9472	9472	24208	25856	139837	0.1849	0	da39a3ee5e6b		9472	2926	7887	0.4135	411	105	False	2926	0.18	
sat-comp-2026	a5dc08b83ff806ac2c2c8cc23053fb07-SDP_118_16_5515.sanitized	SDP_118_16_5515.sanitized	sdp	72456	108162	108162	252209	362816	1815412	0.19985	0	da39a3ee5e6b		108162	72397	178123	0.5645	6751	71	False	4000	0.96	
sat-comp-2026	a60a138325ac9c88ab293ec0c801a95c-xorshift_r15_191.sanitized	xorshift_r15_191.sanitized	xorshift	2651	9500	9500	26420	19828	152075	0.13038	0	da39a3ee5e6b		9500	2651	7340	0.4421	352	224	False	2651	0.88	
sat-comp-2026	a78606fdfd6cf6ee8358bd35fa833be6-as-p61-l22-o8-II-568.sanitized	as-p61-l22-o8-II-568.sanitized	as-p	73616	758359	758359	2714734	1313404	17918528	0.0733	0	da39a3ee5e6b		200000	70708	662400	0.7769	554	234	False	4000	11.24	
sat-comp-2026	a789d0722f1aa0d44c5a38b374719c69-13.normalised	13.normalised	anon-normalised	10531100	28326357	28326357	64610071	77742148	600100661	0.12955	0	da39a3ee5e6b		200000	422448	318239	0.5654	283051	11	False	4000	53.78	
sat-comp-2026	a7e5d03892a17e51e22b688f51cf0aab-mexam_20_18_2.sanitized	mexam_20_18_2.sanitized	exam-timetabling	720	33140	33140	66960	24032	390332	0.06157	0	da39a3ee5e6b		33140	720	26280	0.4787	18	400	True	720	0.61	
sat-comp-2026	a80a252b748882980d9a80ddea8c5cff-bdmdm_28_1.sanitized	bdmdm_28_1.sanitized	mult-miter	3037	9750	9750	24710	27084	143560	0.18866	0	da39a3ee5e6b		9750	3037	8355	0.3538	445	107	False	3037	0.18	
sat-comp-2026	a8dcaf436bda091dad9ca1ff58de7287-asconhashv12_opt64_H10_M2-BPHqhzNzqi_m5_6_U14.c	asconhashv12_opt64_H10_M2-BPHqhzNzqi_m5_6_U14.c	crypto-hash	158783	373544	373544	1082877	626176	7874790	0.07952	0	da39a3ee5e6b		200000	98535	263558	0.5699	6875	14	False	4000	2.32	
sat-comp-2026	a957fdb07df865bb4fd24a00ceb49fdb-T90.2.0	T90.2.0	g2-t	3148025	10859973	10859973	27959186	29449292	244511287	0.12044	0	da39a3ee5e6b		200000	429283	425382	0.7257	183641	226	False	4000	23.31	
sat-comp-2026	a95f0373ebf724f474fcc9ccd7197bd9-chnl-030x061.sanitized	chnl-030x061.sanitized	chnl	3660	109922	109922	223260	68344	1488235	0.04592	0	da39a3ee5e6b		109922	3660	117852	0.9149	60	400	True	3660	2.8	
sat-comp-2026	a9856534b6ca67123d58dd5fd9c9a1b2-SDP_98_14_7360.sanitized	SDP_98_14_7360.sanitized	sdp	48796	72778	72778	169695	244272	1206620	0.20244	0	da39a3ee5e6b		72778	48747	119739	0.574	4444	64	False	4000	0.68	
sat-comp-2026	aa0eadb6c4935468fd6954e23a550504-1x1x13_1x3x6_pair_4_2_0_2_0_0.sanitized	1x1x13_1x3x6_pair_4_2_0_2_0_0.sanitized	pair-packing	9612	210064	210064	804540	313340	4505425	0.06955	0	da39a3ee5e6b		200000	6912	277852	0.0	1	400	True	4000	3.4	
sat-comp-2026	aa2e02360b19c83da68e39e39c530923-cabp-V-nos6.mtx.rnd-k333.sanitized	cabp-V-nos6.mtx.rnd-k333.sanitized	bandwidth-mtx	1647000	8991202	8991202	19562242	9185016	175603174	0.05231	0	da39a3ee5e6b		200000	372109	249917	0.3315	276109	11	False	4000	16.18	
sat-comp-2026	aa4e80476e6a6ea1034e303e6b2e46dc-exam_75_70.sanitized	exam_75_70.sanitized	exam-timetabling	5250	375450	375450	756000	122844	5122260	0.02398	0	da39a3ee5e6b		200000	5250	201132	0.5004	70	400	True	4000	2.65	
sat-comp-2026	aa62e8cb5d38ac1b2d9eeeb8394eadeb-as-p87-l30-o6-rot-II-5678-i.sanitized	as-p87-l30-o6-rot-II-5678-i.sanitized	as-p	184371	2788849	2788849	10321438	3903564	74893917	0.05212	0	da39a3ee5e6b		200000	130007	887339	0.5547	5284	278	False	4000	17.75	
sat-comp-2026	ab17eed90e4da47767f72f518e3b4a26-vdwb_k6_n250.sanitized	vdwb_k6_n250.sanitized	vdw	250	12250	12250	73500	39120	327526	0.11944	0	da39a3ee5e6b		12250	250	22301	0.0	1	225	False	250	0.27	
sat-comp-2026	ab2ab3a0651f0f35ba319ad976b1b6fd-1.sanitized	1.sanitized	anon-sanitized	1200	21040	21040	81360	30604	452836	0.06758	0	da39a3ee5e6b		21040	1200	20487	0.094	32	400	True	1200	0.39	
sat-comp-2026	ac3e3bb744e258282990aa4307c08cb8-E00X23	E00X23	singletons	15364	2133873	2133873	18060684	1344484	103275863	0.01302	0	da39a3ee5e6b		200000	6462	54292	0.7246	141	381	False	4000	12.77	
sat-comp-2026	ac6256657058fe65dc7ddaf773ab83bf-SC21_Timetable_C_527_E_71_Cl_35_S_35	SC21_Timetable_C_527_E_71_Cl_35_S_35	timetable	381577	2675221	2675221	7542389	3374680	59102527	0.0571	0	da39a3ee5e6b		200000	185175	520583	0.5863	30220	10	False	4000	7.37	
sat-comp-2026	aca9f4faabeb57a57c678d55f5bbd2f4-12.sanitized	12.sanitized	anon-sanitized	1200	21040	21040	81360	30600	454726	0.06729	0	da39a3ee5e6b		21040	1200	20370	0.0226	11	400	True	1200	0.37	
sat-comp-2026	ad2247443454da1fbd4543dd1fa5b57c-schooltt-5-3-9-2-4-5-10-0.1-0.2-seed3.sanitized	schooltt-5-3-9-2-4-5-10-0.1-0.2-seed3.sanitized	schooltt	19484	282452	282452	712014	173284	5176888	0.03347	0	da39a3ee5e6b		200000	19483	252575	0.5506	666	400	True	4000	12.92	
sat-comp-2026	ad5b80bb4d1b60bee12163df25846801-xorshift_r15_104.sanitized	xorshift_r15_104.sanitized	xorshift	1866	6990	6990	20150	13580	112518	0.12069	0	da39a3ee5e6b		6990	1866	5305	0.4641	186	337	False	1866	1.24	
sat-comp-2026	ad6bc2d583c43ff9ef00faad7e29a9c2-as-p99-l33-o6-rot-rfl-568-i.sanitized	as-p99-l33-o6-rot-rfl-568-i.sanitized	as-p	240933	3865243	3865243	14347216	5298928	104993122	0.05047	0	da39a3ee5e6b		200000	147705	910648	0.3914	9953	283	False	4000	19.36	
sat-comp-2026	ae48df6541d190c096b1e5ba22d1b534-korf-17	korf-17	chess-puzzles	6664	89966	89966	425665	110260	2246374	0.04908	0	da39a3ee5e6b		89966	6664	64440	0.6537	392	287	False	4000	2.34	
sat-comp-2026	af8248aa34c4803bfc0add954cf2e620-sembuster_4200.af_72.sanitized	sembuster_4200.af_72.sanitized	argumentation	8400	3941000	3941000	11802000	561872	71698472	0.00784	0	da39a3ee5e6b		200000	6220	216371	-0.4443	70	400	True	4000	9.3	
sat-comp-2026	af9c2fb7046eb845f185c64cd9dd1006-cabp-T-dwt__592.mtx.rnd-k145.sanitized	cabp-T-dwt__592.mtx.rnd-k145.sanitized	bandwidth-mtx	1176896	9196920	9196920	19517752	10276500	172913639	0.05943	0	da39a3ee5e6b		200000	342072	233679	0.2495	241850	11	False	4000	16.17	
sat-comp-2026	b0142b06940fb02e2b4ddb7a2101a3d6-count_p2_M21.sanitized	count_p2_M21.sanitized	count	210	4011	4011	8400	4528	45297	0.09996	0	da39a3ee5e6b		4011	210	3990	0.2689	7	143	False	210	0.08	
sat-comp-2026	b023ea0eb9adbd9182c01d7e2d443289-mp1-tri_ali_s11_c35_bail_UNS	mp1-tri_ali_s11_c35_bail_UNS	mp1	400	1737	1737	4846	3780	23801	0.15882	0	da39a3ee5e6b		1737	400	4168	0.5907	9	110	False	400	0.05	
sat-comp-2026	b0abaa97c4663edc2048d86de3e2b226-schooltt-5-3-9-2-4-5-10-0.1-0.2-seed4.sanitized	schooltt-5-3-9-2-4-5-10-0.1-0.2-seed4.sanitized	schooltt	16520	219007	219007	534924	146468	3877116	0.03778	0	da39a3ee5e6b		200000	16520	233429	0.6149	647	302	False	4000	9.96	
sat-comp-2026	b13ba48e09e575d6a628c02200ac23f7-adv_gc_n100_k14_UNSAT_s42.sanitized	adv_gc_n100_k14_UNSAT_s42.sanitized	adv-gc	2700	30752	30752	62704	30836	388225	0.07943	0	da39a3ee5e6b		30752	2700	37252	0.692	14	400	True	2700	0.48	
sat-comp-2026	b1c44904cf06682f973b60c8282f45e8-mp1-squ_ali_s10x10_c39_bail_SAT	mp1-squ_ali_s10x10_c39_bail_SAT	mp1	647	3239	3239	9369	6252	47877	0.13058	0	da39a3ee5e6b		3239	647	8936	0.5161	13	169	False	647	0.17	
sat-comp-2026	b2047f327e213b5f14adb8c75ee514fb-60-135969	60-135969	anon-pair	35119	992073	992073	2015995	1141992	15365123	0.07432	0	da39a3ee5e6b		200000	35097	216615	0.7148	684	400	True	4000	7.52	
sat-comp-2026	b358bf7111086fd6d60b11c2f01465b8-crn_40_1521_s	crn_40_1521_s	singletons	63882	123981	123981	369562	109516	2665769	0.04108	0	da39a3ee5e6b		123981	63882	364140	0.8488	321	75	False	4000	1.37	
sat-comp-2026	b3c587501567db72e6e66c6930cf15ed-StConn_7_128.sanitized	StConn_7_128.sanitized	singletons	3306	22933	22933	63050	49988	386092	0.12947	0	da39a3ee5e6b		22933	3306	19885	0.635	237	41	False	3306	0.3	
sat-comp-2026	b438fa464c20a19fdb7788a3f0016f32-size_5_5_5_i116_r12	size_5_5_5_i116_r12	singletons	3220	12439	12439	33880	42972	190316	0.22579	0	da39a3ee5e6b		12439	3220	10482	0.6519	8	162	False	3220	0.2	
sat-comp-2026	b54b26f38d40a687b6277c49cf85de69-baseballcover11with25_and6positions	baseballcover11with25_and6positions	baseballcover	3560698	7121306	7121306	17762612	5467932	147883907	0.03697	0	da39a3ee5e6b		200000	388475	397891	0.4824	184097	1	False	4000	14.59	
sat-comp-2026	b69132879ed9ea0c8af1bc1e478d6ec3-128.smt2	128.smt2	smt2	385857	1216275	1216275	2996687	2946176	23818585	0.12369	0	da39a3ee5e6b		200000	248370	339567	0.3864	72706	27	False	4000	4.36	
sat-comp-2026	b697738cefe9cb2dd62f24653a13b341-EDP3-60000	EDP3-60000	edp	597850	4571725	4571725	13571250	11382820	103539897	0.10994	0	da39a3ee5e6b		200000	308414	574554	0.5579	50671	400	True	4000	12.4	
sat-comp-2026	b6de3c794e223fe515682f52e5d81272-ER_500_50_1.af.sanitized	ER_500_50_1.af.sanitized	argumentation	501	63088	63088	188262	125756	963683	0.1305	0	da39a3ee5e6b		63088	501	69210	0.0	1	400	True	501	0.31	
sat-comp-2026	b76b9699c2deb74dd9b4a99a05179acd-hitag2-8-60-0-0xdcdbc8bf368ee73-37	hitag2-8-60-0-0xdcdbc8bf368ee73-37	crypto-cipher	2295	30490	30490	179554	71436	883493	0.08086	0	da39a3ee5e6b		30490	2214	12519	0.6794	87	134	False	2214	0.37	
sat-comp-2026	b9a626da76f235aab854c6ef516b9240-AProVE07-26-sc2007	AProVE07-26-sc2007	aprove	21734	79766	79766	211276	373480	1406168	0.2656	0	da39a3ee5e6b		79766	21734	76827	0.6558	1602	98	False	4000	0.61	
sat-comp-2026	ba14be209c2fc064726025f017cef17a-schooltt-5-7-12-2-4-1.4-2.6-0.8-0.9-seed2.sanitized	schooltt-5-7-12-2-4-1.4-2.6-0.8-0.9-seed2.sanitized	schooltt	83188	1909831	1909831	5158412	987572	37668351	0.02622	0	da39a3ee5e6b		200000	76419	433940	0.4734	2448	395	False	4000	7.55	
sat-comp-2026	ba7732774961fdf7508a998a41bd5366-factorize-1022117.sanitized	factorize-1022117.sanitized	factoring	2520	8297	8297	21523	18132	122933	0.14749	0	da39a3ee5e6b		8297	2520	6747	0.4264	192	81	False	2520	0.14	
sat-comp-2026	bb8db7af8ede49391a66d4442d91c10b-7.xz.sanitized	7.xz.sanitized	anon-xz-sanitized	14823143	39606439	39606439	90129045	107689588	865554522	0.12442	0	da39a3ee5e6b		200000	432532	320853	0.5984	298220	8	False	4000	73.63	
sat-comp-2026	bbcfd33f07cbf6fefa950d8254aa34ce-5.xz.sanitized	5.xz.sanitized	anon-xz-sanitized	12127943	32405039	32405039	73741445	88146600	695937922	0.12666	0	da39a3ee5e6b		200000	429855	319921	0.5964	294807	8	False	4000	60.77	
sat-comp-2026	bcdc894819cf050e57849fe84a1e8cc4-chnl-020x101.sanitized	chnl-020x101.sanitized	chnl	4040	202202	202202	408040	77992	2736815	0.0285	0	da39a3ee5e6b		200000	4040	212870	0.9135	40	400	True	4000	3.07	
sat-comp-2026	bd0b055b890a9ace598a0c4aba40de30-sat-bench-trig-bhaskara	sat-bench-trig-bhaskara	trig	618715	2626081	2626081	7366890	4759044	59166807	0.08043	0	da39a3ee5e6b		200000	318023	480783	0.6488	64288	11	False	4000	7.51	
sat-comp-2026	bf8c8761003704e761ce36db6665f741-scc_6087_19_0.3_0.1_20.af_130.sanitized	scc_6087_19_0.3_0.1_20.af_130.sanitized	argumentation	6087	946106	946106	2822544	3280080	17360166	0.18894	0	da39a3ee5e6b		200000	6087	233764	0.5951	8	400	True	4000	4.69	
sat-comp-2026	bfc825d1eb0670fd90805c546fea5c6b-snw_17_9_CCSpreOptEncpre	snw_17_9_CCSpreOptEncpre	snw	134810	2541120	2541120	8208970	5673004	56074365	0.10117	0	da39a3ee5e6b		200000	127700	700752	0.3463	4224	400	True	4000	9.04	
sat-comp-2026	c14f0c610d59a9d5e8cec328485b916f-vdw_3_13_n161.sanitized	vdw_3_13_n161.sanitized	vdw	322	7723	7723	32857	13648	170423	0.08008	0	da39a3ee5e6b		7723	322	17510	0.4636	2	160	False	322	0.24	
sat-comp-2026	c15b09b9a7ceff4d4c8fe705958f92ba-snw_16_9_preOpt_pre	snw_16_9_preOpt_pre	snw	72868	2934162	2934162	9001150	4792960	58970718	0.08128	0	da39a3ee5e6b		200000	72552	557498	0.0607	753	400	True	4000	9.17	
sat-comp-2026	c261941bfec8b89d75fee1a66a839169-manthey_single-ordered-initialized-w48-b9	manthey_single-ordered-initialized-w48-b9	manthey	13176	108264	108264	312915	137660	1700111	0.08097	0	da39a3ee5e6b		108264	13176	155312	0.4447	1209	400	True	4000	1.31	
sat-comp-2026	c300445f0f756c8f5d6571ebf0bb6edc-cabp-M-bcsstk06.mtx.rnd-k36.sanitized	cabp-M-bcsstk06.mtx.rnd-k36.sanitized	bandwidth-mtx	551880	7943730	7943730	16414350	7689192	144117590	0.05335	0	da39a3ee5e6b		200000	258240	218232	0.1468	129531	11	False	4000	14.35	
sat-comp-2026	c3bc9b01e5f804723b74715508941bf2-2.xz.sanitized	2.xz.sanitized	anon-xz-sanitized	8085143	21602939	21602939	49160045	58801800	453113286	0.12977	0	da39a3ee5e6b		200000	424520	319505	0.5947	286714	8	False	4000	41.59	
sat-comp-2026	c44762c4b177ac64fd0919f37de8382e-mexam_14_12_2.sanitized	mexam_14_12_2.sanitized	exam-timetabling	336	10430	10430	21168	10008	119576	0.0837	0	da39a3ee5e6b		10430	336	8232	0.4677	12	223	False	336	0.26	
sat-comp-2026	c557ad9cb79983b9d429c219e3cecbb8-scc_7216_12_0.5_0.2_11.af_463.sanitized	scc_7216_12_0.5_0.2_11.af_463.sanitized	argumentation	7216	3661485	3661485	10962949	10796644	67780144	0.15929	0	da39a3ee5e6b		200000	7216	216472	0.4635	6	400	True	4000	9.74	
sat-comp-2026	c615d49f357813514966186ab834be28-preimage_80r_486m_160h_seed_306	preimage_80r_486m_160h_seed_306	crypto-hash	56108	224197	224197	686049	385220	4523388	0.08516	0	da39a3ee5e6b		200000	56105	165678	0.4702	6350	178	False	4000	2.97	
sat-comp-2026	c62a1855a4db8ae0b4bd625455332a4c-1x1x14_1x2x9_pair_2_2_0_3_2_1.sanitized	1x1x14_1x2x9_pair_2_2_0_3_2_1.sanitized	pair-packing	11020	241880	241880	926828	397232	5421279	0.07327	0	da39a3ee5e6b		200000	7887	296626	0.0	1	400	True	4000	3.66	
sat-comp-2026	c6487f6dfcc1438eccca1876a33d9a9c-genurq7Sat.shuffled-as.sat03-1513.cnf.mis-135.debugged	genurq7Sat.shuffled-as.sat03-1513.cnf.mis-135.debugged	mis-debugged	25025	50274	50274	124936	60312	815352	0.07397	0	da39a3ee5e6b		50274	25025	99184	0.7642	46	97	False	4000	0.64	
sat-comp-2026	c7449e5bc5ef75a69f8a454c13d371de-bdoawm_28_4.sanitized	bdoawm_28_4.sanitized	mult-miter	2926	9495	9495	24323	25904	140618	0.18422	0	da39a3ee5e6b		9495	2926	7876	0.3753	428	113	False	2926	0.2	
sat-comp-2026	c8cde50f32ca3f78a4c74a173c63449b-bp5_CSO.normalised	bp5_CSO.normalised	bp	380100	3868142	3868142	14788613	5738484	117153837	0.04898	0	da39a3ee5e6b		200000	193054	617734	0.5583	11416	400	True	4000	14.04	
sat-comp-2026	ca18feb7d2bb6bee7a8ab28673fe1d62-as-p75-l27-o6-rot-4568.sanitized	as-p75-l27-o6-rot-4568.sanitized	as-p	124533	1867052	1867052	6907547	2774464	47230088	0.05874	0	da39a3ee5e6b		200000	103483	851766	0.4971	2591	313	False	4000	16.02	
sat-comp-2026	ca7f7824a958b98512a0c96d73251f8b-xorshift_r16_180.sanitized	xorshift_r16_180.sanitized	xorshift	2744	9872	9872	27536	20480	159473	0.12842	0	da39a3ee5e6b		9872	2744	7619	0.3986	386	266	False	2744	1.17	
sat-comp-2026	cb2e8b7fada420c5046f587ea754d052-clique_n2_k10.sanitized	clique_n2_k10.sanitized	clique-coloring	180	3160	3160	6480	4216	34667	0.12161	0	da39a3ee5e6b		3160	180	3150	0.4198	8	115	False	180	0.05	
sat-comp-2026	cc42cc7a8022820cbd0e98595126d07e-g2-T97.2.1	g2-T97.2.1	g2-t	4038010	14110352	14110352	36639396	37907176	324769818	0.11672	0	da39a3ee5e6b		200000	449144	441161	0.7648	200131	62	False	4000	28.36	
sat-comp-2026	cc436db9fe0278663ce376e068069815-minandmaxor128	minandmaxor128	arith-xor-misc	249327	746444	746444	1741700	1758364	13684907	0.12849	0	da39a3ee5e6b		200000	205330	292947	0.3934	38592	42	False	4000	3.02	
sat-comp-2026	d0b5d1dc96a5bf33d2c65106c3b179a8-connm-ue-csp-sat-n600-d0.04-s1793042357.used-as.sat04-975	connm-ue-csp-sat-n600-d0.04-s1793042357.used-as.sat04-975	connm-csp	568	7150	7150	21592	9648	117795	0.08191	0	da39a3ee5e6b		7150	568	7732	0.4392	21	175	False	568	0.19	
sat-comp-2026	d10b8bcd1bb5977c5ffe2d1859e4335f-xorshift_r15_175.sanitized	xorshift_r15_175.sanitized	xorshift	2965	10504	10504	28928	22168	168228	0.13177	0	da39a3ee5e6b		10504	2965	8154	0.3454	475	252	False	2965	1.13	
sat-comp-2026	d1335d8a6a98a1988b54e1f481a64fcf-mulsol.i.1.48.sanitized	mulsol.i.1.48.sanitized	dimacs-coloring	9456	188597	188597	386256	62356	2592262	0.02405	0	da39a3ee5e6b		188597	7332	201402	0.7941	172	400	True	4000	1.98	
sat-comp-2026	d27f76623aed2fce608c092b2aafafc5-exam_95_70.sanitized	exam_95_70.sanitized	exam-timetabling	6650	542070	542070	1090600	186208	7439560	0.02503	0	da39a3ee5e6b		200000	6650	201176	0.5597	70	400	True	4000	3.17	
sat-comp-2026	d418605014fdeb1236bfa720ac460c62-xorshift_r14_85.sanitized	xorshift_r14_85.sanitized	xorshift	2087	7622	7622	21542	15360	121486	0.12643	0	da39a3ee5e6b		7622	2087	5840	0.4458	261	289	False	2087	1.03	
sat-comp-2026	d4a6b1a299c7a8ad6ea9769abcc60507-GreenTao_2-3-7_13850	GreenTao_2-3-7_13850	greentao	13849	5739033	5739033	17223783	13446736	100440096	0.13388	0	da39a3ee5e6b		200000	13849	598687	0.4997	2	400	True	4000	14.01	
sat-comp-2026	d5949f26c5c5128ef2d4ac4d3b432cc2-as-p51-l19-o8-II-568.sanitized	as-p51-l19-o8-II-568.sanitized	as-p	48400	479767	479767	1707844	890536	11102008	0.08021	0	da39a3ee5e6b		200000	47724	566361	0.7502	137	388	False	4000	17.45	
sat-comp-2026	d699355595398f0765c5f51c9d0ad852-crusti_g2io_350_0.5_255_21.af_299.sanitized	crusti_g2io_350_0.5_255_21.af_299.sanitized	crusti-g2io	178500	43869358	43869358	131161824	76743436	977516685	0.07851	0	da39a3ee5e6b		200000	159343	247043	0.2315	38595	17	False	4000	79.3	
sat-comp-2026	d737aeb8e2eb9baed7f007056b3874af-scc_7216_12_0.5_0.2_11.af.sanitized	scc_7216_12_0.5_0.2_11.af.sanitized	argumentation	14432	7330186	7330186	21954478	23842056	140513769	0.16968	0	da39a3ee5e6b		200000	14432	221405	0.4715	3	400	True	4000	16.7	
sat-comp-2026	d8225a58e2ca7c2fb93c533f406c02d5-abw-K-dwt__234.mtx-w50	abw-K-dwt__234.mtx-w50	bandwidth-mtx	56511	178213	178213	392170	271036	2746441	0.09869	0	da39a3ee5e6b		178213	37674	150252	0.4705	1748	74	False	4000	1.0	
sat-comp-2026	d9fe50de72fb34ea94518c32d8f3077c-hitag2-7-60-0-0xe8fa35372ed37e2-80	hitag2-7-60-0-0xe8fa35372ed37e2-80	crypto-cipher	2262	29727	29727	174405	69944	856075	0.0817	0	da39a3ee5e6b		29727	2187	12274	0.5472	80	118	False	2187	0.37	
sat-comp-2026	da34db9ea6b524f13708357f38432bb6-cabp-V-nos6.mtx.rnd-k274.sanitized	cabp-V-nos6.mtx.rnd-k274.sanitized	bandwidth-mtx	1527525	8592952	8592952	18646267	9231556	166980817	0.05529	0	da39a3ee5e6b		200000	367863	246972	0.3185	272017	11	False	4000	15.88	
sat-comp-2026	da6fae94ae1b1cedcced7169df02a762-1x1x13_1x3x6_pair_2_2_1_3_4_0.sanitized	1x1x13_1x3x6_pair_2_2_1_3_4_0.sanitized	pair-packing	9612	210064	210064	804540	327524	4505426	0.0727	0	da39a3ee5e6b		200000	6912	277851	0.0117	3	400	True	4000	3.38	
sat-comp-2026	db099269d468029b70419bf4a49e99a1-stable-400-0.1-2-9876543214002	stable-400-0.1-2-9876543214002	stable	400	30926	30926	642856	120456	2507473	0.04804	0	da39a3ee5e6b		30926	400	51351	0.0	1	360	False	400	1.42	
sat-comp-2026	db15a85651e0d941a11bf8640625edd8-mdp-32-11-sat	mdp-32-11-sat	mdp	1038	5842	5842	20718	12216	93195	0.13108	0	da39a3ee5e6b		5842	1038	4554	0.6395	18	54	False	1038	0.08	
sat-comp-2026	dbbcaa7797145dfddfa4fe73ce91fdec-cabp-M-bcsstk06.mtx.rnd-k39.sanitized	cabp-M-bcsstk06.mtx.rnd-k39.sanitized	bandwidth-mtx	551880	7951110	7951110	16428270	7501032	144266178	0.05199	0	da39a3ee5e6b		200000	258317	218139	0.1486	129352	11	False	4000	14.23	
sat-comp-2026	dc3ac89f98e9c3fc43450e256dce1154-vdw_4_7_n110.sanitized	vdw_4_7_n110.sanitized	vdw	220	3136	3136	14966	10004	74084	0.13504	0	da39a3ee5e6b		3136	220	8812	0.4134	3	110	False	220	0.09	
sat-comp-2026	dc691557cfebca28aefe7360768389e5-ntil-90d-48.sanitized	ntil-90d-48.sanitized	ntil	576	1135338	1135338	3450912	1033760	18925908	0.05462	0	da39a3ee5e6b		200000	576	136113	0.0	1	400	True	576	3.14	
sat-comp-2026	dc7817dfa2817916b266c1cfacd2ee66-constraints_25_4_5_12_12_0_0_0.sanitized	constraints_25_4_5_12_12_0_0_0.sanitized	constraints	14650	115755	115755	740275	215248	3226476	0.06671	0	da39a3ee5e6b		115755	14650	107025	0.0	1	299	False	4000	2.13	
sat-comp-2026	dd062c307e10ebbb0d5641709ff26a7e-SDP_108_15_6925.sanitized	SDP_108_15_6925.sanitized	sdp	54037	80711	80711	188025	271164	1341966	0.20206	0	da39a3ee5e6b		80711	53983	132492	0.5638	5009	80	False	4000	0.78	
sat-comp-2026	dd5d530ac8bf0019412d023488b075eb-arles_thres20_p20_r4109	arles_thres20_p20_r4109	arles	4220	16220	16220	47984	21724	262397	0.08279	0	da39a3ee5e6b		16220	4220	28655	0.0753	14	400	True	4000	1.54	
sat-comp-2026	ddf6fff9ebbbe9ec2a02f70b3316db6d-QuasiGroup-4-12_c18	QuasiGroup-4-12_c18	singletons	5244	124413	124413	789047	533396	4456109	0.1197	0	da39a3ee5e6b		124413	5196	609095	-0.4227	66	400	True	4000	3.32	
sat-comp-2026	de3440b67769e7af00e58ec9cce9847b-SDP_136_18_712.sanitized	SDP_136_18_712.sanitized	sdp	102341	152877	152877	356488	517968	2593183	0.19974	0	da39a3ee5e6b		152877	102273	251932	0.5528	9822	72	False	4000	1.33	
sat-comp-2026	de8c42d50f1dbf43a731f1916dc6bf01-16_16_booth_dadda_mapped_and_and_wallace_origin_bit28	16_16_booth_dadda_mapped_and_and_wallace_origin_bit28	multiplier-16x16	2948	9573	9573	24537	28384	141708	0.2003	0	da39a3ee5e6b		9573	2948	8035	0.381	409	78	False	2948	0.15	
sat-comp-2026	e1292f8d651e022362630d34fef69312-Medium-result_b30.af_80.sanitized	Medium-result_b30.af_80.sanitized	argumentation	1948	1458450	1458450	4371454	231156	25530522	0.00905	0	da39a3ee5e6b		200000	1948	191665	-0.3427	2	400	True	1948	5.39	
sat-comp-2026	e2b819680a045a8af67f82fa2f3d945a-59-134241	59-134241	anon-pair	35620	1019559	1019559	2071420	1184172	15790151	0.07499	0	da39a3ee5e6b		200000	35588	216680	0.7205	664	400	True	4000	5.33	
sat-comp-2026	e305def35c314eec8266087e89a9ab46-ntil-90d-35.sanitized	ntil-90d-35.sanitized	ntil	306	264104	264104	808114	307220	4286672	0.07167	0	da39a3ee5e6b		200000	306	44947	0.0	1	299	False	306	1.4	
sat-comp-2026	e3a132ecb8108f7d8a46b6686e686b60-9.sanitized	9.sanitized	anon-sanitized	1200	21040	21040	81360	30772	453268	0.06789	0	da39a3ee5e6b		21040	1200	20343	0.0064	13	400	True	1200	0.46	
sat-comp-2026	e430acf720b63044e5c825a00a76b0eb-rphp_p25_r25	rphp_p25_r25	php	1250	15375	15375	46300	15600	278309	0.05605	0	da39a3ee5e6b		15375	1250	33650	0.4125	26	207	False	1250	0.6	
sat-comp-2026	e4d1892db27b721b88e5ee7e5987649f-quad_res_r33_m36	quad_res_r33_m36	quad-res	7582	39537	39537	129545	81968	764114	0.10727	0	da39a3ee5e6b		39537	7582	26556	0.6285	377	104	False	4000	0.56	
sat-comp-2026	e5066e18b03451d92863160ed8166bdf-1x1x14_1x2x9_pair_2_4_0_3_1_0.sanitized	1x1x14_1x2x9_pair_2_4_0_3_1_0.sanitized	pair-packing	11020	241880	241880	926828	377880	5421279	0.0697	0	da39a3ee5e6b		200000	7887	296627	-0.1878	4	400	True	4000	3.76	
sat-comp-2026	e55a49d8065d65650f24c0f3ecef30b6-af-synthesis_stb_50_120_4_unsat	af-synthesis_stb_50_120_4_unsat	argumentation	23931	298759	298759	1027768	1585628	6574341	0.24118	0	da39a3ee5e6b		200000	23889	385158	0.8343	272	237	False	4000	3.99	
sat-comp-2026	e5787bb4c8c29aa39b14a5e11387999d-fpsol2.i.2.29.sanitized	fpsol2.i.2.29.sanitized	dimacs-coloring	13079	252490	252490	517157	100700	3439402	0.02928	0	da39a3ee5e6b		200000	11319	223010	0.1942	161	400	True	4000	7.72	
sat-comp-2026	e67d733d9938c565d6359002333611ff-WS_500_16_70_10.apx_2_DS-ST	WS_500_16_70_10.apx_2_DS-ST	argumentation	1000	13501	13501	30501	30184	161854	0.18649	0	da39a3ee5e6b		13501	1000	26031	0.0	1	400	True	1000	0.19	
sat-comp-2026	e685a5d96e1ee9e051f191eca84b0d88-sbdp4_140_2.sanitized	sbdp4_140_2.sanitized	sbdp	1757	7472	7472	21741	21396	122778	0.17427	0	da39a3ee5e6b		7472	1755	6400	0.5667	140	134	False	1755	0.2	
sat-comp-2026	e85fb114c33f450dc2622c78bc6fa019-lru_7.sanitized	lru_7.sanitized	singletons	32170813	82175657	82175657	183160695	198030164	1834162897	0.10797	0	da39a3ee5e6b		200000	412157	306207	0.5548	281267	2	False	4000	145.68	
sat-comp-2026	e8ccbfaa2762cd0fc22b0ab05bacf529-ntil-90d-36.sanitized	ntil-90d-36.sanitized	ntil	324	313486	313486	958065	333120	5116870	0.0651	0	da39a3ee5e6b		200000	324	51226	0.0	1	318	False	324	1.72	
sat-comp-2026	e91253303b915493090c1f4b59d9e969-lattice-20.19.sanitized	lattice-20.19.sanitized	lattice	7600	144800	144800	296400	51896	2017245	0.02573	0	da39a3ee5e6b		144800	7600	170800	0.4178	334	400	True	4000	1.48	
sat-comp-2026	ebc40cf47836100655aea44ef1ed46da-MM-23-2-2-3-B	MM-23-2-2-3-B	singletons	26541	117207	117207	372519	550328	2445589	0.22503	0	da39a3ee5e6b		117207	26541	101817	0.4733	2998	18	False	4000	0.85	
sat-comp-2026	ee44c3f464238366729bf2cb16eb412a-n384p5q2_vh.af_138.sanitized	n384p5q2_vh.af_138.sanitized	argumentation	384	44173	44173	131751	73984	665829	0.11112	0	da39a3ee5e6b		44173	384	37376	0.0	1	365	False	384	0.88	
sat-comp-2026	ee8c86d39745aea1c1731d4f34bcaed7-6.xz.sanitized	6.xz.sanitized	anon-xz-sanitized	13475543	36005739	36005739	81935245	97963496	780746222	0.12547	0	da39a3ee5e6b		200000	431397	320459	0.5982	296694	8	False	4000	66.86	
sat-comp-2026	ef063cf2e17dd6472f514ab549a5eed5-cabp-V-nos6.mtx.rnd-k297.sanitized	cabp-V-nos6.mtx.rnd-k297.sanitized	bandwidth-mtx	1574100	8748202	8748202	19003342	9359240	170355860	0.05494	0	da39a3ee5e6b		200000	369516	248175	0.3251	273433	11	False	4000	16.08	
sat-comp-2026	f15a3ce898e0c66f309bf07d73744adf-crusti_g2io_350_0.5_255_42.af_264.sanitized	crusti_g2io_350_0.5_255_42.af_264.sanitized	crusti-g2io	178500	43858644	43858644	131129682	76722228	977266245	0.07851	0	da39a3ee5e6b		200000	159200	245707	0.2255	38419	16	False	4000	80.13	
sat-comp-2026	f1d1a4fee20e2907c33465a88d1e24f2-openstacks-sequencedstrips-nonadl-nonnegated-os-sequencedstrips-p30_1.035-NOTKNOWN	openstacks-sequencedstrips-nonadl-nonnegated-os-sequencedstrips-p30_1.035-NOTKNOWN	planning	133566	667976	667976	1591941	761464	12023208	0.06333	0	da39a3ee5e6b		200000	115522	300102	0.4324	17444	52	False	4000	2.65	
sat-comp-2026	f2c6d035d0aa58cc06927af6be7a821f-scc_9630_26_0.3_0.1_17.af_516.sanitized	scc_9630_26_0.3_0.1_17.af_516.sanitized	argumentation	9630	2735974	2735974	8183036	9411540	50892732	0.18493	0	da39a3ee5e6b		200000	9630	236978	0.0	1	400	True	4000	7.81	
sat-comp-2026	f497bda3018958d7ba2d1cd99da3982e-adv_gc_n100_k12_UNSAT_s42.sanitized	adv_gc_n100_k12_UNSAT_s42.sanitized	adv-gc	2300	21816	21816	44632	22100	270603	0.08167	0	da39a3ee5e6b		21816	2300	28316	0.6175	12	400	True	2300	0.38	
sat-comp-2026	f52a349677a5b5b5315b5954b3181fe3-schooltt-5-7-12-2-4-1.4-2.6-0.2-0.9-seed2.sanitized	schooltt-5-7-12-2-4-1.4-2.6-0.2-0.9-seed2.sanitized	schooltt	76014	1432755	1432755	3926646	843488	28548488	0.02955	0	da39a3ee5e6b		200000	70902	423148	0.4789	1836	400	True	4000	5.98	
sat-comp-2026	f554b55356a5e0ed39dbf8c1030ebce0-4.xz.sanitized	4.xz.sanitized	anon-xz-sanitized	10780343	28804339	28804339	65547645	79027820	611129622	0.12931	0	da39a3ee5e6b		200000	428310	319506	0.5947	292895	8	False	4000	52.9	
sat-comp-2026	f5bb000a2fb23f3a5c19df2b6613cf77-ntil-90d-47.sanitized	ntil-90d-47.sanitized	ntil	552	1001616	1001616	3046099	998620	16663638	0.05993	0	da39a3ee5e6b		200000	552	121053	0.0	1	400	True	552	2.78	
sat-comp-2026	f604f43d1f5525f3dab4090190adbc66-1x1x14_1x2x9_pair_2_4_0_3_3_0.sanitized	1x1x14_1x2x9_pair_2_4_0_3_3_0.sanitized	pair-packing	11020	241880	241880	926828	377880	5421279	0.0697	0	da39a3ee5e6b		200000	7887	296627	-0.1878	4	400	True	4000	3.74	
sat-comp-2026	f83424f869b61931d720f93e5a12df3c-php_sudoku_p20_h19.sanitized	php_sudoku_p20_h19.sanitized	php	380	7050	7050	14440	6164	81831	0.07533	0	da39a3ee5e6b		7050	380	7030	0.4339	15	243	False	380	0.34	
sat-comp-2026	f8443057c188f6c9cfb711ff3d4aa6ff-constraints_17_0.5_2.sanitized	constraints_17_0.5_2.sanitized	constraints	2720	105706	105706	12423328	982008	48153065	0.02039	0	da39a3ee5e6b		105706	2720	35718	0.1302	14	287	False	2720	5.73	
sat-comp-2026	f8a3fae231fe11905d91db3fb6c42449-289-unsat-13x32	289-unsat-13x32	singletons	1664	157664	157664	625664	91840	3651434	0.02515	0	da39a3ee5e6b		157664	1664	347776	0.7428	4	400	True	1664	1.31	
sat-comp-2026	fa3e27fb7209620b792d5c75a75d669b-schooltt-5-5-10-2-4-5-10-0.1-0.2-seed5.sanitized	schooltt-5-5-10-2-4-5-10-0.1-0.2-seed5.sanitized	schooltt	40979	641318	641318	1613467	345836	11923743	0.029	0	da39a3ee5e6b		200000	40292	311903	0.4816	1050	400	True	4000	10.07	
sat-comp-2026	fac2035ba83ac2d0c2d67509d3f82b94-16_16_booth_dadda_origin_and_default_mapped_ultra_bit29	16_16_booth_dadda_origin_and_default_mapped_ultra_bit29	multiplier-16x16	2777	9204	9204	24060	26152	137261	0.19053	0	da39a3ee5e6b		9204	2777	7633	0.4192	400	80	False	2777	0.14	
sat-comp-2026	faf4561dc9f61c71b926d7d0aec7fb4a-smulo128	smulo128	arith-xor-misc	188473	564650	564650	1317514	1312208	10140320	0.1294	0	da39a3ee5e6b		200000	176437	280166	0.5717	31484	178	False	4000	2.64	
sat-comp-2026	fbbfbee9e6cba8bca18fbcfc23dcfcb6-adv_gc_n100_k11_UNSAT_s42.sanitized	adv_gc_n100_k11_UNSAT_s42.sanitized	adv-gc	2100	17509	17509	35918	21320	214991	0.09917	0	da39a3ee5e6b		17509	2100	22909	0.5968	11	400	True	2100	0.32	
sat-comp-2026	fbd9968f5067604694f11f14c07c5527-count_p2_M45.sanitized	count_p2_M45.sanitized	count	990	42615	42615	87120	20424	509362	0.0401	0	da39a3ee5e6b		42615	990	42570	0.3231	20	400	True	990	0.63	
sat-comp-2026	fbf3b9f8a03a1efedae3da04622fe96e-sqrt-mitern168	sqrt-mitern168	div-sqrt-miter	4322	18949	18949	55176	66316	323820	0.20479	0	da39a3ee5e6b		18949	4320	23227	0.6232	62	200	False	4000	1.07	
sat-comp-2026	fca71c20202ef404349136c3a00465eb-em_8_4_5_fbc	em_8_4_5_fbc	em	2420	33572	33572	97252	65788	593714	0.11081	0	da39a3ee5e6b		33572	2420	41816	0.6003	60	243	False	2420	1.35	
sat-comp-2026	fd1e0ce3662b9b25d23eb01c6e53a425-ntil-90d-42.sanitized	ntil-90d-42.sanitized	ntil	441	627443	627443	1911515	614776	10376395	0.05925	0	da39a3ee5e6b		200000	441	89030	0.0	1	400	True	441	1.99	
sat-comp-2026	fe776dd02d74e0d68a3e3fc3f9d934de-vdwb_k7_n3703.sanitized	vdwb_k7_n3703.sanitized	vdw	3703	2281666	2281666	15971662	10260544	88922448	0.11539	0	da39a3ee5e6b		200000	3703	2373109	0.0	1	400	True	3703	15.31	
sat-comp-2026	fed1f1b55b33c7e0f8356832d571b0bf-ntil-90d-41.sanitized	ntil-90d-41.sanitized	ntil	420	541603	541603	1651290	565948	8926330	0.0634	0	da39a3ee5e6b		200000	420	78119	0.0	1	400	True	420	1.75	
sat-comp-2026	fed3f8d39738c2e935e8ed13ddeb6967-8.sanitized	8.sanitized	anon-sanitized	1200	21040	21040	81360	30672	454186	0.06753	0	da39a3ee5e6b		21040	1200	20325	0.0035	13	400	True	1200	0.4	
sat-comp-2026	ff706804d01ac07e8b8502de6331f2de-adv_gc_n200_k15_UNSAT_s42.sanitized	adv_gc_n200_k15_UNSAT_s42.sanitized	adv-gc	5800	71820	71820	146240	63760	962585	0.06624	0	da39a3ee5e6b		71820	5800	84820	0.7213	15	400	True	4000	1.62	
