stem	family	split	status	xz_mb	vars	clauses	parsed	prefix	len_mode	len_max	binary_frac	mean_len	occ_var_mean	uniform_random	xor_k2	xor_constraints	xor_max_k	xor_clause_frac	xor_var_frac	amo_groups	amo_max	amo_median	amo_var_frac	eo_groups	period	period_cover	copy_cover	gates_matched	gates_ands	gates_xors	gates_ites	gate_output_frac	gate_equivalences	classify_small	classify_bigbig	span_small_frac	scc_count	sym_status	sym_gens	sym_row	sym_rowcol	sym_johnson	sym_units	sym_amo_binary	sym_remain_pct	sym_decided	sym_s	detect_s	signature
2d0c041c0fe72dc32527bfbf34f63e61-170223547	anon-id	train	SAT	0.0	322	1127	1127	0	3	3	0.0	3.0	0.04155575273587696	0	0	0	0	0.0	0.0	0	0	0	0.0	0	106	0.001774622892635315	0.001774622892635315	0.0	0.0	0.0	0.0	0.0	0.0	1.0	0.0	0.043478260869565216	0.0	ok	0	0	0	0	0	0	100.0		0.0	0.0	plain
00fd8ac9acd186a7a78a2c4d92f90de1-2.normalised	anon-normalised	train	SAT	174.3	23436630	63048517	3000000	1	2	129	0.6488053333333333	2.2803733333333334	180.8783242847492	0	0	0	0	0.0	0.0	13163	3	3	0.0016504505980595332	13163	117322	0.9078613333333333	0.9726286666666667											too-big										32.3	unrolled
1c21a43aa1ad437e4a7e4eb5b9cd45a1-9.normalised	anon-normalised	train	SAT	438.4	58633530	157745317	3000000	1	2	129	0.6488053333333333	2.2803733333333334	180.8783242847492	0	0	0	0	0.0	0.0	13163	3	3	0.0006597078497576386	13163	117322	0.9078613333333333	0.9726286666666667											too-big										31.8	unrolled
619e9e0d70c78c97b0516afedf086fee-20.normalised	anon-normalised	val	SAT	43.3	5838180	15700117	3000000	1	2	129	0.6488053333333333	2.2803733333333334	180.8783242847492	0	0	0	0	0.0	0.0	13163	3	3	0.006625523707730834	13163	117322	0.9078613333333333	0.9726286666666667											ok	7379	0	0	0	100	0	85.31		53.2	32.4	unrolled+sym
6415a71364351c0a521fdee510bc2589-18.normalised	anon-normalised	train	SAT	112.9	15224020	40952597	3000000	1	2	129	0.6488053333333333	2.2803733333333334	180.8783242847492	0	0	0	0	0.0	0.0	13163	3	3	0.0025407875186711525	13163	117322	0.9078613333333333	0.9726286666666667											too-big										32.2	unrolled
6ebe901234af9615bb85b688a26ef2c4-17.normalised	anon-normalised	train	NONE_rc-6	876.5	117295030	315573317	3000000	1	2	129	0.6488053333333333	2.2803733333333334	180.8783242847492	0	0	0	0	0.0	0.0	13163	3	3	0.0003297752683979875	13163	117322	0.9078613333333333	0.9726286666666667											too-big										32.1	unrolled
753757e87d34bd1075c413d801bf99b8-16.normalised	anon-normalised	val	SAT	104.3	14050790	37796037	3000000	1	2	129	0.6488053333333333	2.2803733333333334	180.8783242847492	0	0	0	0	0.0	0.0	13163	3	3	0.002752941293692383	13163	117322	0.9078613333333333	0.9726286666666667											too-big										31.8	unrolled
83aa254f7d17e1df7bee19322ac4752b-1.normalised	anon-normalised	train	SAT	218.5	29302780	78831317	3000000	1	2	129	0.6488053333333333	2.2803733333333334	180.8783242847492	0	0	0	0	0.0	0.0	13163	3	3	0.0013200454018355938	13163	117322	0.9078613333333333	0.9726286666666667											too-big										32.3	unrolled
9af78578225115b54d5e7338562664fd-5.normalised	anon-normalised	train	SAT	262.5	35168930	94614117	3000000	1	2	129	0.6488053333333333	2.2803733333333334	180.8783242847492	0	0	0	0	0.0	0.0	13163	3	3	0.0010998628619068025	13163	117322	0.9078613333333333	0.9726286666666667											too-big										31.7	unrolled
be78afd2e0b3d1a955fc403b2d100d55-4.normalised	anon-normalised	train	SAT	86.5	11704330	31482917	3000000	1	2	129	0.6488053333333333	2.2803733333333334	180.8783242847492	0	0	0	0	0.0	0.0	13163	3	3	0.0033048453008416544	13163	117322	0.9078613333333333	0.9726286666666667											too-big										32.4	unrolled
d8666a18cf3a32af0a606099f0070b4b-7.normalised	anon-normalised	train	SAT	350.2	46901230	126179717	3000000	1	2	129	0.6488053333333333	2.2803733333333334	180.8783242847492	0	0	0	0	0.0	0.0	13163	3	3	0.0008247331679787503	13163	117322	0.9078613333333333	0.9726286666666667											too-big										31.0	unrolled
e23edb67db2d1dfdbfe2f4c02d09c6c7-14.normalised	anon-normalised	val	SAT	69.3	9357870	25169797	3000000	1	2	129	0.6488053333333333	2.2803733333333334	180.8783242847492	0	0	0	0	0.0	0.0	13163	3	3	0.004133526112245629	13163	117322	0.9078613333333333	0.9726286666666667											too-big										32.3	unrolled
ee5fb3e181571740adb8444bd052dbdc-11.normalised	anon-normalised	train	SAT	402.8	53940610	145119077	3000000	1	2	129	0.6488053333333333	2.2803733333333334	180.8783242847492	0	0	0	0	0.0	0.0	13163	3	3	0.0007171034958633207	13163	117322	0.9078613333333333	0.9726286666666667											too-big										31.6	unrolled
a2ca167a8fdbf165f40b5d6dee94b040-58-134003	anon-pair	train	SAT	0.9	31263	799432	799432	0	2	23	0.998176205105625	2.0354589258373443	8.139504730580745	0	0	0	0	0.0	0.0	3366	24	18.0	0.999936026612929	1020	1	0.9932051756747291	0.9975845350198641	0.0	31253.0	0.0	0.0	0.4553109657493335	0.0	0.0	1.0	0.11357062004779273	0.0	ok	1060	0	0	0	848	0	99.99		40.6	8.5	exactly-one+circuit+sym
e2d2b011b0805782df6adba648db92e8-59-129706	anon-pair	val	SAT	0.9	31294	802297	802297	0	2	23	0.9981789786076727	2.035363462657844	8.386310419605081	0	0	0	0	0.0	0.0	3208	23	18.0	0.9999360899853007	1029	1	0.9934849563191686	0.9976455103284694	0.0	31281.0	0.0	0.0	0.4553871686247107	0.0	0.0	1.0	0.11554972772525307	0.0	ok	1094	0	0	0	693	0	99.98		42.1	8.3	exactly-one+circuit+sym
ad9eb96bac59319fc2f7daffd1f961f8-AProVE07-21	aprove	train	UNSAT	0.0	3189	11039	11039	0	2	25	0.4895370957514268	2.582570885043935	6.289187283433494	0	85	854	3	0.30944831959416613	0.5678896205707118	1	3	3	0.0009407337723424271	0	3	0.15227828607663738	0.8215418063230365	0.0	1836.0	2061.0	0.0	1.0	225.0	1.0	0.0	0.534539089848308	200.0	ok	0	0	0	0	0	0	98.99		0.0	0.1	xor+circuit+xorgates
00d5a43a481477fa4d56a2ce152a6cfb-st_890_86_9_572.normalised	argumentation	train	TIMEOUT	0.2	2670	79728	79728	0	2	890	0.9646297411198074	2.94791039534417	14.24121546513021	0	0	0	0	0.0	0.0	886	3	3.0	0.9955056179775281	886	1	0.13404324703993578	0.9767835641180012	0.0	2229.0	0.0	0.0	0.35308094408363694	0.0	1.0	0.0	0.07463459676148008	0.0	ok	0	0	0	0	0	0	71.17		0.1	0.8	exactly-one+circuit
16564a6acba6b9fc887c447d4e507767-ER_400_20_7.apx_2_DS-ST	argumentation	train	SAT	0.1	802	48439	48439	0	2	62	0.9917009021656104	2.3167489006792046	26.04684203135775	0	401	0	0	0.0	0.0	517	6	5	1.0	0	1	0.3550857779888107	0.9912673672041123	0.0	400.0	0.0	0.0	0.2599090318388564	400.0	1.0	0.0	0.01325678496868476	800.0	ok	0	0	0	0	0	0	99.57		0.1	0.5	at-most-one
43fbacb24ea30054dece1de179c4ca7e-ER_400_20_7.apx_1_DS-ST	argumentation	train	SAT	0.1	802	48439	48439	0	2	62	0.9917009021656104	2.3167489006792046	26.047733130171693	0	401	0	0	0.0	0.0	517	6	5	1.0	0	1	0.3550857779888107	0.9912673672041123	0.0	400.0	0.0	0.0	0.26367831245880025	400.0	1.0	0.0	0.014270833333333333	800.0	ok	0	0	0	0	0	0	99.45		0.1	0.6	at-most-one
6fab31665147f538da92dc16c3a239ad-stb_664_50.apx_2_DC-ST	argumentation	val	TIMEOUT	0.1	1328	22623	22623	0	2	19	0.9707377447730187	2.2757812845334393	7.341595209623577	0	667	0	0	0.0	0.0	924	4	3.0	0.9954819277108434	0	1	0.11802148256199443	0.9675993457985236	0.0	522.0	0.0	0.0	0.6468401486988847	524.0	1.0	0.0	0.06030916612236011	1044.0	ok	0	0	0	0	0	0	65.91		0.0	0.2	at-most-one+circuit
8b267f95678c90b2179944de7233b090-ER_500_20_4.apx_1_DC-AD	argumentation	train	TIMEOUT	0.2	1002	76024	76024	0	2	70	0.9933968220561927	2.3223324213406293	33.01507581089372	0	0	0	0	0.0	0.0	653	7	5	1.0	0	1	0.3595706618962433	0.993041671051247	0.0	390.0	0.0	0.0	0.11729323308270677	0.0	1.0	0.0	0.0026899798251513113	0.0	ok	0	0	0	0	0	0	60.38		0.1	1.0	at-most-one
9754fc1acf450ee2ed2083a211cfa487-stb_792_333.apx_0	argumentation	val	SAT	0.0	2376	15478	15478	0	2	13	0.7960330792092002	2.5397984235689366	5.912624491803983	0	12	0	0	0.0	0.0	785	3	3	0.9911616161616161	785	1	0.27710298488176766	0.8906835508463625	687.0	1374.0	0.0	0.0	1.0	691.0	1.0	0.0	0.07657959365929895	1374.0	ok	129	0	0	0	0	0	68.04		2.0	0.1	exactly-one+circuit+sym
aa5585572cc045a3c2209b083635d598-st_815_74_9_2860.normalised	argumentation	train	TIMEOUT	0.2	2445	62391	62391	0	2	815	0.9567084996233431	2.93069513231075	12.229363245529369	0	0	0	0	0.0	0.0	810	3	3.0	0.9938650306748467	810	1	0.1355003125450786	0.9725601448926928	0.0	1650.0	0.0	0.0	0.4348972061149183	0.0	1.0	0.0	0.09071687876491004	0.0	ok	0	0	0	0	0	0	48.67		0.1	0.6	exactly-one+circuit
ac51df6b340190cd1182c06ff2955afa-WS_500_16_90_70.apx_1_DC-ST	argumentation	train	SAT	0.0	1000	13501	13501	0	2	16	0.9630397748314939	2.2591659877046144	5.268351824530343	0	502	0	0	0.0	0.0	685	3	3	0.966	0	1	0.13650840678468262	0.9555588474927783	0.0	480.0	0.0	0.0	0.6789250353606789	484.0	1.0	0.0	0.05942622950819672	960.0	ok	0	0	0	0	0	0	93.39		0.0	0.1	at-most-one+circuit
b9ed6fd14f4fc969ec966a4b54c36872-n320p5q2_n.apx_16	argumentation	val	SAT	0.1	960	62749	62749	0	2	320	0.9844300307574623	3.0475864157197723	97.99271150354977	0	0	0	0	0.0	0.0	320	3	3.0	1.0	320	1	0.7432787773510335	0.9894659675851408	0.0	1600.0	0.0	0.0	0.4459308807134894	0.0	1.0	0.0	0.021533896781154468	0.0	ok	0	0	0	0	0	0	83.9		0.1	0.8	exactly-one+circuit
c0074020a48535e6062421cea2850dd0-st_659_37_25_686.normalised	argumentation	train	TIMEOUT	0.1	1977	27695	27695	0	2	659	0.9256183426611302	2.892507672865138	6.325553762410629	0	0	0	0	0.0	0.0	655	3	3	0.9939301972685888	655	1	0.14551363061924535	0.9465246434374436	0.0	1725.0	0.0	0.0	0.5650180150671471	0.0	1.0	0.0	0.1311525683618707	0.0	ok	0	0	0	0	0	0	78.09		0.0	0.2	exactly-one+circuit
f371fb73e6bd6d05b306519818bd5c89-WS_500_16_90_70.apx_1_DS-ST	argumentation	train	SAT	0.0	1000	13501	13501	0	2	16	0.9630397748314939	2.2591659877046144	5.268351824530343	0	502	0	0	0.0	0.0	685	3	3	0.966	0	1	0.13650840678468262	0.9555588474927783	0.0	497.0	0.0	0.0	0.6808219178082192	501.0	1.0	0.0	0.06198942815953868	994.0	ok	0	0	0	0	0	0	99.6		0.0	0.1	at-most-one+circuit
9b5f767eb5c14eb888d51acf70e045c8-uniqinv40prop	arith-xor-misc	train	UNSAT	0.1	12526	36750	36750	0	2	3	0.6666666666666666	2.333278911564626	5.404037325924144	0	0	0	0	0.0	0.0	0	0	0	0.0	0	3	0.40862585034013604	0.8701496598639455	39.0	12092.0	0.0	0.0	0.9879892148051311	40.0	1.0	0.0	0.7542839825885723	252.0	ok	1	0	0	0	1	117	99.87		0.1	0.3	unrolled+circuit+sym
d9320e4dbba0f8bd699085f61a98ff5c-mod4block_3vars_7gates	arith-xor-misc	val	UNSAT	0.2	574	118394	118394	0	6	24	0.013488859232731389	5.847272665844553	844.434449378029	0	0	0	0	0.0	0.0	43	12	10	0.21951219512195122	2	1	0.013142557899893575	0.0204233322634593	0.0	126.0	0.0	0.0	0.12244897959183673	0.0	1.0	0.0	0.004476521103599488	6.0	ok	1	0	0	0	0	0	51.72		0.2	1.3	at-most-one+sym
1a936d41e3439d602c3ddcf96458a38c-arles_thres10_p10_r8185	arles	val	UNSAT	0.0	4487	16697	16697	0	2	157	0.5124872731628436	4.749116607773852	68.94320531598505	0	0	0	0	0.0	0.0	0	0	0	0.0	0	1	0.8757261783553932	0.9063304785290771											ok	0	0	0	0	0	0	0.01	UNSAT	0.0	0.2	sym-decided
2412325e3c099453b99c87864477363c-arles_thres20_p10_r7340	arles	train	UNSAT	0.0	2320	8620	8620	0	2	78	0.512877030162413	3.636194895591647	28.00847855168893	0	0	0	0	0.0	0.0	0	0	0	0.0	0	1	0.8735498839907193	0.9073085846867749											ok	0	0	0	0	0	0	76.03		0.0	0.1	plain
3619135ee5865be0a107449fb31defd9-arles_thres20_p10_r7475	arles	train	UNSAT	0.0	2320	8620	8620	0	2	79	0.5127610208816705	3.640371229698376	28.096253928485087	0	0	0	0	0.0	0.0	0	0	0	0.0	0	1	0.8735498839907193	0.90707656612529											ok	0	0	0	0	0	0	76.02		0.0	0.1	plain
4761df10c93b58dc5985ca8a43c959cf-arles_thres10_p10_r8188	arles	train	UNSAT	0.0	4487	16697	16697	0	2	157	0.5124872731628436	4.749475953764149	68.9476473742204	0	0	0	0	0.0	0.0	0	0	0	0.0	0	1	0.8757261783553932	0.9063304785290771											ok	0	0	0	0	0	0	0.01	UNSAT	0.0	0.2	sym-decided
50519e9e964f30dc34992f0348bd7005-arles_thres10_p10_r8142	arles	train	UNSAT	0.0	4487	16697	16697	0	2	157	0.5124872731628436	4.7448044558902795	68.86501662515975	0	0	0	0	0.0	0.0	0	0	0	0.0	0	1	0.8757261783553932	0.9062705875306941											ok	0	0	0	0	0	0	0.01	UNSAT	0.0	0.1	sym-decided
68e33d998466bbdd4bfb7249a5790e4f-arles_thres10_p10_r8180	arles	train	UNSAT	0.0	4487	16697	16697	0	2	157	0.5124872731628436	4.748637479786788	68.9354650472108	0	0	0	0	0.0	0.0	0	0	0	0.0	0	1	0.8757261783553932	0.9063304785290771											ok	0	0	0	0	0	0	0.01	UNSAT	0.0	0.1	sym-decided
8a05f9b6bf49285e40d0a197967ea5d3-arles_thres10_p10_r7466	arles	train	UNSAT	0.0	4487	16697	16697	0	2	156	0.5124872731628436	4.689345391387675	67.76155862850884	0	0	0	0	0.0	0.0	0	0	0	0.0	0	1	0.8757261783553932	0.9066898245193747											ok	0	0	0	0	0	0	0.01	UNSAT	0.0	0.1	sym-decided
a0bcdaffb0ea36b678899fd86bdc7f18-arles_thres10_p10_r8186	arles	val	UNSAT	0.0	4487	16697	16697	0	2	157	0.5124872731628436	4.749236389770617	68.94541751743175	0	0	0	0	0.0	0.0	0	0	0	0.0	0	1	0.8757261783553932	0.9063304785290771											ok	0	0	0	0	0	0	0.01	UNSAT	0.0	0.1	sym-decided
abadaf0ee0e21ff1a4b0e294f13ab5ab-arles_thres10_p20_r4305	arles	train	UNSAT	0.0	8357	32177	32177	0	2	152	0.5066351741927464	3.404605774310843	51.25666934805199	0	0	0	0	0.0	0.0	0	0	0	0.0	0	1	0.9355129440283432	0.9509587593622774											ok	0	0	0	0	0	0	0.0	UNSAT	0.0	0.3	sym-decided
d1c28f29dc80ff82a3e32aa47fac8b41-arles_thres10_p10_r8175	arles	train	UNSAT	0.0	4487	16697	16697	0	2	157	0.5124872731628436	4.748038569802959	68.92409675390377	0	0	0	0	0.0	0.0	0	0	0	0.0	0	1	0.8757261783553932	0.9063304785290771											ok	0	0	0	0	0	0	0.01	UNSAT	0.0	0.2	sym-decided
d971241ca861121371d20be1d61c15a3-arles_thres20_p10_r7532	arles	val	UNSAT	0.0	2320	8620	8620	0	2	79	0.5127610208816705	3.6440835266821345	28.178096005480008	0	0	0	0	0.0	0.0	0	0	0	0.0	0	1	0.8735498839907193	0.9068445475638051											ok	0	0	0	0	0	0	76.06		0.0	0.1	plain
f6f91f6a44c3953b788c026cbbaa4e91-arles_thres10_p20_r4514	arles	train	UNSAT	0.0	8357	32177	32177	0	2	152	0.5066662522920098	3.4227553842806975	52.25492828398655	0	0	0	0	0.0	0.0	0	0	0	0.0	0	1	0.9355129440283432	0.9508655250644871											ok	0	0	0	0	0	0	0.0	UNSAT	0.0	0.3	sym-decided
2925ee90763e08b2f7e79c7c713c86b9-at-least-two-ibm-2004-23-k100	at-least-two	train	SAT	3.5	622818	2552775	2552775	0	2	207606	0.5248766538374906	2.7657940868270803	15.885514076565348	0	30060	210342	3	0.32958956429767605	1.0	19061	3	3	0.05173742570060596	1021	1	0.8797492924366621	0.9996141453908002	270497.0	335825.0	611013.0	0.0	1.0	31563.0	0.0	1.0	0.22734984033395816	272910.0	ok	549	0	0	0	7	0	96.57		33.3	25.2	xor+circuit+xorgates+sym
4ba2c1aa580b6497df6baf5e7e2c87be-at-least-two-vmpc_28	at-least-two	val	TIMEOUT	0.3	2352	219297	219297	0	3	784	0.38687259743635344	2.6294568553149382	117.64157151643799	0	0	784	3	0.01430024122537016	1.0	68	28	28.0	0.6666666666666666	68	1	0.3999507517202698	0.999484717073193	0.0	3136.0	2352.0	0.0	0.8310115081768625	0.0	0.0	1.0	0.009214595360590851	0.0	ok	1	0	0	0	0	0	80.7		0.8	1.7	xor+exactly-one+circuit+xorgates+sym
cdf559a186b55457ce49516ec323e907-at-least-two-traffic_kkb_unknown	at-least-two	train	UNSAT	2.1	103530	1541429	1541429	0	4	34510	0.06859738593214479	3.685665703707404	201.8438335042259	0	0	34510	3	0.08955326518444898	1.0	1205	10	3	0.021732831063459867	0	1	0.980459041577653	0.9999993512513389	0.0	0.0	103530.0	0.0	1.0	0.0	0.0	1.0	0.05814557159173502	0.0	ok	79	0	0	0	15	0	92.36		12.7	15.2	xor+circuit+xorgates+sym
533017e0f42d8246c7ae140313a84161-baseballcover12with25_and5positions	baseballcover	train	TIMEOUT	6.3	3563274	7126450	3000000	1	2	3	0.5040323333333333	2.492855666666667	70.02595714792083	0	1207	0	0	0.0	0.0	0	0	0	0.0	0	1	0.498009	0.5571156666666667	0.0	0.0	0.0	0.0	0.0	1207.0	0.0	1.0	0.8405654077864392	644.0	ok	0	0	0	0	0	14	98.92		12.6	36.0	plain
d88c6afc13cdad0e2c8371a879692b39-battleship-13-13-unsat	battleship	train	UNSAT	0.0	169	1183	1183	0	2	13	0.8571428571428571	3.5714285714285716	0.0	0	0	0	0	0.0	0.0	13	13	13	1.0	0	1	0.8571428571428571	0.8681318681318682	0.0	0.0	0.0	0.0	0.0	0.0	1.0	0.0	0.08862876254180602	0.0	ok	32	0	0	0	27	2	83.69		0.1	0.0	at-most-one+sym
ed6d842f96d10f3400bce251f9e95bfb-battleship-16-31-sat	battleship	val	SAT	0.0	496	3976	3976	0	2	31	0.9356136820925554	3.867203219315895	0.0	0	0	0	0	0.0	0.0	31	16	16	1.0	0	1	0.9278169014084507	0.9356136820925554	0.0	0.0	0.0	0.0	0.0	0.0	1.0	0.0	0.14762516046213095	0.0	ok	48	0	0	0	5	0	98.54		0.1	0.0	at-most-one+sym
362d153b4162127bc42796180110f483-Carry_Bits_Fast_19.cnf	bits-fast	train	SAT	0.0	5892	23367	23367	0	3	3	0.0	2.9942654170411265	13.34398805804979	0	0	2879	3	0.492831771301408	0.988458927359131	0	0	0	0.0	0	6	0.7537980913253733	0.7993751872298541	15.0	65.0	8439.0	3738.0	1.0	166.0	1.0	0.0	0.16422820109976433	366.0	ok	0	0	0	0	0	0	99.14		0.1	0.2	xor+unrolled+circuit+xorgates
90bec6dcf2399d7c7f73acba44a8641e-Wallace_Bits_Fast_8.cnf	bits-fast	train	SAT	0.1	15479	61596	61596	0	3	3	0.0	2.9964932787843366	21.58543362315766	0	0	7632	3	0.49561659848042083	0.9930228050907681	0	0	0	0.0	0	5	0.5368692772257939	0.7431813754139879	35.0	119.0	22575.0	10156.0	1.0	267.0	1.0	0.0	0.1607633558853071	818.0	ok	0	0	0	0	0	0	99.48		0.1	0.5	xor+unrolled+circuit+xorgates
0205e2dffaef93a90c239df31755f2e1-bp4_CSO_AM_IXA_LP.normalised	bp	train	UNSAT	1.4	103337	933756	933756	0	3	504	0.369620114890828	3.6224913146475095	1175.4320811592163	0	0	28518	3	0.12216467685348206	0.8279125579414924	0	0	0	0.0	0	2	0.08530172764619451	0.45215024053392966	6498.0	36930.0	0.0	0.0	0.5363600714565814	28594.0	0.0	1.0	0.09682336025434551	59190.0	ok	0	0	0	0	0	438	90.11		1.2	10.2	xor+circuit
0f269188707a1b2f309dd1c70bfe22b0-bp4_BC012_CSO_AM_IXA.normalised	bp	val	UNSAT	1.3	93802	891227	891227	0	3	504	0.37109849679150203	3.6772382344789825	1214.8861502315315	0	0	28812	3	0.12931385606585077	0.9214728897038442	0	0	0	0.0	0	2	0.08031960432078472	0.4276497457998916	2525.0	35200.0	0.0	0.0	0.5628307830063478	28974.0	0.0	1.0	0.06617661025319581	58930.0	ok	0	0	0	0	0	42	90.28		1.2	9.7	xor+circuit
1b9f94befb5bc867c0e882f49973f793-bp4_BC012_AM_FPBEQ_ZR.normalised	bp	val	TIMEOUT	1.0	81661	709657	709657	0	3	504	0.3977710358666229	2.8950521167268133	588.0084737784337	0	0	23234	4	0.1351244333530142	0.8345599490576897	35	3	3	0.0012858035047329814	0	2	0.1094345578215955	0.5281396505635821	3847.0	41923.0	4853.0	848.0	0.9506547428936442	21917.0	0.0	1.0	0.15217765025994273	45014.0	ok	0	0	0	0	0	6	74.39		0.7	7.2	xor+circuit+xorgates
27cb3a6ca772613c5998d7f78a55ba45-bp4_AM_IXA_FPBLE.normalised	bp	train	UNSAT	1.2	97619	826126	826126	0	3	504	0.4310093133492954	2.895134640478571	571.195915738384	0	0	30573	4	0.1519622914664349	0.922002888781897	49	3	3	0.0015058543930997039	0	2	0.10844713760370694	0.4971118207149999	4332.0	54904.0	5817.0	884.0	0.9147400775090204	28974.0	0.0	1.0	0.14619949163734386	59526.0	ok	0	0	0	0	0	42	89.51		0.9	8.9	xor+circuit+xorgates
35b9091b90bd28a492c9556d6fc4348d-bp4_TCO_CSO_ZR.normalised	bp	train	TIMEOUT	1.1	77553	751275	751275	0	3	504	0.34791920401983295	3.575236764167582	1055.9850734808783	0	0	21756	3	0.11583508036338225	0.8415922014622258	0	0	0	0.0	0	2	0.082911051212938	0.4628784399853582	1461.0	27050.0	0.0	0.0	0.583867555958471	21905.0	0.0	1.0	0.065622426571507	44404.0	ok	0	0	0	0	0	6	75.84		0.9	8.1	xor+circuit
5dbe7b31f9b8d8e56045493439adb949-bp4_CSO_IXA_ZR.normalised	bp	train	SAT	1.1	77643	752015	752015	0	3	504	0.34765662918957735	3.575535062465509	1059.213493019523	0	0	21756	3	0.11572109598877682	0.8406166685985859	0	0	0	0.0	0	2	0.08283611364135024	0.4626729520022872	1461.0	27050.0	0.0	0.0	0.5821586140105456	21905.0	0.0	1.0	0.065732144616716	44404.0	ok	0	0	0	0	0	36	75.85		0.9	8.1	xor+circuit
6f354fbea13b25a49f3edc1cd10c48d5-bp4_CSO_LP_FPBLE_ZR_YS.normalised	bp	train	UNSAT	0.5	48032	448719	448719	0	3	504	0.235953904336567	2.8958635582625205	722.4254284182742	0	0	4008	4	0.03949019319440451	0.22822285143237842	28	3	3.0	0.0017488341105929381	0	1	0.08655974006003757	0.36333874874921723	4549.0	9548.0	2988.0	416.0	1.0	3591.0	1.0	0.0	0.28745656167688527	8190.0	ok	0	0	0	0	0	205	22.13		0.3	4.5	xor+circuit+xorgates
72cec28d6e34efe366150066b71edc33-bp4_LPI_FPBEQ_ZR.normalised	bp	train	TIMEOUT	1.0	78412	686090	686090	0	3	504	0.39154921366001544	2.8964873413109067	593.382900130806	0	0	21980	4	0.1323033421271262	0.8225526705096159	30	3	3.0	0.0011477835025251236	0	2	0.10796251220685332	0.5308268594499264	3230.0	39590.0	4631.0	704.0	1.0	19671.0	0.0	1.0	0.15762889418233014	40460.0	ok	0	0	0	0	0	36	71.2		0.7	7.2	xor+circuit+xorgates
76bef98aafe7e718e98761f058c7dc1d-bp4_CB_CSO_LP_FPBEQ_FPBLE.normalised	bp	train	UNSAT	1.0	77353	664556	664556	0	3	504	0.35400929342297716	2.910809623267264	588.257954826739	0	0	18180	4	0.11621593966497933	0.6725531007200755	51	3	3	0.0019779452639199515	0	2	0.13431825158451657	0.5127784565935752	6022.0	33589.0	7362.0	1268.0	0.9331403058969145	15903.0	0.0	1.0	0.21458569256155563	34430.0	ok	41	0	0	0	6	271	62.99		3.5	6.5	xor+circuit+xorgates+sym
9277f5d1bc65276294617e672c4f2443-bp4_BC012_CSO_FPBEQ_FPBLE_ZR.normalised	bp	val	SAT	1.1	82427	716804	716804	0	3	504	0.39467832210757753	2.905883616720889	580.2916581078332	0	0	24123	4	0.14134965764699975	0.8451235638807673	66	3	3.0	0.00238999357006806	0	2	0.10737942310589785	0.5281373987868371	3774.0	42247.0	7896.0	1152.0	0.9859493330257948	21917.0	0.0	1.0	0.17061094374388858	45132.0	ok	1	0	0	0	0	0	74.62		0.8	7.5	xor+circuit+xorgates+sym
98a9352230efc411c092f1dcdcdedcfc-bp4_BC012_IXA_LPI_FPBLE.normalised	bp	train	UNSAT	1.2	94479	803356	803356	0	3	504	0.4264522826741818	2.8967717923311707	572.6373712010949	0	0	29371	4	0.15032438918735902	0.9147217900274135	49	3	3	0.001555901311402534	0	2	0.1073160591319415	0.5013841933090685	3536.0	36525.0	5237.0	720.0	0.9914813172450814	17779.0	0.0	1.0	0.16261941120068185	36944.0	ok	4	0	0	0	0	38	54.98		0.8	8.5	xor+circuit+xorgates+sym
98e8aa2ace21d3362ef51524ad546764-bp4_TCO_CSO_IXA_LP_ZR.normalised	bp	train	SAT	1.2	85954	791791	791791	0	3	504	0.3481777388224923	3.531295506011056	1034.031914067226	0	0	21756	3	0.10990779132372053	0.7593363892314494	0	0	0	0.0	0	2	0.08562360521905402	0.48333966918037713	4648.0	29009.0	0.0	0.0	0.5825685309770057	22038.0	0.0	1.0	0.08522058731815214	45728.0	ok	0	0	0	0	0	327	76.85		0.9	8.6	xor+circuit
c6470503d1ff16cbafa18764b13d80ed-bp4_IXA_FPBEQ_ZR.normalised	bp	train	SAT	1.0	79962	700315	700315	0	3	504	0.39826506643439025	2.8984728300836053	592.5941545195191	0	0	23183	4	0.13649857564096157	0.8514544408594082	35	3	3	0.0013131237337735424	0	2	0.10879532781676816	0.5237585943468296	2423.0	41649.0	4720.0	716.0	0.9537168320842617	21917.0	0.0	1.0	0.1494605124221718	44814.0	ok	0	0	0	0	0	36	74.04		0.7	7.1	xor+circuit+xorgates
c8cde50f32ca3f78a4c74a173c63449b-bp5_CSO.normalised	bp	shared	SAT	5.7	380100	3868142	3000000	1	2	990	0.427866	4.065044333333334	2929.221518111535	0	0	120285	3	0.16038	0.9493685872138911	0	0	0	0.0	0	2	0.09987766666666667	0.512835	4881.0	155778.0	0.0	0.0	1.0	120285.0	0.0	1.0	0.2909801741719813	243230.0	ok	0	0	0	0	0	0	90.67		5.5	34.3	xor+circuit
d3e4e0f01836bb359725c6aa5072afce-bp4_BC012_AM_IXA_LPI.normalised	bp	train	UNSAT	1.3	92439	874467	874467	0	3	504	0.3676742518585607	3.6554312512650564	1195.6778393224902	0	0	27636	3	0.1264130035781796	0.8968941680459547	0	0	0	0.0	0	2	0.0803666690681295	0.43465448095811504	2945.0	23889.0	0.0	0.0	0.6088851506346536	17779.0	0.0	1.0	0.07429570644007812	36502.0	ok	0	0	0	0	0	44	55.34		0.9	9.4	xor+circuit
d88a8a62342be0ef04bd3b429f311352-bp4_BC012_CSO_IXA_LP.normalised	bp	train	UNSAT	1.4	102332	928103	928103	0	3	504	0.3697617613562288	3.6279658615476946	1171.0544273458568	0	0	28518	3	0.12290877197897217	0.8360434663643826	0	0	0	0.0	0	2	0.08492699624933871	0.4501278414141534	5842.0	36774.0	0.0	0.0	0.5358376196651561	28594.0	0.0	1.0	0.09497848262909675	59158.0	ok	0	0	0	0	0	432	90.05		1.2	10.2	xor+circuit
dbe12d6d2e341d7b4e4216142f29e170-bp4_BC012_CSO_AM_FPBEQ_FPBLE_ZR.normalised	bp	train	SAT	1.1	83454	722493	722493	0	3	504	0.3943387686801118	2.9043215643611773	578.7393944978303	0	0	24174	4	0.14054115403194217	0.8352265918949361	66	3	3.0	0.0023605818774414646	0	2	0.10764533358800708	0.530017591865942	4892.0	42392.0	7983.0	1364.0	0.9943306299727102	21917.0	0.0	1.0	0.1733129609760756	45322.0	ok	0	0	0	0	0	6	74.82		0.8	7.4	xor+circuit+xorgates
f37757b26c83935780be4f814f8ea401-bp4_TCO_IXA_FPBLE_ZR.normalised	bp	val	TIMEOUT	1.0	79787	699346	699346	0	3	504	0.3986824833487287	2.8983178569692254	593.722829137363	0	0	23094	4	0.13574968613533214	0.8510659631268251	42	3	3.0	0.0015792046323335881	0	2	0.10869011905408768	0.5243842103908509	2431.0	41611.0	4429.0	704.0	0.9439037195589839	21905.0	0.0	1.0	0.14391589948963396	44796.0	ok	0	0	0	0	0	42	74.03		0.7	6.7	xor+circuit+xorgates
f5c12b1eb9c49e994abb238576a9372b-bp4_BC012_CSO_IXA_LP_FPBLE.normalised	bp	val	UNSAT	1.3	106053	863565	863565	0	3	504	0.4263628099795615	2.884795006745294	548.3410165270419	0	0	30232	4	0.143928945707619	0.8394387711804475	49	3	3	0.0013860994031286245	0	2	0.11125740390126973	0.5189360383989624	7576.0	56251.0	5700.0	784.0	0.8501714301202044	28594.0	0.0	1.0	0.1756378587314223	59752.0	ok	0	0	0	0	0	432	89.29		1.0	9.2	xor+circuit+xorgates
fdc4dd704e4d93a50fafb1debd8a6789-bp4_CB_LP_FPBLE.normalised	bp	train	UNSAT	1.0	74653	667246	667246	0	3	504	0.3401474118990597	3.1350296592261326	745.690620935229	0	0	17072	4	0.10551430806629039	0.6705155854419782	31	3	3	0.0012457637335405141	0	2	0.12092091972076266	0.49094337021128637	4566.0	28679.0	3698.0	740.0	0.7720300261096605	15886.0	0.0	1.0	0.15702647171253822	33920.0	ok	27	0	0	0	6	271	63.2		3.6	7.0	xor+circuit+xorgates+sym
081f111af59344b61346367a930e24f6-Break_triple_04_06.xml	break-scheduling	train	SAT	0.0	252	1163	1163	0	2	6	0.8314703353396389	2.3353396388650043	4.878104665285838	0	0	0	0	0.0	0.0	168	4	4.0	0.6190476190476191	0	1	0.5408426483233018	0.9079965606190885	0.0	5.0	0.0	0.0	0.022727272727272728	0.0	1.0	0.0	0.10668380462724936	36.0	ok	12	0	0	0	0	1	85.73		0.0	0.0	at-most-one+sym
0e1d562093d5f4fc9013cf4a14a03f70-Break_12_50.xml	break-scheduling	train	SAT	0.1	14036	53685	53685	0	2	22	0.9120610971407284	2.3227530967681846	4.76675037690721	0	0	0	0	0.0	0.0	8464	4	4.0	0.7429467084639498	0	1	0.3167365185806091	0.9170904349445842	0.0	0.0	0.0	0.0	0.0	0.0	1.0	0.0	0.5297891644344596	0.0	ok	132	0	0	0	0	1	91.85		3.0	0.5	at-most-one+sym
602c8a200227ab9d64d855164d35b5cf-Break_12_30.xml	break-scheduling	val	SAT	0.1	13492	52370	52370	0	2	22	0.9249570364712622	2.3160588122971166	4.849337173616019	0	0	0	0	0.0	0.0	8464	4	4.0	0.7729024607174622	0	1	0.3233148749283941	0.9155432499522628	0.0	0.0	0.0	0.0	0.0	0.0	1.0	0.0	0.5211997243035329	0.0	ok	132	0	0	0	0	1	91.76		2.9	0.5	at-most-one+sym
69f6dd335626a9b71bfc6f2332f52b9d-Break_04_04.xml	break-scheduling	train	SAT	0.0	227	1106	1106	0	2	6	0.8399638336347197	2.3264014466546112	4.77866647864653	0	0	0	0	0.0	0.0	168	4	4.0	0.6872246696035242	0	1	0.5614828209764918	0.9005424954792043	0.0	0.0	0.0	0.0	0.0	0.0	1.0	0.0	0.11033519553072625	36.0	ok	12	0	0	0	0	2	85.17		0.0	0.0	at-most-one+sym
7a44efe7c2dbf88a61e7cb750f307937-Break_triple_12_20.xml	break-scheduling	train	SAT	0.1	12845	51682	51682	0	2	22	0.9294144963430208	2.3185441739870747	4.730079591387041	0	0	0	0	0.0	0.0	8464	4	4.0	0.81183339820942	0	1	0.33466197128594094	0.9157153360938044	0.0	21.0	0.0	0.0	0.0014042126379137413	0.0	1.0	0.0	0.515906884327937	0.0	ok	132	0	0	0	0	1	91.71		2.9	0.5	at-most-one+sym
d0298807e51730261ef65db827dcd70f-Break_triple_16_70.xml	break-scheduling	train	SAT	0.2	33919	133179	133179	0	2	30	0.9295910015843338	2.317685220642894	5.363563888795707	0	0	0	0	0.0	0.0	20227	4	4	0.7570977917981072	0	1	0.2841514052515787	0.9167211046786655	0.0	29.0	0.0	0.0	0.0007157489448873312	0.0	0.0	1.0	0.5053308135284994	0.0	ok	240	0	0	0	0	1	92.63		19.6	1.2	at-most-one+sym
e707c7e87816dd02ae433d268bd327c6-Break_triple_14_48.xml	break-scheduling	val	SAT	0.2	24089	86884	86884	0	2	26	0.9276966990470052	2.3179411629298836	4.503368722406761	0	0	0	0	0.0	0.0	15289	4	3	0.7781975175391257	0	1	0.22860365544864417	0.8901408774918281	0.0	25.0	0.0	0.0	0.0009050428990334142	0.0	1.0	0.0	0.5352562015756234	0.0	ok	182	0	0	0	0	1	94.81		8.8	0.8	at-most-one+sym
9af7646fc4a32c6f2744ddc0c4b654b7-brocard_problem_large	brocard	train	UNSAT	9.7	989765	5600871	3000000	1	3	32	0.005187333333333334	3.327080666666667	75.43331107942048	0	0	134080	4	0.34695733333333334	0.39780149833546347	0	0	0	0.0	0	1	0.6221836666666667	0.6834	63845.0	30508.0	970201.0	15091.0	1.0	1072.0	0.0	1.0	0.721716289433834	6010.0	ok	1936	0	0	0	0	0	80.45		10.7	27.9	xor+circuit+xorgates+sym
2de9b79919882078aea76f297fc923e5-case11.normalised	case	train	SAT	0.1	760	43648	43648	0	2	19	0.9990606671554252	2.015625	2.2514312190487815	0	0	0	0	0.0	0.0	40	19	19.0	1.0	40	1	0.48616202346041054	0.9989690249266863	0.0	760.0	0.0	0.0	0.21584777051973872	0.0	1.0	0.0	0.018043684710351376	0.0	ok	0	0	0	0	0	0	100.0		0.0	0.3	exactly-one
3bfa92996634d2ddc6c0568bba9a0f99-case6.normalised	case	train	SAT	0.0	600	5401	5401	0	2	6	0.9109424180707276	2.2668024439918533	0.15687209017397696	0	0	0	0	0.0	0.0	233	6	5	1.0	233	1	0.29920385113867803	0.9161266432142195	0.0	2397.0	0.0	0.0	1.0	0.0	1.0	0.0	0.15372964786065885	0.0	ok	0	0	0	0	0	0	82.23		0.0	0.0	exactly-one+circuit
416e33a8463911546e4cd87d282a7e1e-case10	case	shared	SAT	0.0	600	5405	5405	0	2	6	0.9110083256244218	2.266604995374653	0.1609663156749109	0	0	0	0	0.0	0.0	234	6	5.0	1.0	234	1	0.29528214616096204	0.9172987974098057	0.0	2398.0	0.0	0.0	1.0	0.0	1.0	0.0	0.1621212121212121	0.0	ok	0	0	0	0	0	0	82.26		0.0	0.0	exactly-one+circuit
46a8727e27d848faafd83a990c2e01a7-case8.normalised	case	train	SAT	0.1	15222	18687	18687	0	3	5	0.0	3.0001070262749505	1.0352204072969868	0	0	0	0	0.0	0.0	0	0	0	0.0	0	1056	0.0006421576497030021	0.03221490876010061	0.0	0.0	0.0	0.0	0.0	0.0	1.0	0.0	0.03510461818376411	0.0	ok	0	0	0	0	0	0	100.0		0.1	0.1	plain
4e3195a382f5af213444736fcc8b364f-case1.normalised	case	val	SAT	1.3	21888	253852	253852	0	2	1661	0.9016828703338954	3.4590863967981345	46.486098137799694	0	0	0	0	0.0	0.0	33	3	3	0.003152412280701754	0	1	0.7230433480925894	0.9456494335281975	0.0	7410.0	0.0	0.0	0.18249883013570425	0.0	0.0	1.0	0.01859728733812388	0.0	ok	218	0	0	0	0	77	100.07		6.9	3.4	sym
5c8f4e54e195d46053b04e232a5661c4-case7.normalised	case	train	SAT	0.0	600	5398	5398	0	2	6	0.9108929233049278	2.266950722489811	0.15603375010214923	0	0	0	0	0.0	0.0	227	6	5	1.0	227	1	0.2841793256761764	0.9173768062245276	0.0	2398.0	0.0	0.0	1.0	0.0	1.0	0.0	0.1541082923135176	0.0	ok	0	0	0	0	0	0	82.23		0.0	0.0	exactly-one+circuit
6f730dd121471749dc0b4baca2573bf7-case13.normalised	case	val	SAT	0.1	14174	66783	66783	0	3	5	0.43530539209080155	2.585628079002141	6.698959106524027	0	256	0	0	0.0	0.0	1597	6	3	0.22879920982079865	55	1	0.27059281553688813	0.576568887291676	162.0	2507.0	0.0	0.0	0.16801822934119698	256.0	1.0	0.0	0.3572373105482657	202.0	ok	0	0	0	0	0	44	97.07		0.1	0.6	at-most-one
77bfac6b280653e63013f77d0991484e-case19.normalised	case	shared	SAT	34.5	138711	4688613	3000000	1	2	352	0.83156	2.974982	1279.3832739417762	0	0	0	0	0.0	0.0	6442	5	3.0	0.04990231488490458	0	108	0.00015133333333333334	0.8110213333333334	0.0	68066.0	0.0	65651.0	0.9640943928131106	0.0	0.0	1.0	0.026650123317780567	0.0	ok	24	0	0	0	24	0	74.87		23.0	58.0	circuit+sym
b3d3680b3287a989ce61a6db1054efd2-case20.normalised	case	train	SAT	0.2	945	61408	61408	0	2	21	0.9992509119332986	2.013955836373111	4.372985613152828	0	0	0	0	0.0	0.0	45	21	21	1.0	45	1	0.47909067222511725	0.9911900729546639	0.0	945.0	0.0	0.0	0.2179930795847751	0.0	1.0	0.0	0.021780205434745268	0.0	ok	0	0	0	0	0	0	94.64		0.1	0.5	exactly-one
c21096fa2f550785c33dc862d83bc941-case17.normalised	case	train	SAT	0.0	550	4949	4949	0	2	6	0.9108910891089109	2.2669226106284097	0.16078065619201193	0	0	0	0	0.0	0.0	210	6	5.0	1.0	210	1	0.29015962820771873	0.9169529197817741	0.0	2198.0	0.0	0.0	1.0	0.0	1.0	0.0	0.15524360033030554	0.0	ok	0	0	0	0	0	0	82.24		0.0	0.0	exactly-one+circuit
ca3c65a863526793968fc30618a42709-case16.normalised	case	train	SAT	0.0	600	5404	5404	0	2	6	0.9109918578830496	2.266654330125833	0.16994570985386562	0	0	0	0	0.0	0.0	241	6	5	1.0	241	1	0.2933012583271651	0.9180236861584011	0.0	2398.0	0.0	0.0	1.0	0.0	1.0	0.0	0.15486558121923513	0.0	ok	0	0	0	0	0	0	82.25		0.0	0.0	exactly-one+circuit
fab2022deb130fe3ad1136a5c71b4109-case9	case	train	SAT	0.0	500	4502	4502	0	2	6	0.9109284762327854	2.266770324300311	0.15785889269965703	0	0	0	0	0.0	0.0	196	6	5.0	1.0	196	1	0.2863171923589516	0.9138160817414482	0.0	1998.0	0.0	0.0	1.0	0.0	1.0	0.0	0.14623069936421434	0.0	ok	0	0	0	0	0	0	82.25		0.0	0.0	exactly-one+circuit
0ed8c06438673f179985a79b9d6a9fe4-cfi-rigid-s2-0064-04-or_2_shuffle_all	cfi-rigid	train	TIMEOUT	62.1	8192	15027328	3000000	1	2	128	0.9999903333333333	2.001218	0.8971807984529869	0	0	0	0	0.0	0.0	3364	7	5.0	1.0	0	2	0.04549466666666667	0.999938	0.0	0.0	0.0	0.0	0.0	0.0	0.0	1.0	0.019961419348361768	0.0	too-big										122.9	at-most-one
7a5e9bdbf9b8c025b1f986d6098b6206-cfi-rigid-t2-0048-04-or_3_shuffle_all	cfi-rigid	train	SAT	45.1	6912	11099040	3000000	1	2	144	0.9999903333333333	2.0013726666666667	2.8026707182894524	0	0	0	0	0.0	0.0	2699	8	6	1.0	0	1	0.063312	0.999947	0.0	0.0	0.0	0.0	0.0	0.0	0.0	1.0	0.019917056655789328	0.0	timeout									123.2	148.5	at-most-one
062f58e44eb73f9274b57af5092cad90-rook-51-0-0	chess-puzzles	train	TIMEOUT	0.9	137748	532892	532892	0	3	3	0.2538000195161496	2.7461962273781553	67.24980911688868	0	0	0	0	0.0	0.0	53	51	51	0.01888956645468537	0	1	0.4879919383289672	0.7646971619014735	0.0	0.0	0.0	0.0	0.0	0.0	0.0	1.0	0.47210616580663195	0.0	ok	0	0	0	0	0	0	100.0		0.9	5.2	plain
1b3c7ac17705be94daaddb5f5ae4816b-rook-56-0-0	chess-puzzles	val	TIMEOUT	1.3	181773	705257	705257	0	3	3	0.25345086968296665	2.746546294471377	74.4914343525957	0	0	0	0	0.0	0.0	58	56	56.0	0.017257788560457274	0	1	0.4890444192684369	0.9211790879069616	0.0	0.0	0.0	0.0	0.0	0.0	0.0	1.0	0.47681191266405454	0.0	ok	0	0	0	0	0	0	100.0		1.2	7.0	plain
3c0db78733bb05b9d1e9d7627b2e8f38-rook-52-0-1	chess-puzzles	train	TIMEOUT	1.0	145909	564869	564869	0	3	52	0.25370130065555024	2.7508059390761397	69.2630114342084	0	0	0	0	0.0	0.0	54	52	52.0	0.01853895236071798	52	1	0.488173364089727	0.7379569422290833	0.0	2704.0	0.0	0.0	0.01869417328060618	0.0	0.0	1.0	0.4731371930518651	0.0	ok	0	0	0	0	0	0	100.0		0.9	5.5	plain
45742d067cc851edc1201d8a02586eac-mchess_20	chess-puzzles	train	TIMEOUT	0.0	760	2556	2556	0	2	4	0.8450704225352113	2.2785602503912363	0.08958935801041065	0	6	0	0	0.0	0.0	340	4	4.0	0.9947368421052631	340	1	0.5344287949921753	0.9702660406885759	0.0	1500.0	0.0	0.0	1.0	6.0	1.0	0.0	0.42913385826771655	12.0	ok	2	0	0	0	2	0	99.33		0.0	0.0	exactly-one+circuit+sym
849950561ddce887c78fef773dccfa80-circuit_48in64out_with_800gates_4in4out_dist128_seed3.sanitized	circuit-gates	train	SAT	0.3	3248	192064	192064	0	8	8	0.0	7.9976674441852715	119.39418691299893	0	0	0	0	0.0	0.0	0	0	0	0.0	0	2	0.00026553648783738754	0.0003332222592469177	2.0	0.0	43.0	0.0	0.013897866839043309	0.0	0.0	0.0	0.006667656096260506	30.0	ok	0	0	0	0	0	0	97.99		0.4	2.4	plain
e7ee736cb1d140b3f70c6f519097aa32-circuit_32in32out_with_64gates_7in7out_dist128_seed2.sanitized	circuit-gates	train	SAT	1.9	480	1040416	1040416	0	14	14	0.0	13.999600159936026	8029.611157613985	0	0	0	0	0.0	0.0	0	0	0	0.0	0	1	2.4028849998462154e-05	3.0756927998031557e-05	0.0	0.0	0.0	0.0	0.0	0.0	0.0	0.0	0.0	0.0	ok	0	0	0	0	0	0	92.31		2.9	14.9	plain
115fa7f61704bc12b2373aa471bc434f-Circuit_multiplier24	circuit-multiplier	val	SAT	0.2	1126	22166	22166	0	7	28	0.01520346476585762	6.612243977262474	149.7216294417364	0	13	181	4	0.04746007398718759	0.46003552397868563	1	3	3	0.0026642984014209592	0	646	0.30515203464765855	0.7093296038978616	8.0	168.0	625.0	0.0	0.7383612662942272	13.0	1.0	0.0	0.01178304525239558	66.0	ok	0	0	0	0	0	0	99.1		0.1	0.3	xor+unrolled+circuit+xorgates
9ea8deb8313d93e60743638909f37d6c-Circuit_multiplier29	circuit-multiplier	train	TIMEOUT	0.1	1109	21597	21597	0	7	26	0.015094689077186646	6.539241561327962	128.4634148629519	0	12	187	4	0.052414687225077555	0.4598737601442741	1	4	4	0.0036068530207394047	0	1	0.16812520257443164	0.5305366486086031	0.0	162.0	657.0	0.0	0.7625698324022346	11.0	1.0	0.0	0.010914116862072252	32.0	ok	0	0	0	0	0	0	99.99		0.1	0.3	xor+circuit+xorgates
08d56c03e6561f6b9bec2e3f344ea3de-cliquecoloring_n26_k7_c6	clique-coloring	train	TIMEOUT	0.0	663	18844	18844	0	3	26	0.17039906601570792	2.842284016132456	48.5525794783933	0	0	0	0	0.0	0.0	33	26	6	0.5098039215686274	33	1	0.1686478454680535	0.2990872426236468	0.0	338.0	0.0	0.0	0.3658008658008658	0.0	1.0	0.0	0.038791286015460294	0.0	ok	0	2	1	0	171	0	0.01	UNSAT	0.1	0.3	exactly-one+circuit+sym-rows+sym-decided
292bedf65cee7cc38fe8b2725eb50868-cliquecoloring_n32_k5_c4	clique-coloring	train	TIMEOUT	0.0	784	14933	14933	0	3	32	0.20036161521462534	2.811491327931427	54.549589347934294	0	0	0	0	0.0	0.0	37	32	4	0.3673469387755102	37	1	0.19788388133663698	0.24214826223799638	0.0	288.0	0.0	0.0	0.30157068062827225	0.0	1.0	0.0	0.047619047619047616	0.0	ok	0	2	1	0	153	0	0.01	UNSAT	0.1	0.1	exactly-one+circuit+sym-rows+sym-decided
b1c8eaa002ac2fa1c8bfd1002738e78e-cliquecolouring_n15_k7_c6.sanitized	clique-coloring	val	TIMEOUT	0.0	300	6337	6337	0	3	15	0.20119930566514124	2.819157329966861	20.805163727959698	0	0	0	0	0.0	0.0	22	15	6.0	0.65	22	1	0.19772763137131136	0.5152280258797538	0.0	195.0	0.0	0.0	0.44419134396355353	0.0	1.0	0.0	0.05259117082533589	0.0	ok	0	2	1	0	94	0	0.02	UNSAT	0.0	0.0	exactly-one+circuit+sym-rows+sym-decided
c8d21db50338d9d5743802bcae77a466-cliquecoloring_n14_k7_c6	clique-coloring	train	TIMEOUT	0.0	273	5530	5530	0	3	14	0.20614828209764918	2.81500904159132	18.84267155726011	0	0	0	0	0.0	0.0	22	14	6.0	0.6666666666666666	20	1	0.2023508137432188	0.44882459312839057	0.0	181.0	0.0	0.0	0.4491315136476427	0.0	1.0	0.0	0.05823117338003503	0.0	ok	62	10	0	0	118	0	8.79		0.1	0.0	exactly-one+circuit+sym-rows
06d2ca2ee0b47f00d93090495f7fd4f4-clqcl_100_6_5.normalised	clqcl	train	TIMEOUT	0.1	6050	205556	205556	0	3	100	0.1566483099496001	2.847156006149176	291.9389608876619	0	0	0	0	0.0	0.0	106	100	5.0	0.18181818181818182	106	1	0.15613263538889646	0.19144661308840413	0.0	1100.0	0.0	0.0	0.15877598152424943	0.0	1.0	0.0	0.01240872185058469	0.0	ok	0	2	1	0	591	0	0.0	UNSAT	0.9	2.1	at-most-one+sym-rows+sym-decided
110f8eb8b9b80204fe955ea0973bbb00-clqcl_30_7_6.normalised	clqcl	train	TIMEOUT	0.0	825	25042	25042	0	3	30	0.1647232649149429	2.846418017730213	60.67828282828283	0	0	0	0	0.0	0.0	37	30	6	0.4727272727272727	37	1	0.16324574714479675	0.3603945371775417	0.0	390.0	0.0	0.0	0.35135135135135137	0.0	1.0	0.0	0.03808499193114578	0.0	ok	0	2	1	0	199	0	0.0	UNSAT	0.1	0.2	exactly-one+circuit+sym-rows+sym-decided
21415e807689ea75536e846a24623de1-clqcl_50_6_5.normalised	clqcl	train	TIMEOUT	0.0	1775	51531	51531	0	3	50	0.16688983330422463	2.840523180221614	117.22521980731528	0	0	0	0	0.0	0.0	56	50	5.0	0.30985915492957744	56	1	0.16580310880829016	0.2480642719916167	0.0	550.0	0.0	0.0	0.24875621890547264	0.0	1.0	0.0	0.021377788673694532	0.0	ok	0	2	1	0	291	0	0.0	UNSAT	0.2	0.4	exactly-one+sym-rows+sym-decided
80d8c77f6cab179d469462221f3f624a-clqcl_30_11_10.normalised	clqcl	train	TIMEOUT	0.0	1065	60026	60026	0	3	30	0.12969379935361344	2.878752540565755	84.60585387323944	0	0	0	0	0.0	0.0	41	30	10	0.5915492957746479	41	1	0.12901076200313197	0.4441242128411022	0.0	630.0	0.0	0.0	0.40384615384615385	0.0	1.0	0.0	0.030155345720377702	0.0	ok	0	2	1	0	311	0	0.0	UNSAT	0.2	0.4	exactly-one+circuit+sym-rows+sym-decided
8707ef793f0443b5804c56c2ffca322e-clqcl_40_6_5.normalised	clqcl	train	TIMEOUT	0.0	1220	33026	33026	0	3	40	0.1719857082298795	2.837158602313329	85.06118235736655	0	0	0	0	0.0	0.0	46	40	5.0	0.36065573770491804	46	1	0.17059286622660932	0.24371707139829227	0.0	440.0	0.0	0.0	0.2846054333764554	0.0	1.0	0.0	0.030277986476333583	0.0	ok	0	2	1	0	231	0	0.0	UNSAT	0.1	0.3	exactly-one+sym-rows+sym-decided
ea37a677b357328c1641ef2f6087bf66-clqcl_30_9_8.normalised	clqcl	val	TIMEOUT	0.0	945	40674	40674	0	3	30	0.1434577371293701	2.866204454934356	72.17069006363911	0	0	0	0	0.0	0.0	39	30	8	0.5396825396825397	39	1	0.14249889364213011	0.4047794659979348	0.0	510.0	0.0	0.0	0.3695652173913043	0.0	1.0	0.0	0.02742259750703659	0.0	ok	0	2	1	0	255	0	0.0	UNSAT	0.1	0.3	exactly-one+circuit+sym-rows+sym-decided
36ba44cf208034e2c8e84a1971b9bfd4-connm-ue-csp-sat-n1200-d-0.02-s405595518.shuffled-as.sat05-531	connm-csp	train	TIMEOUT	0.1	1124	13289	13289	0	3	4	0.0	3.0211453081495976	4.2294301121437865	0	0	0	0	0.0	0.0	0	0	0	0.0	0	206	0.00015050041387613817	0.004214011588531868	0.0	0.0	0.0	0.0	0.0	0.0	1.0	0.0	0.0044202151171357	0.0	ok	0	0	0	0	0	1686	112.69		0.1	0.1	plain
6ff70a3aaf261b35b0b072f454a756be-crafted_n10_d6_c4_num9	crafted-n	val	UNSAT	4.2	42048	11133828	3000000	1	2	128	0.9998533333333334	2.0137226666666668	155.7270798583685	0	0	0	0	0.0	0.0	440	128	128.0	1.0	0	1	0.993366	0.9998526666666666	0.0	0.0	0.0	0.0	0.0	0.0	0.0	1.0	0.029100046808405805	0.0	ok	42	0	0	0	39	2324704	120.23		28.4	41.6	at-most-one+sym
f6a085f3c728e53f57542e62df20e56b-crafted_n10_d6_c4_num8	crafted-n	val	UNSAT	4.2	42048	11135080	3000000	1	2	128	0.9998533333333334	2.0137226666666668	155.7270798583685	0	0	0	0	0.0	0.0	440	128	128.0	1.0	0	1	0.993366	0.9998526666666666	0.0	0.0	0.0	0.0	0.0	0.0	0.0	1.0	0.02916294552244865	0.0	ok	42	0	0	0	40	2324704	120.28		27.1	40.4	at-most-one+sym
1e87463fee15de63143796fd92d88a58-crusti_g2io_175_0.2_511_32.normalised	crusti-g2io	train	SAT	27.9	268275	13007785	3000000	1	2	104	0.9793586666666667	2.95181	33.33619240489996	0	0	0	0	0.0	0.0	20642	3	3.0	0.23083030472462956	20642	1	0.36922266666666664	0.986226	0.0	268275.0	0.0	0.0	1.0	0.0	0.0	1.0	0.5651752392893947	0.0	ok	0	0	0	0	0	0	100.0		12.5	39.6	at-most-one+circuit
2241a1fb5bdbac0c1a3c1980ed8b332d-crusti_g2io_225_0.1_31_25.normalised	crusti-g2io	train	SAT	2.2	20925	960801	960801	0	2	6975	0.978220255807394	2.9564394708165374	51.57838686018514	0	0	0	0	0.0	0.0	6975	3	3	1.0	6975	1	0.31568035420446067	0.9854735788160087	0.0	20925.0	0.0	0.0	0.24882277397260275	0.0	0.0	1.0	0.12162808397712654	0.0	ok	0	0	0	0	0	0	100.0		0.9	13.4	exactly-one
465c7f101b2d24de63f6a6f544faa9ee-crusti_g2io_175_0.2_511_10.normalised	crusti-g2io	train	SAT	27.9	268275	13006015	3000000	1	2	101	0.9793446666666666	2.9517926666666665	33.27608011255369	0	0	0	0	0.0	0.0	20656	3	3.0	0.2309868604976237	20656	1	0.3684846666666667	0.986216	0.0	268275.0	0.0	0.0	1.0	0.0	0.0	1.0	0.5650402525293104	0.0	ok	0	0	0	0	0	0	100.0		12.6	39.8	at-most-one+circuit
674affb219c049cdbff1b65a6b7bedcc-crusti_g2io_250_0.2_255_18.normalised	crusti-g2io	val	SAT	27.5	191250	13083853	3000000	1	2	140	0.9853386666666667	2.9657393333333335	38.182560576311694	0	0	0	0	0.0	0.0	14662	3	3.0	0.2299921568627451	14662	1	0.367412	0.990214	0.0	191250.0	0.0	0.0	1.0	0.0	0.0	1.0	0.5839419779479332	0.0	ok	0	0	0	0	0	0	100.0		12.5	43.2	at-most-one+circuit
69ed23c545d2a48f735f2187d919a5dd-crusti_g2io_250_0.2_255_31.normalised	crusti-g2io	val	SAT	27.5	191250	13083597	3000000	1	2	140	0.9853386666666667	2.9657726666666666	38.26405102643434	0	0	0	0	0.0	0.0	14662	3	3.0	0.2299921568627451	14662	1	0.36611333333333335	0.9902153333333333	0.0	191250.0	0.0	0.0	1.0	0.0	0.0	1.0	0.5841349286438584	0.0	ok	0	0	0	0	0	0	100.0		12.5	42.8	at-most-one+circuit
96a472b1fd7bf855fbe44fc2d5e745ce-crusti_g2io_175_0.2_511_48.normalised	crusti-g2io	train	SAT	27.9	268275	13013711	3000000	1	2	102	0.9793586666666667	2.9518246666666665	33.33891926322751	0	0	0	0	0.0	0.0	20642	3	3.0	0.23083030472462956	20642	1	0.36983666666666665	0.9862206666666666	0.0	268275.0	0.0	0.0	1.0	0.0	0.0	1.0	0.5652492974525098	0.0	ok	0	0	0	0	0	0	100.0		12.7	39.1	at-most-one+circuit
e3bd4a397f34a99c47d1b2e0e9abcd43-crusti_g2io_250_0.2_255_43.normalised	crusti-g2io	train	SAT	27.5	191250	13082265	3000000	1	2	137	0.9853536666666667	2.9658136666666666	38.18617137240796	0	0	0	0	0.0	0.0	14647	3	3	0.22975686274509804	14647	1	0.3670353333333333	0.990226	0.0	191250.0	0.0	0.0	1.0	0.0	0.0	1.0	0.584158935780616	0.0	ok	0	0	0	0	0	0	100.0		12.4	42.9	at-most-one+circuit
e9f6eb5654365bb115e6d96405ea9a76-crusti_g2io_250_0.2_255_12.normalised	crusti-g2io	train	SAT	27.6	191250	13089135	3000000	1	2	137	0.9853426666666667	2.9657333333333336	38.22499003788601	0	0	0	0	0.0	0.0	14658	3	3.0	0.22992941176470588	14658	1	0.36783133333333334	0.9902213333333333	0.0	191250.0	0.0	0.0	1.0	0.0	0.0	1.0	0.5841496019408463	0.0	ok	0	0	0	0	0	0	100.0		12.6	43.1	at-most-one+circuit
f569dc48ad062a3110ff08a8d59e59ab-crusti_g2io_200_0.1_127_19.normalised	crusti-g2io	train	SAT	7.0	76200	3181365	3000000	1	2	95	0.9760526666666667	2.944112666666667	44.05286528434374	0	0	0	0	0.0	0.0	23948	3	3.0	0.9428346456692913	23948	1	0.31884666666666667	0.984024	0.0	76200.0	0.0	0.0	0.265198446396503	0.0	0.0	1.0	0.1623075880331799	0.0	ok	0	0	0	0	0	0	100.0		3.0	39.4	exactly-one
99718c1729a8de3347a9946f1836421d-bivium-39-200-0s0-0xdcfb6ab71951500b8e460045bd45afee15c87e08b0072eb174-43	crypto-cipher	train	UNSAT	0.0	974	5505	5505	0	5	6	0.07774750227066303	4.121525885558583	23.389850702130776	0	16	446	6	0.8428701180744778	0.6139630390143738	0	0	0	0.0	0	1	0.31316984559491373	0.5994550408719346	1.0	198.0	1865.0	0.0	1.0	17.0	1.0	0.0	0.020295566502463055	38.0	ok	0	0	0	0	0	0	95.26		0.0	0.0	xor-heavy+circuit+xorgates
482295be38dc1d63a16f3cf649ef7ef6-myciel6-cn.used-as.sat04-319	dimacs-coloring	train	UNSAT	0.0	2550	9915	9915	0	3	3	0.009379727685325264	2.989208270297529	42.034181820106404	0	0	2265	3	0.913767019667171	1.0	0	0	0	0.0	0	1	0.9142713061018659	0.999899142713061	0.0	0.0	6039.0	0.0	1.0	247.0	1.0	0.0	0.09565021917500281	440.0	ok	1	0	0	0	0	0	94.75		0.1	0.1	xor-heavy+circuit+xorgates+sym
cdd131110acc861a5a01fae6c4936c91-6g_6color_366_050_04	dimacs-coloring	train	TIMEOUT	6.5	77328	8485566	3000000	1	2	6	0.995704	2.017184	83.16051547918411	0	0	0	0	0.0	0.0	38500	3	3.0	0.654407200496586	0	1	0.995704	1.0	0.0	0.0	0.0	0.0	0.0	0.0	0.0	1.0	0.03648337628700748	0.0	ok	9	0	0	0	3	193320	52.35		11.2	34.5	at-most-one+sym
16ff47a05b769ed6a04c7175cfc6da55-sqrt-mitern170	div-sqrt-miter	train	UNSAT	0.1	3486	15368	15368	0	3	5	0.3240499739718896	2.9260150963040084	57.411640055249826	0	0	234	4	0.062207183758459135	0.127653471026965	0	0	0	0.0	0	3	0.029086413326392505	0.32535137948984905	132.0	1497.0	686.0	229.0	0.6531275385865151	1.0	1.0	0.0	0.22336354481369586	54.0	ok	1	0	0	0	0	0	99.98		0.1	0.1	xor+circuit+xorgates+sym
31e843c53a76ff3961935ad55b953298-sqrt-mitern171	div-sqrt-miter	train	UNSAT	0.0	3041	13408	13408	0	3	5	0.325104415274463	2.926312649164678	52.83269111074147	0	0	207	4	0.06324582338902147	0.12890496547188424	0	0	0	0.0	0	3	0.02789379474940334	0.32644689737470167	117.0	1292.0	607.0	194.0	0.648590021691974	1.0	1.0	0.0	0.21367982726711907	44.0	ok	1	0	0	0	0	0	99.98		0.1	0.1	xor+circuit+xorgates+sym
9dd565d002c343712eb5deda187e9034-sqrt-mitern169	div-sqrt-miter	val	UNSAT	0.1	3979	17456	17456	0	3	5	0.33163382218148485	2.914986251145738	57.309543717551314	0	0	266	4	0.06209899175068744	0.12767026891178687	0	0	0	0.0	0	3	0.03104949587534372	0.3392529789184235	156.0	1754.0	779.0	260.0	0.6623191842542091	1.0	1.0	0.0	0.23529063572866107	66.0	ok	1	0	0	0	0	0	99.98		0.1	0.1	xor+circuit+xorgates+sym
b18b24418dd863c1d631698d7d45041f-div_miter_lec__2	div-sqrt-miter	train	TIMEOUT	0.7	49660	219272	219272	0	3	5	0.3209164872851983	2.9536329307891567	282.738330037109	0	0	2479	5	0.06174979021489292	0.10553765606121628	18	3	3.0	0.0009665726943213854	1	6	0.0421212010653435	0.384039001787734	1850.0	24576.0	8088.0	3430.0	0.6611712553351285	5.0	0.0	1.0	0.3301014276787002	1102.0	ok	1	0	0	0	0	0	100.0		0.8	2.4	xor+circuit+xorgates+sym
f0bafebdcce23ccfbaf6c27a7522069b-div-mitern172	div-sqrt-miter	train	UNSAT	0.0	2851	12113	12113	0	3	5	0.3705935771485181	2.897135309171964	45.303028904149926	0	0	101	5	0.04590109799389086	0.07471062784987724	4	3	3.0	0.004209049456331112	0	3	0.03937917939403946	0.3526789399818377	63.0	1512.0	328.0	113.0	0.628580624396524	3.0	1.0	0.0	0.2318853171155517	70.0	ok	9	2	0	0	0	0	100.09		0.1	0.1	xor+circuit+xorgates+sym-rows
931621d9964e9d0cd1c4001822015c92-DLTM_twitter845_79_19	dltm	train	SAT	0.3	27146	163580	163580	0	3	18	0.3377185474996943	2.6690426702530874	9.530430109529757	0	79	0	0	0.0	0.0	0	0	0	0.0	0	1	0.24469984105636386	0.8891123609243183	3262.0	10167.0	0.0	0.0	0.42158732791507714	79.0	0.0	1.0	0.8148103967023208	3374.0	ok	0	0	0	0	0	0	99.57		0.2	1.5	circuit
f32bb347996c351bc3e9a91c58e8601d-DLTM_twitter774_83_17	dltm	val	SAT	0.2	21208	122064	122064	0	3	20	0.35448617118888454	2.653837331236073	11.515617017738787	0	83	0	0	0.0	0.0	0	0	0	0.0	0	1	0.2504260060296238	0.8792846375671779	2273.0	8926.0	0.0	0.0	0.46698754839384743	83.0	0.0	1.0	0.7869090709663267	2616.0	ok	0	0	0	0	0	0	99.17		0.2	1.1	circuit
9dcbf221b8d2bb01f30bcca283f3608d-EDP3-11000	edp	train	SAT	1.7	90956	679628	679628	0	3	4	0.1670296103162318	2.974892146880352	48.420231722499025	0	0	0	0	0.0	0.0	0	0	0	0.0	0	2	0.31203835039168487	0.6030151788919821	0.0	0.0	0.0	0.0	0.0	0.0	0.0	1.0	0.28246148562021256	0.0	ok	1	0	0	0	1	0	100.0		3.4	6.9	unrolled+sym
64cb3656e0c03b3db7033ee9b987f280-em_8_4_5_cmp	em	train	SAT	0.1	2420	22340	22340	0	3	36	0.14162936436884513	3.3477170993733214	54.97344171093874	0	0	0	0	0.0	0.0	318	5	4.0	0.3537190082644628	112	1	0.07323187108325872	0.4582811101163832	0.0	531.0	0.0	0.0	0.15249856404365308	0.0	1.0	0.0	0.06851679723808259	24.0	ok	18	0	0	0	18	0	92.97		0.3	0.2	exactly-one+sym
cbd0933002d6c4ea99ceb47bb0c3f4c9-em_11_3_4_cmp	em	val	SAT	0.2	8713	99699	99699	0	3	81	0.10898805404266843	3.363574358820048	167.38083756301637	0	0	0	0	0.0	0.0	1563	6	3	0.4919086422586939	220	1	0.08323052387686938	0.44174966649615344	0.0	840.0	0.0	0.0	0.06327683615819209	0.0	1.0	0.0	0.08667377836130144	24.0	ok	73	1	0	0	75	0	93.87		2.8	0.9	exactly-one+sym-rows
2bdfcf23ac1829912a408402a540972a-1-ET-256-K-65.sanitized	et-tc	train	UNSAT	0.2	15072	456502	456502	0	2	66	0.8017160932482224	2.214965104205458	33.01524403436537	0	2	0	0	0.0	0.0	361	66	39	0.8572186836518046	253	1	0.8054115863676391	0.8093918537049126	190.0	12920.0	0.0	24638.0	1.0	3.0	0.0	1.0	0.09009216385866438	4.0	ok	0	0	0	0	0	0	96.68		0.3	4.1	exactly-one+circuit
41f507717c7c4553d23cd0cd1fc40104-1-ET-512-K-120.sanitized	et-tc	train	TIMEOUT	1.2	55324	2897892	2897892	0	2	121	0.8843531781032558	2.1265161020493517	44.18670726955278	0	2	0	0	0.0	0.0	715	121	78	0.8686465186898995	509	1	0.886507847773485	0.8878129343674643	391.0	48057.0	0.0	93687.0	1.0	3.0	0.0	1.0	0.08302548105569381	4.0	ok	0	0	0	0	0	0	98.24		1.9	31.5	exactly-one+circuit
87f093067622b91fa9dc0de149c8b92c-1-ET-512-K-102.sanitized	et-tc	train	TIMEOUT	0.8	48097	2271570	2271570	0	2	103	0.8724076299651783	2.1409276403544686	37.470827307048296	0	2	0	0	0.0	0.0	715	103	78	0.8906376697091295	509	1	0.8742887078100169	0.875993255765836	409.0	42837.0	0.0	83229.0	1.0	3.0	0.0	1.0	0.06415625032797036	4.0	ok	0	0	0	0	0	0	98.36		1.6	23.9	exactly-one+circuit
f25a1df88f89c6bcbe2602fa7f6e816b-1-TC-256-K-63.sanitized	et-tc	val	SAT	0.2	14687	437212	437212	0	2	64	0.7985279452531038	2.218893808953094	31.63359543938783	0	2	0	0	0.0	0.0	367	64	37	0.862259140736706	253	1	0.802759302123455	0.8062793335956012	192.0	12664.0	0.0	24124.0	1.0	3.0	0.0	1.0	0.08697858152429964	4.0	ok	0	0	0	0	0	0	96.74		0.3	3.5	exactly-one+circuit
e207ba2df64495327f715e08155a220f-fermat-834855329100173267	factoring	train	TIMEOUT	0.1	12258	69476	69476	0	4	61	0.19141861937935403	3.335065346306638	9.893859497600591	0	479	3901	4	0.4352006448269906	0.9349812367433513	60	3	3.0	0.014684287812041116	0	5612	0.7781823939202026	0.9058092002993839	1943.0	4235.0	15359.0	12.0	1.0	478.0	1.0	0.0	0.15859439748052379	4584.0	ok	0	0	0	0	0	0	100.0		0.1	0.6	xor+unrolled+circuit+xorgates
72a033a7a86f1b89b1bdd8e28a97ecdf-frb80-14-1.used-as.sat04-879	frb	train	TIMEOUT	0.1	1120	43179	43179	0	2	14	0.998147247504574	2.022233029945112	3.703502427907189	0	0	0	0	0.0	0.0	81	14	14	1.0	80	1	0.5377382523912086	0.9997684059380717	0.0	1120.0	0.0	0.0	0.29716105067657206	0.0	1.0	0.0	0.030624948128475393	0.0	ok	0	0	0	0	0	0	97.9		0.0	0.4	exactly-one
9b998be0c639d06988c4902eb125c0b7-frb35-17-5_ext	frb	train	SAT	0.1	175	14577	14577	0	9	10	0.009604170954242985	9.007751937984496	34.17773810793109	0	0	0	0	0.0	0.0	0	0	0	0.0	0	5	0.03656445084722508	0.2741304795225355	0.0	0.0	0.0	0.0	0.0	0.0	1.0	0.0	0.0024010427385607463	0.0	ok	0	0	0	0	0	0	99.44		0.0	0.1	plain
474e9594ec7885cb1bebf66073eb2de2-fsf-300-354-2-2-3-2.35.opt	fsf	train	SAT	0.0	3486	8496	8496	0	3	4	0.0	3.3333333333333335	9.499945787994593	0	0	0	0	0.0	0.0	0	0	0	0.0	0	36	0.003766478342749529	0.05261299435028249	0.0	0.0	0.0	0.0	0.0	0.0	1.0	0.0	0.026836158192090395	0.0	ok	0	0	0	0	0	0	100.0		0.0	0.1	plain
4c3001f8073986116d98084dde70da05-fsf-300-354-2-2-3-2.9.opt	fsf	val	SAT	0.0	3486	8496	8496	0	3	4	0.0	3.3333333333333335	9.461174601553916	0	0	0	0	0.0	0.0	0	0	0	0.0	0	63	0.00423728813559322	0.05649717514124294	0.0	0.0	0.0	0.0	0.0	0.0	1.0	0.0	0.027660075329566856	0.0	ok	0	0	0	0	0	0	100.0		0.0	0.1	plain
818c585e5986431917605fca8d775034-g2-hwmcc15deep-oski15a10b10s-k20	g2-t	val	TIMEOUT	3.5	509532	1326460	1326460	0	2	3	0.6698716885544984	2.330126803672934	13.889017356361604	0	0	0	0	0.0	0.0	1679	3	3	0.007077082499234591	1679	1	0.17903743799285315	0.7776329478461469	148.0	404815.0	0.0	0.0	0.7948115337644948	45.0	0.0	1.0	0.6980747415993387	338.0	ok	13	0	0	0	3	3779	100.28		5.4	15.1	circuit+sym
ad69e0a0880cd377e26260f7e4bc6d51-g2-T49.2.0	g2-t	train	UNSAT	38.9	4158552	14480272	3000000	1	3	3	0.0	3.0	4.270606425521729	0	0	715974	3	0.954632	0.26833474728703643	0	0	0	0.0	0	2	0.16473066666666666	0.9330026666666666	256812.0	3191286.0	3638944.0	4808.0	1.0	14844.0	0.0	1.0	0.7039492029690707	35056.0	ok	893	0	0	0	15	0	97.15		32.9	26.7	xor-heavy+circuit+xorgates+sym
1e0d58c7e52319b3b17e343ec7ca6de5-QG7-gensys-icl006.sat05-3132.reshuffled-07	gensys	train	UNSAT	0.1	728	17199	17199	0	3	13	0.06843421129135414	4.394557823129252	64.52151022352261	0	21	0	0	0.0	0.0	66	3	3.0	0.18269230769230768	0	96	0.002442002442002442	0.07872550729693586	0.0	336.0	0.0	0.0	0.3333333333333333	0.0	1.0	0.0	0.006221101303068516	0.0	ok	1	0	0	0	1	0	71.8		0.1	0.2	at-most-one+circuit+sym
03e852aa864cfe6eb49c264b462b8157-gm24sparrc	gm-sparrc	val	UNSAT	0.7	50777	304370	304360	0	3	47	0.0	3.000137994480221	1023.829038505852	0	0	5	3	6.57116572479958e-05	0.0001969395592492664	0	0	0	0.0	0	2	0.27579839663556316	0.4869365225390984	5.0	1616.0	0.0	71144.0	1.0	1106.0	0.0	1.0	0.3313635531942289	2084.0	ok	0	0	0	0	0	0	98.91		0.5	2.7	circuit
3ec81fcaac5a1da8a6ca4da0b9d8eb02-gm16spctrc	gm-sparrc	train	UNSAT	0.8	52092	312356	312338	0	3	18	0.0	3.0000416215766252	1603.5821778934403	0	0	9	3	0.00011525975065473942	0.0003839361130307917	0	0	0	0.0	0	2	0.2302953851276502	0.4471309927066191	0.0	1968.0	18.0	76076.0	1.0	3.0	0.0	1.0	0.29629581343806527	10.0	ok	0	0	0	0	0	0	98.74		0.5	2.8	circuit
a70883771fd1c210d94a916d52510a3a-gm28sparrc	gm-sparrc	train	UNSAT	1.2	81617	489362	489352	0	3	55	0.0	3.0001021759387925	1400.997147173059	0	0	5	3	4.087037551701025e-05	0.00012252349387995148	0	0	0	0.0	0	2	0.28330935604636337	0.4971962922395331	5.0	2216.0	0.0	115584.0	1.0	1506.0	0.0	1.0	0.3335318567108591	2868.0	ok	0	0	0	0	0	0	99.07		0.7	4.5	circuit
fbdca334e6985cd2de8718b60695b5f6-gm16sparrc	gm-sparrc	train	UNSAT	0.2	14441	86450	86440	0	3	31	0.0	3.000300786672837	446.494774283469	0	0	5	3	0.00023137436372049977	0.0006924728204417977	0	0	0	0.0	0	2	0.24964136973623322	0.45975242943081907	5.0	704.0	0.0	19417.0	1.0	498.0	1.0	0.0	0.32261441090555015	904.0	ok	0	0	0	0	0	0	98.31		0.1	0.7	circuit
04f43bb4a4f2c193a18e7195a4fd8e41-goldcrest-and-11	goldcrest	train	UNSAT	2.9	492281	1508766	1508766	0	2	3	0.6097274196263701	2.3902699292004193	25.706422852677218	0	0	939	3	0.0024894516445890216	0.004625407033787613	0	0	0	0.0	0	2675	0.9675894075025551	0.9856485366186671	0.0	459967.0	2817.0	31317.0	1.0	0.0	0.0	1.0	0.9859131122993802	158.0	ok	0	0	0	0	0	0	100.0		2.6	15.9	xor+unrolled+circuit
c0bd86bd7ca2c65e44311de374168150-goldcrest-and-14	goldcrest	train	UNSAT	4.1	698913	2148797	2148797	0	2	3	0.6015989411749924	2.3983991973183136	25.483608719647545	0	0	1200	3	0.0022338080330529127	0.004159315966364913	0	0	0	0.0	0	2942	0.9685977781986851	0.984980898614434	0.0	646356.0	3600.0	51283.0	1.0	0.0	0.0	1.0	0.9844052947905643	192.0	ok	0	0	0	0	0	0	100.0		3.9	22.1	xor+unrolled+circuit
032941f5f28c9ac53fa1c80d35f3206f-GP_216_290_40	gp	train	SAT	75.0	4553278	25209324	3000000	1	4	290	0.07040833333333334	3.653826	509.5514621039454	0	1680	0	0	0.0	0.0	5075	3	3	0.003343744880062232	0	1	0.19181966666666667	0.4217243333333333											too-big										32.5	plain
09befe1ffd4e02a988cadecd0a012261-GP_300_140_20	gp	train	SAT	41.7	2704778	14325564	3000000	1	4	140	0.07033066666666667	3.653494	248.3812557133418	0	1606	0	0	0.0	0.0	5110	3	3.0	0.0056677479630490935	0	1	0.19311666666666666	0.41757											ok	0	0	0	0	0	0	90.51		31.9	33.3	plain
1753a71fefceb0250a75e67b610050a0-GP_190_225_30	gp	train	SAT	53.8	3246494	17993475	3000000	1	4	225	0.07055033333333334	3.6532476666666667	397.87697430597717	0	1852	0	0	0.0	0.0	5040	3	3.0	0.004657331878635845	0	1	0.19254066666666667	0.415136											ok	0	0	0	0	0	0	88.61		41.7	31.9	plain
42fdd4f4c27fd03267afd82490cb59a4-GP_100_1000_10	gp	val	SAT	122.9	7508293	41639781	3000000	1	4	1000	0.06955566666666667	3.660009666666667	1726.1776523284486	0	1807	0	0	0.0	0.0	5000	3	3.0	0.0019977909759248875	0	1	0.18782066666666666	0.40533566666666665											too-big										32.1	plain
4d6e18e506b7e62d3f32cc775219be24-GP_100_951_33	gp	train	SAT	121.1	7298456	40703521	3000000	1	4	951	0.069469	3.6601956666666666	1620.3925422430914	0	1782	0	0	0.0	0.0	5225	3	3	0.002147714530306136	0	1	0.18630933333333333	0.4063056666666667											too-big										32.3	plain
7cf696bae2c50af38414b61b8d92581a-GP_105_308_40	gp	train	SAT	29.3	1984983	10270715	3000000	1	4	308	0.070344	3.6542023333333336	539.974030644553	0	1683	0	0	0.0	0.0	5082	3	3.0	0.007680670313045502	0	1	0.19158166666666668	0.423074											ok	0	0	0	0	0	0	91.48		22.6	31.8	plain
8a7977519abed3e4c005da7506349f52-GP_300_180_30	gp	val	SAT	57.3	3624606	19501665	3000000	1	4	180	0.07018766666666666	3.6546416666666666	317.7805832017458	0	1653	0	0	0.0	0.0	5084	3	3.0	0.0042079056316741735	0	1	0.192206	0.41523366666666667											ok	0	0	0	0	0	0	89.88		44.7	32.1	plain
3ef7fa06c6380f12cfe2970873da6fb1-grs-64-48	grs	val	UNSAT	0.5	87738	256580	256580	0	3	3	0.3129628186140775	2.6833112479538546	5.1690748640017725	0	0	32845	3	0.5120430275157846	0.6150356743942191	0	0	0	0.0	0	704	0.7964728349832411	0.9105074440720243	0.0	39673.0	98535.0	1920.0	1.0	4.0	0.0	1.0	0.7909853016034615	464.0	ok	0	0	0	0	0	0	99.44		0.4	2.4	xor-heavy+unrolled+circuit+xorgates
56913ff910c49dd5010653720970d944-grs-32-64	grs	train	UNSAT	0.5	90662	262100	262100	0	3	3	0.3085692483784815	2.6868065623807706	7.4856418059509	0	0	33565	3	0.5122472338801984	0.5936114358827292	0	0	0	0.0	0	560	0.8023540633346051	0.9246966806562381	0.0	39833.0	100695.0	2680.0	1.0	4.0	0.0	1.0	0.9143202591873787	592.0	ok	0	0	0	0	0	0	99.31		0.5	2.2	xor-heavy+unrolled+circuit+xorgates
a49ec44c8d9972cda278d48b6dbef09e-grs-32-128	grs	train	UNSAT	1.4	258112	739198	739198	0	3	3	0.2983233179743452	2.69865178206651	10.083592011387728	0	0	98525	3	0.5331453818868558	0.5975468013885445	0	0	0	0.0	0	880	0.8771641698164768	0.9488188550293697	0.0	109143.0	295575.0	6064.0	1.0	4.0	0.0	1.0	0.9498026718153919	1104.0	ok	0	0	0	0	0	0	99.55		1.3	7.0	xor-heavy+unrolled+circuit+xorgates
d6afa5689d75e37111656db8980dd54b-grs-160-48	grs	train	UNSAT	0.9	166266	490532	490532	0	3	3	0.312044881883343	2.686006213661902	3.788903985296685	0	0	64045	3	0.5222493129907937	0.6415382579721651	0	0	0	0.0	0	1376	0.8221808159304592	0.9242740534766335	0.0	76057.0	192135.0	1920.0	1.0	4.0	0.0	1.0	0.6805480161863403	464.0	ok	0	0	0	0	0	0	99.71		0.8	4.4	xor-heavy+unrolled+circuit+xorgates
fe851239cedd4197c5390cee55fee723-grs-256-64	grs	train	TIMEOUT	1.8	324148	958750	958750	0	3	3	0.3064740547588005	2.6922617992177313	3.691741529297979	0	0	127869	3	0.5334821382007823	0.6559781334452164	0	0	0	0.0	0	2128	0.8623322033898305	0.9427984354628423	0.0	146311.0	383607.0	2680.0	1.0	4.0	0.0	1.0	0.8629256074562461	592.0	ok	0	0	0	0	0	0	99.81		1.6	9.3	xor-heavy+unrolled+circuit+xorgates
334aa882de28856fc8c75885285d2a3c-HCP-446-105	hcp	val	SAT	0.6	29934	247657	247657	0	4	14	0.12638851314519678	3.379666231925607	6.37670999404081	0	940	0	0	0.0	0.0	4297	4	3	0.3162290372152068	3209	8	0.06083009969433531	0.13222723363361424	0.0	12943.0	0.0	0.0	0.36758399363835165	942.0	0.0	1.0	0.09781691401488352	1846.0	ok	1	0	0	0	1	0	99.86		1.0	2.4	exactly-one+circuit+sym
59825ed96dc3bbdbd8789a4870b323ec-hcp_CP18_18	hcp	train	TIMEOUT	2.2	122472	442903	442903	0	2	324	0.7130997080624877	2.7192884220698437	29.581123655904026	0	4	0	0	0.0	0.0	968	18	18.0	0.11294010059442158	320	2	0.00405957963707629	0.6295080412641143	0.0	2168.0	0.0	0.0	0.017750849469848937	4.0	0.0	1.0	0.70197386648015	8.0	ok	13865	6	0	0	8626	0	33.97		22.8	5.1	at-most-one+sym-rows
9da32436de386f3b4f8e6ec1db552349-HCP-529-420	hcp	val	TIMEOUT	0.7	40718	319490	319490	0	4	4	0.08836270305799869	3.4408932986947947	2.2306411132848356	0	0	0	0	0.0	0.0	4434	4	3.0	0.23110172405324428	4428	10	0.05389840057591787	0.1076622116498169	0.0	18790.0	0.0	0.0	0.3637525166485984	2.0	0.0	1.0	0.08493991920056547	8.0	ok	0	0	0	0	0	0	99.97		0.7	3.1	at-most-one+circuit
1890f49a43a94b97828528b68c32b78e-homer11.shuffled	homer	shared	UNSAT	0.0	220	1122	1122	0	2	10	0.9803921568627451	2.156862745098039	0.0	0	0	0	0	0.0	0.0	20	11	11.0	1.0	0	1	0.03208556149732621	0.7584670231729055	0.0	0.0	0.0	0.0	0.0	0.0	1.0	0.0	0.04448398576512456	0.0	ok	0	0	1	0	46	990	0.09	UNSAT	0.0	0.0	at-most-one+sym-rows+sym-decided
3b5d7ec347010e177bfa04b298fc75cf-nla-digbench-scaling_dijkstra-u_valuebound1_transition	hwmc-step-transition	train	UNSAT	1.3	172500	574910	574910	0	3	3	0.38750065227600844	2.612492390113235	42.41394740695205	0	0	60010	3	0.4175262214955384	0.6734840579710145	0	0	0	0.0	0	5	0.29767093979927295	0.8901567201822894											ok	0	0	0	0	0	325	100.0		1.0	5.5	xor
70da0b784f49350e05c0ff8434acdc15-x-epic_a19-p15_transition	hwmc-step-transition	train	UNSAT	0.5	68100	191642	191642	0	3	3	0.27151668214691976	2.728462445601695	60.607219038391115	0	0	7716	3	0.1610502916897131	0.21607929515418503	0	0	0	0.0	0	30399	0.5588075682783523	0.6433767128291293	33631.0	20856.0	23040.0	19306.0	1.0	3196.0	1.0	0.0	0.4568827566587248	48340.0	ok	652	5	0	0	280	6452	98.93		1.9	1.9	xor+unrolled+circuit+xorgates+sym-rows
7bdf3e5401cc263951003b569bcd689c-bv_ILA_Piccolo_BEQ_sanity_transition	hwmc-step-transition	train	UNSAT	1.0	160903	399948	399948	0	3	3	0.241916449138388	2.758073549561443	506.760625897143	0	0	2538	3	0.025383299828977766	0.031752049371360384	0	0	0	0.0	0	2	0.08989418624421175	0.44953343934711515	41438.0	27868.0	7439.0	43852.0	0.8511811954967258	13020.0	0.0	1.0	0.4539595761139348	75544.0	ok	12	0	0	0	7	21578	98.91		2.5	4.2	xor+circuit+xorgates+sym
96dea3458b5470bd6db5704a0d1e9742-bv_ILA_Piccolo_JALR_sanity_transition	hwmc-step-transition	val	UNSAT	1.0	161065	400494	400494	0	3	3	0.24209601142588902	2.7578940009088777	506.42421789502384	0	0	2534	3	0.02530874370152861	0.031558687486418525	0	0	0	0.0	0	2	0.08980409194644613	0.4387206799602491	41527.0	28097.0	7438.0	44820.0	0.8632432722780254	13014.0	0.0	1.0	0.4601549726309803	75714.0	ok	93	0	0	0	64	21577	98.82		2.5	3.3	xor+circuit+xorgates+sym
df813fe752353c2cc3b9040865aecfe4-veer_axi_yosyshq_appnote_123_veer_axi-p06_transition	hwmc-step-transition	val	UNSAT	3.7	521158	1306928	1306928	0	3	3	0.36908766205942484	2.630909277328208	3585.8746245019356	0	0	13360	3	0.040889781227427986	0.05334850467612509	0	0	0	0.0	0	226432	0.6982924843602708	0.7756433407196112	179810.0	207908.0	40004.0	103186.0	1.0	32831.0	0.0	1.0	0.5098283194706331	316198.0	ok	2653	11	0	0	1337	65718	99.64		15.6	14.3	xor+unrolled+circuit+xorgates+sym-rows
dff4ea0af62900ab4d404f3bf7649a4d-nla-digbench-scaling_dijkstra-u_valuebound1_step	hwmc-step-transition	train	UNSAT	44.6	5816912	19317399	3000000	1	3	3	0.38717	2.6128293333333334	21.859651130322575	0	0	313071	3	0.417428	0.10461805163977038	0	0	0	0.0	0	5	0.2979793333333333	0.8864313333333333	4805823.0	3725870.0	6031005.0	402.0	1.0	14255.0	0.0	1.0	0.8700610867766363	5679098.0	ok	0	0	0	0	0	8358	99.89		37.1	31.2	xor+circuit+xorgates
ebbda8d90dfd9b6500bf932f952907a6-2018D_VexRiscv-regch0-20-p1_step	hwmc-step-transition	train	UNSAT	4.0	723395	1710014	1710014	0	3	3	0.21028950640170196	2.7897081544361626	143.09857129436915	0	0	23049	3	0.05391534806147786	0.07246386828772662	0	0	0	0.0	0	11881	0.3879377595738982	0.5062022884023172	183009.0	74003.0	69144.0	216763.0	0.881445344070063	54224.0	0.0	1.0	0.4879633887082727	393968.0	ok	127	0	0	0	35	75745	98.06		12.5	18.2	xor+unrolled+circuit+xorgates+sym
fcc4c4522c54db2f1cee86fe0fff5f4a-x-epic_a19-p16_step	hwmc-step-transition	train	UNSAT	10.6	1636233	4317588	3000000	1	3	3	0.264396	2.735603333333333	47.05905666699474	0	0	120272	3	0.16036266666666665	0.14412617273945702	0	0	0	0.0	0	30862	0.6044923333333333	0.634107	651655.0	463461.0	474534.0	382694.0	1.0	93215.0	0.0	1.0	0.5842675593731962	1131936.0	ok	6974	0	0	0	201	96650	97.91		10.4	34.6	xor+unrolled+circuit+xorgates+sym
51482a5b06b055edfdca576d654ce191-bob12s09-opt	hwmcc-bob	train	UNSAT	0.4	51108	152338	152338	0	2	3	0.6666622904331159	2.3333245808662317	55.12259339776847	0	0	0	0	0.0	0.0	86	3	3.0	0.0043437426625968535	86	1	0.16539537082014993	0.7328309417216978	1361.0	50519.0	0.0	0.0	1.0	435.0	0.0	1.0	0.5978135827428237	3594.0	ok	4	0	0	0	0	0	100.0		0.3	1.6	circuit+sym
0e36fa2e12f32cde67937803299fb57b-6s268r_Iter94	hwmcc-iter	train	UNSAT	5.3	487508	1645009	1645009	0	2	5	0.5272141368223517	2.6190391663510657	2.7558354656777313	0	195347	3270	4	0.007973208657217073	0.020069414245509818	628	3	3.0	0.003829680743700616	25	1	0.0625838521248212	0.9080874329562939	77.0	123563.0	9819.0	10544.0	0.4935733882030178	195271.0	0.0	1.0	0.5259438352960271	293316.0	ok	202	16	0	0	0	0	99.95		3.9	19.6	xor+circuit+xorgates+sym-rows
1576e239e1c17939f24688a12fb10fae-6s299b685_Iter22	hwmcc-iter	train	SAT	2.6	185840	761356	761356	0	3	5	0.24557762728605279	2.9424027655919174	535.9455872471484	0	975	5508	3	0.028937842481046975	0.06646577701248385	1007	3	3	0.010541325871717607	194	3	0.032932031795901	0.35088578798879894	61.0	50484.0	16519.0	4927.0	0.3899321291497712	1022.0	0.0	1.0	0.3070225801334109	2122.0	ok	1653	2	0	0	369	0	99.82		3.5	8.6	xor+circuit+xorgates+sym-rows
3746303c659ef65aaa78f3b52cd5de49-6s299b685_Iter30	hwmcc-iter	val	SAT	17.2	1716742	5869991	3000000	1	3	5	0.3895883333333333	2.770822	246.03391317170028	0	292004	17632	3	0.023509333333333333	0.022116311012371107	3511	3	3	0.0037151767708834523	454	1	0.039565333333333334	0.467167	25686.0	267200.0	96371.0	102010.0	0.4299831269065349	598696.0	0.0	1.0	0.37967296965165553	814338.0	ok	8199	0	0	0	78	0	100.0		16.0	36.4	xor+circuit+xorgates+sym
546f8e069aa450002a30c9c47538fe95-intel047_Iter78	hwmcc-iter	train	SAT	1.5	147004	467279	467279	0	2	5	0.44709905645235504	2.7683953269888013	12.030773219957506	0	20901	9442	3	0.08082537413408264	0.1926614241789339	77	3	3	0.0015713858126309489	0	1900	0.9817582215336019	0.9896464424893907	8677.0	26117.0	0.0	444.0	0.4972573247215202	47237.0	0.0	1.0	0.4393497290537724	32176.0	ok	95364	31	0	0	156	3	63.93		49.3	4.7	xor+unrolled+circuit+sym-rows
09cd83e233380d0ba1fc56cee88367b1-s38417	iscas	train	UNSAT	0.1	20100	50412	50412	0	2	3	0.6662302626358804	2.3337300642704117	7.540140525442961	0	0	0	0	0.0	0.0	625	3	3	0.07149253731343283	625	3	0.20788701102912005	0.6496469094660001	0.0	16165.0	0.0	0.0	0.8044689957201154	1.0	1.0	0.0	0.49190347674234003	2.0	ok	20	0	0	0	0	3418	106.83		0.3	0.5	circuit+sym
5831f35622f3e6c666f0cee6cac60e4c-s38584	iscas	train	UNSAT	0.2	28044	71346	71346	0	2	3	0.6633868752277633	2.336585092366776	441.0485852005593	0	0	0	0	0.0	0.0	432	3	3.0	0.03583654257595208	414	3	0.17886076304207665	0.5800885824012558	51.0	21888.0	0.0	0.0	0.7814352017136736	8.0	1.0	0.0	0.4495747607151879	48.0	ok	1	0	0	0	0	4744	106.65		0.3	0.7	circuit+sym
5c24cfeff639fefdead9a5641f65fa22-c7552	iscas	train	UNSAT	0.0	4004	11076	11076	0	2	3	0.6664860960635609	2.3333333333333335	16.297273149385827	0	0	0	0	0.0	0.0	26	3	3.0	0.013236763236763236	26	3	0.24440231130371975	0.6641386782231853	0.0	3633.0	0.0	0.0	0.9137323943661971	4.0	1.0	0.0	0.5724250384998641	46.0	ok	3	0	0	0	1	201	101.79		0.1	0.1	circuit+sym
25390e9d1fa1926485db7eb2d5a20ea8-ITC2021_Late_10.xml	itc2021	val	TIMEOUT	1.5	246492	770862	770862	0	2	38	0.6962076221165396	2.425042355181602	11.158916912576611	0	0	0	0	0.0	0.0	4186	8	6.0	0.10421433555652922	0	1	0.35317994660522894	0.7768562985333303	0.0	0.0	0.0	0.0	0.0	14.0	0.0	1.0	0.5802947628306736	28.0	ok	747	6	0	0	0	3027	88.72		1.4	8.6	at-most-one+sym-rows
bc5a06872fa6dfc9acbc7f782f0a4439-ITC2021_Early_12.xml	itc2021	train	SAT	1.3	207919	691067	691067	0	2	38	0.7112812505878591	2.4214859051293147	11.473817678986448	0	0	0	0	0.0	0.0	4109	8	6	0.1222495298649955	0	1	0.38009773292604043	0.7681874550513915	0.0	0.0	0.0	0.0	0.0	4.0	0.0	1.0	0.5543214988776821	8.0	ok	748	5	0	0	0	2967	86.99		1.2	7.7	at-most-one+sym-rows
c86b261162cef181dc513963a8acb77f-ITC2021_Middle_9.xml	itc2021	train	SAT	0.5	82269	271217	271217	0	2	34	0.7354221896120081	2.4020323209828294	5.790417539836291	0	0	0	0	0.0	0.0	1887	6	6	0.13669790565097426	0	1	0.3923131662100827	0.7960747298288824	0.0	0.0	0.0	0.0	0.0	8.0	0.0	1.0	0.4590028093621773	16.0	ok	0	0	0	0	0	1180	88.8		0.4	2.8	at-most-one
ed9f304b537a768f462bd1c723c5396e-ITC2021_Early_9.xml	itc2021	train	SAT	0.2	24110	115414	115414	0	2	34	0.9726203060287314	2.273822933093039	2.33557849747914	0	0	0	0	0.0	0.0	1873	8	6	0.46163417669017004	0	1	0.4310828842254839	0.9557679311002132	0.0	0.0	0.0	0.0	0.0	8.0	1.0	0.0	0.33436642352523765	46.0	ok	0	0	0	0	0	28	95.81		0.1	1.1	at-most-one
0a4880c0e882e6a4a31943522573c394-b19_1	itc99	train	UNSAT	2.8	329172	927579	927579	0	2	3	0.6666666666666666	2.3333311771827523	10.242950160467059	0	0	0	0	0.0	0.0	39	3	3	0.00034936142806800093	39	1	0.14557142841741783	0.6868223623001383	107.0	295957.0	0.0	0.0	0.8995134019615888	85.0	0.0	1.0	0.5808631442248161	90.0	ok	4	0	0	0	0	24064	102.59		2.2	11.1	circuit+sym
29b573e0f7b922c4bd0a675db005265f-b18	itc99	train	UNSAT	1.4	167755	473169	473169	0	2	3	0.6666666666666666	2.3333291065137405	9.143190557420988	0	0	0	0	0.0	0.0	14	3	3.0	0.0002444040416082978	14	1	0.1438576914379429	0.6859620981087096	50.0	151075.0	0.0	0.0	0.9008861272779315	28.0	0.0	1.0	0.568816940595441	18.0	ok	2	0	0	0	0	12060	102.55		1.0	5.4	circuit+sym
3197b65ef50328394a0c9e73281d7122-b20_1	itc99	train	UNSAT	0.2	21782	60747	60747	0	2	3	0.6666666666666666	2.333300409896785	13.31169071698434	0	0	0	0	0.0	0.0	9	3	3	0.0012395555963639702	9	3	0.16818937560702585	0.6722636508798788	0.0	19253.0	0.0	0.0	0.8843009369832813	1.0	1.0	0.0	0.5234519104084322	10.0	ok	0	0	0	0	0	2016	103.32		0.1	0.6	circuit
47f5872181a581dff34eb33123fe3242-b17	itc99	val	UNSAT	0.5	58528	162579	162579	0	2	3	0.6666666666666666	2.33332103162155	10.94798710476917	0	0	0	0	0.0	0.0	5	3	3	0.00022211591033351557	5	1	0.12806697051894772	0.6648767676022118	0.0	51319.0	0.0	0.0	0.8768731311405382	2.0	0.0	1.0	0.5140122530325025	4.0	ok	3	0	0	0	0	5329	103.28		0.3	1.7	circuit+sym
5246b7b99ba005af421d86299f7d26d0-b15	itc99	train	UNSAT	0.2	18696	51951	51951	0	2	3	0.6666666666666666	2.3332948355180845	10.015698778786861	0	0	0	0	0.0	0.0	2	3	3.0	0.00026743688489516476	2	1	0.1329137071471194	0.6500933572019788	0.0	16425.0	0.0	0.0	0.8785771596683605	0.0	1.0	0.0	0.4926275264677575	0.0	ok	0	0	0	0	0	1701	103.27		0.1	0.5	circuit
5ff5e9d5aab95667d3d2bd50e1e6792a-b21	itc99	val	UNSAT	0.2	26076	73629	73629	0	2	3	0.6666666666666666	2.333306170123185	11.996293624910635	0	0	0	0	0.0	0.0	9	3	3	0.0009970854425525387	9	1	0.12910673783427726	0.6821361148460525	0.0	23547.0	0.0	0.0	0.9031528076096962	2.0	1.0	0.0	0.5371492217000353	6.0	ok	0	0	0	0	0	2016	102.74		0.1	0.7	circuit
944b4eaecefa1d15c2d2a8ac0c2d1c31-b14	itc99	train	UNSAT	0.1	12308	34638	34638	0	2	3	0.6666666666666666	2.333275593279058	10.126461705445731	0	0	0	0	0.0	0.0	6	3	3.0	0.0013812154696132596	6	1	0.13268664472544603	0.6761937756221491	0.0	11070.0	0.0	0.0	0.8997805413313826	1.0	1.0	0.0	0.5208375451263538	2.0	ok	0	0	0	0	0	901	102.6		0.1	0.3	circuit
a7e7d0f855781da215aed50e523a821c-b22_1	itc99	train	UNSAT	0.3	33427	93483	93483	0	2	3	0.6666666666666666	2.3333119390691355	12.760156612754836	0	0	0	0	0.0	0.0	12	3	3.0	0.0010769737038920633	12	1	0.13035525175700394	0.676903822085299	0.0	29681.0	0.0	0.0	0.8879880329094989	1.0	1.0	0.0	0.5361632024304924	2.0	ok	0	0	0	0	0	2766	102.96		0.2	0.9	circuit
b361efe85442bd535849708e2b7ac639-b22	itc99	train	UNSAT	0.3	38666	109200	109200	0	2	3	0.6666666666666666	2.333315018315018	12.347621533546892	0	0	0	0	0.0	0.0	8	3	3.0	0.0006207003569027053	8	1	0.13035714285714287	0.6812820512820513	0.0	34912.0	0.0	0.0	0.9030055351507941	1.0	0.0	1.0	0.5516552955721415	6.0	ok	0	0	0	0	0	2766	102.53		0.2	1.1	circuit
67aa1a256f92020dccdf66b235de3986-jkkk-one-one-10-34-sat	jkkk	train	SAT	0.1	11607	73804	73804	0	2	254	0.6435152566256571	2.7889003306053874	149.49951053873676	0	0	4630	3	0.2509349086770365	0.48203670199017834	18	3	3.0	0.002843111915223572	5	1	0.5373286000758767	0.8836512926128665	1092.0	6026.0	13851.0	0.0	1.0	104.0	1.0	0.0	0.07196380015360027	196.0	ok	0	0	0	0	0	0	89.08		0.1	0.7	xor+circuit+xorgates
29b7d5a498eff7a98fcd03a273eaeba3-Kakuro-easy-132-ext.xml.hg_8	kakuro	val	TIMEOUT	26.0	209926	23123302	3000000	1	3	4	0.014706	3.477941	143.10339607448444	0	0	0	0	0.0	0.0	0	0	0	0.0	0	173	0.49729833333333334	0.8598673333333333	0.0	0.0	0.0	0.0	0.0	1256.0	0.0	1.0	0.04421720420168859	1256.0	ok	0	0	0	0	0	0	74.76		57.8	30.9	unrolled
5e933a625099cc1ec6a8299a7848a2ae-Kakuro-easy-112-ext.xml.hg_7	kakuro	train	SAT	20.0	187839	19620011	3000000	1	3	4	0.013041	3.4804383333333333	126.32019725515808	0	0	0	0	0.0	0.0	0	0	0	0.0	0	163	0.49760366666666667	0.8915206666666666	0.0	0.0	0.0	0.0	0.0	920.0	0.0	1.0	0.04564892269034022	920.0	ok	0	0	0	0	0	0	75.17		47.5	31.3	unrolled
b64f7d56f1b369fac6a3bcb1efd784da-Kakuro-easy-126-ext.xml.hg_7	kakuro	train	SAT	21.5	200515	22519539	3000000	1	3	4	0.014365	3.4784523333333333	139.95888423539716	0	0	0	0	0.0	0.0	0	0	0	0.0	0	171	0.49752466666666667	0.864346	0.0	0.0	0.0	0.0	0.0	1084.0	0.0	1.0	0.044691582430402554	1084.0	ok	0	0	0	0	0	0	74.98		58.8	31.0	unrolled
b655faa69774192a80d9e2a2bc602ce4-Kakuro-easy-115-ext.xml.hg_5	kakuro	train	SAT	26.0	171688	24612456	3000000	1	3	4	0.0154	3.4769	149.87117735495832	0	0	0	0	0.0	0.0	0	0	0	0.0	0	177	0.4973093333333333	0.8479046666666666	0.0	0.0	0.0	0.0	0.0	1232.0	0.0	1.0	0.03316835614880186	1232.0	ok	0	0	0	0	0	0	74.59		60.4	31.7	unrolled
86173292a2c6a506acf27a81db853bb5-ktf_TF-7.tf_3_0.06_113	ktf	train	SAT	0.3	60247	281152	281152	0	3	4	0.21812400409742772	2.7818546551331664	10.438448875011803	0	0	0	0	0.0	0.0	186	4	4.0	0.01166863080319352	0	384	0.29879566924652856	0.9487039039380833	0.0	0.0	0.0	0.0	0.0	0.0	0.0	1.0	0.9106639640085035	0.0	ok	0	0	0	0	0	436	60.11		0.3	2.7	plain
c0e828fb967fc4f0935cf06c6a6b1055-lec_mult_CvW_11x10.sanitized	lec-mult	val	UNSAT	0.0	2564	7651	7651	0	2	21	0.6592602274212521	2.343092406221409	7.2998732639660915	0	0	21	3	0.010978956999085087	0.02457098283931357	0	0	0	0.0	0	14	0.4056986014900013	0.7966278917788524	330.0	2205.0	63.0	0.0	1.0	0.0	1.0	0.0	0.5698746034144131	262.0	ok	1	0	0	0	0	0	100.01		0.0	0.1	xor+unrolled+circuit+xorgates+sym
1a9512580b2d946ebd41de4e8c08c42d-linked_list_swap_contents_safety_unwind50	linked-list	train	UNSAT	16.8	1735931	18657713	3000000	1	3	155	0.41403466666666666	2.884822333333333	149.92952948190083	0	20968	232328	3	0.3097706666666667	0.27104130290892897	608	3	3.0	0.0010507330072451037	608	1	0.26320933333333335	0.8008946666666666	807582.0	534100.0	884490.0	83108.0	1.0	56336.0	0.0	1.0	0.37903325697252577	446482.0	ok	20210	0	0	0	1	0	95.59		21.7	32.2	xor+circuit+xorgates+sym
6d35bab4302bc221fa2c9234547b848b-contest04-lksat-n1100-m7545-k4-l4-s310659001.sat05-524.reshuffled-07	lksat	val	UNSAT	0.1	1100	7545	7545	0	4	4	0.0	4.0	5.581313668377333	0	0	0	0	0.0	0.0	0	0	0	0.0	0	0	0.0	0.026242544731610338	0.0	0.0	0.0	0.0	0.0	0.0	1.0	0.0	0.08119741733515946	0.0	ok	0	0	0	0	0	0	98.69		0.0	0.1	plain
30f64b3b0870ce5d22d4217782224dfe-lockchart-group1-L200-K289-p8d4j1.normalised	lockchart	train	TIMEOUT	3.2	1865216	3758722	3000000	1	2	32	0.9781626666666666	2.5780746666666667	86.50735545769334	0	0	0	0	0.0	0.0	2312	4	4.0	0.004958138896513862	2312	1	0.9795253333333334	0.9810666666666666	0.0	15648.0	0.0	0.0	0.00853567002391384	0.0	0.0	1.0	0.03846466964037244	0.0	ok	74	0	0	0	1	28172800	849.53		89.2	31.6	sym
395829127ec213c2e69a6a13dda3623b-lockchart-group2-rnd0.3-L19-K38-P8D4J1_1.normalised	lockchart	train	TIMEOUT	0.1	24896	43903	43903	0	2	32	0.9678609662209872	2.5035191217001116	14.574120741982728	0	0	0	0	0.0	0.0	304	4	4.0	0.04884318766066838	304	1	0.9672687515659523	0.9871762749698199	0.0	1824.0	0.0	0.0	0.09818064377220369	0.0	1.0	0.0	0.06638421440982553	0.0	ok	2	0	0	0	1	247504	662.9		0.9	0.3	sym
3cda1cbfbcabfc71ece7961d4d6ad1bb-lockchart-group2-rnd0.3-L19-K38-P8D4J1_3	lockchart	train	TIMEOUT	0.1	24928	44398	44398	0	2	32	0.9678814361007253	2.4972296049371594	14.267297869498522	0	0	0	0	0.0	0.0	304	4	4.0	0.04878048780487805	304	1	0.9687373305103834	0.9884229019325195	0.0	1824.0	0.0	0.0	0.09616195698017714	0.0	1.0	0.0	0.06643144219085896	0.0	ok	2	0	0	0	1	254944	673.38		0.9	0.4	sym
4c037368864330bff3940837ac28ac14-lockchart-group2-rnd0.3-L18-K36-P8D4J1	lockchart	val	TIMEOUT	0.1	22464	39294	39294	0	2	32	0.9668651702550007	2.5054206749122003	13.94490343794223	0	0	0	0	0.0	0.0	288	4	4.0	0.05128205128205128	288	1	0.9669669669669669	0.9880388863439711	0.0	1728.0	0.0	0.0	0.10489255797013476	0.0	1.0	0.0	0.06913924322006645	0.0	ok	2	0	0	0	1	217248	651.84		0.8	0.3	sym
5d62e4d7ab116c477c8d4f5bd36907de-lockchart-group2-rnd0.3-L19-K38-P8D4J1_2	lockchart	train	TIMEOUT	0.1	24928	44365	44365	0	2	32	0.9678800856531049	2.4976445396145612	14.29537037037037	0	0	0	0	0.0	0.0	304	4	4.0	0.04878048780487805	304	1	0.9687366167023554	0.9884368308351178	0.0	1824.0	0.0	0.0	0.09624314056563951	0.0	1.0	0.0	0.06596719166238257	0.0	ok	3	0	0	0	1	254448	672.4		1.0	0.4	sym
89002102bdb86946869a06dc1f604315-lockchart-group1-L210-K303-p8d4j1.normalised	lockchart	train	TIMEOUT	3.5	2052544	4137714	3000000	1	2	32	0.976092	2.636376	85.83804732878988	0	0	0	0	0.0	0.0	2424	4	4.0	0.0047238938604970224	2424	1	0.977524	0.97914	0.0	16416.0	0.0	0.0	0.008130854452950406	0.0	0.0	1.0	0.0376135228292724	0.0	ok	76	0	0	0	1	31039680	850.16		104.7	33.5	sym
96977e8e00a3728097861502a449e343-lockchart-group3-L13-K26-p4d3j1.normalised	lockchart	val	TIMEOUT	0.0	4512	8333	8333	0	2	12	0.9360374414976599	2.4149765990639627	7.742670443251838	0	0	0	0	0.0	0.0	104	3	3.0	0.06914893617021277	104	1	0.9329173166926678	1.0	0.0	468.0	0.0	0.0	0.12264150943396226	0.0	1.0	0.0	0.10459277403551745	0.0	ok	7	0	0	0	1	18018	316.12		0.1	0.1	sym
b99ba7e9113280393c64863dfbfa2c3b-lockchart-group3-L15-K29-p4d3j1.normalised	lockchart	train	TIMEOUT	0.0	5736	10718	10718	0	2	12	0.938794551222243	2.413883187161784	8.809624840035022	0	0	0	0	0.0	0.0	116	3	3.0	0.060669456066945605	116	1	0.9366486284754618	1.0	0.0	528.0	0.0	0.0	0.1073170731707317	0.0	1.0	0.0	0.09590085795996187	0.0	ok	9	0	0	0	1	23760	321.62		0.2	0.1	sym
d2af3fde615d7c4d4a4574fc8839970e-lockchart-group1-L190-K276-p8d4j1.normalised	lockchart	train	TIMEOUT	2.9	1692960	3410378	3000000	1	2	32	0.980074	2.5244786666666665	87.25763000512872	0	0	0	0	0.0	0.0	2208	4	4.0	0.005216898213779416	2208	1	0.9813646666666667	0.9828366666666667	0.0	14912.0	0.0	0.0	0.008969127723458311	0.0	0.0	1.0	0.03937452094753133	0.0	ok	70	0	0	0	1	25539040	848.86		77.4	31.9	sym
dbb42e010bed2259e4e27bc43e4d86c6-lockchart-group3-L11-K23-p4d3j1.normalised	lockchart	train	TIMEOUT	0.0	3432	6248	6248	0	2	12	0.9324583866837388	2.4161331626120357	6.656547521151984	0	0	0	0	0.0	0.0	92	3	3.0	0.08041958041958042	92	1	0.9278169014084507	1.0	0.0	408.0	0.0	0.0	0.1440677966101695	0.0	1.0	0.0	0.11465798045602606	0.0	ok	6	0	0	0	1	13068	308.99		0.1	0.0	sym
f1973c0a4e960a914ff12aa7e4e9293c-lockchart-group2-rnd0.3-L19-K38-P8D4J1_4	lockchart	train	SAT	0.1	24928	44365	44365	0	2	32	0.9678800856531049	2.4976445396145612	14.278620677207423	0	0	0	0	0.0	0.0	304	4	4.0	0.04878048780487805	304	1	0.9680153273977234	0.9877155415304858	0.0	1824.0	0.0	0.0	0.0962532981530343	0.0	1.0	0.0	0.06551240056153486	0.0	ok	2	0	0	0	1	254448	672.69		1.0	0.4	sym
fe9b9a35531e13dab41307e569386dab-lockchart-group1-L220-K317-p8d4j1.normalised	lockchart	val	TIMEOUT	3.7	2248832	4534906	3000000	1	2	32	0.973928	2.6974773333333335	85.10968492470309	0	0	0	0	0.0	0.0	2536	4	4.0	0.004510786043599522	2536	1	0.9754293333333334	0.97712	0.0	17184.0	0.0	0.0	0.007762695693655406	0.0	0.0	1.0	0.036840013883418975	0.0	ok	81	0	0	0	1	34045440	850.74		99.0	32.8	sym
43687a48fb119ca61b47c2fc69a71e7d-manthey_single-ordered-initialized-w42-b8	manthey	train	UNSAT	0.1	9072	73350	73350	0	3	42	0.19210633946830266	2.8879345603271984	236.37335372629596	0	0	8400	3	0.45807770961145194	1.0	67	42	8	0.07407407407407407	50	1	0.6498023176550783	0.6788002726653033	2177.0	1348.0	21790.0	1244.0	1.0	985.0	1.0	0.0	0.028978442205611528	1832.0	ok	0	0	0	0	0	0	91.76		0.1	0.6	xor+circuit+xorgates
967b58fea99a99b8da592d3e2fe7139b-dubois50.cnf.mis-99.debugged	mis-debugged	val	TIMEOUT	0.0	14901	29850	29850	0	2	3	0.510820770519263	2.482613065326633	19.776864438590245	0	0	0	0	0.0	0.0	70	3	3.0	0.010066438494060801	0	1	0.49447236180904525	0.5031490787269681	0.0	0.0	0.0	0.0	0.0	0.0	1.0	0.0	0.9910141659031644	0.0	ok	0	0	0	0	0	2	97.72		0.1	0.2	plain
0876c518e5653369e20fb1ee0bb8db40-mp1-klieber2017s-0500-023-t12	mp1	train	SAT	0.3	30587	91703	91703	0	2	13	0.6666957460497476	2.333391492099495	139.2994426905336	0	0	0	0	0.0	0.0	0	0	0	0.0	0	1	0.1742691078808763	0.5069626947864301	0.0	30527.0	0.0	0.0	0.9996397930447312	12.0	1.0	0.0	0.0877911357159236	24.0	ok	0	0	0	0	0	0	99.89		0.2	1.2	circuit
557d7d4db5399188f62bc39598c6d868-mp1-Nb7T46	mp1	train	SAT	0.3	57935	229320	229320	0	3	4	0.38333333333333336	2.7444444444444445	37.922285375660074	0	0	28028	3	0.4888888888888889	0.9785621817554155	0	0	0	0.0	0	1	0.9777777777777777	0.9777777777777777	0.0	29302.0	84084.0	0.0	1.0	0.0	0.0	1.0	0.538131307135225	0.0	ok	4	0	0	0	1	0	100.0		5.9	2.0	xor+circuit+xorgates+sym
7e58b502cc9dbef5f76d5161fb9a09b2-mp1-Nb7T45	mp1	train	TIMEOUT	0.4	56634	224224	224224	0	3	4	0.3835227272727273	2.7443181818181817	37.9422134542887	0	0	27391	3	0.48863636363636365	0.9785464561923932	0	0	0	0.0	0	1	0.9772727272727273	0.9772727272727273	0.0	28665.0	82173.0	0.0	1.0	0.0	0.0	1.0	0.5378676720661543	0.0	ok	4	0	0	0	0	0	100.0		6.0	2.0	xor+circuit+xorgates+sym
a2fe3213d50b3bc297e3f7606c921128-mp1-blockpuzzle_9x9_s1_free9	mp1	train	SAT	0.3	7371	1262871	1262871	0	2	91	0.9990806661963099	2.004853227289248	0.0046748558153760075	0	4320	0	0	0.0	0.0	81	91	91	1.0	81	1	0.996152417784556	0.9999358604323006	0.0	5425.0	0.0	0.0	1.0	3426.0	1.0	0.0	0.07346035153629411	2540.0	ok	5	21	0	0	92	0	26.96		2.7	8.8	exactly-one+circuit+sym-rows
e7addace716ccd5c16ff9a5650869465-mp1-klieber2017s-0300-032-t12	mp1	val	SAT	0.2	19491	58388	58388	0	2	13	0.666712338151675	2.33342467630335	104.28128276410582	0	0	0	0	0.0	0.0	0	0	0	0.0	0	1	0.1855346989107351	0.5324895526478044	0.0	19422.0	0.0	0.0	0.9989712992490485	12.0	1.0	0.0	0.09056739779631345	24.0	ok	0	0	0	0	0	0	99.83		0.1	0.6	circuit
f0753a43fd48018b408d64ea68a4a924-Nb54T6	mp1	train	TIMEOUT	22.0	2809398	12480480	3000000	1	2	4	0.45	2.7	1739.8772809678264	0	0	300000	3	0.4	0.24026499627322295	0	0	0	0.0	0	1	0.8	0.8	0.0	1872072.0	3744144.0	0.0	1.0	0.0	0.0	1.0	0.4867279944361114	0.0	ok	0	0	0	0	0	0	100.0		35.5	31.1	xor+circuit+xorgates
1d90be3e37a42432d281cf6c1b8eae4b-multiplier_16bits__miter_22	mult-miter-bits	train	TIMEOUT	0.0	5776	17202	17202	0	2	3	0.6678293221718404	2.3319381467271247	2.1074062018814246	0	32	0	0	0.0	0.0	0	0	0	0.0	0	6	0.420648761771887	0.8824555284269271	316.0	5708.0	0.0	0.0	1.0	33.0	1.0	0.0	0.6059143776292997	706.0	ok	0	0	0	0	0	0	99.94		0.0	0.1	unrolled+circuit
539a1f4e4f7a95ab0ac55df50445cceb-multiplier_15bits__miter_23	mult-miter-bits	train	TIMEOUT	0.0	5052	15038	15038	0	2	3	0.6679079664849049	2.3318260406969014	2.0132442254914937	0	30	0	0	0.0	0.0	0	0	0	0.0	0	6	0.4146163053597553	0.8816331959037106	281.0	4988.0	0.0	0.0	1.0	31.0	1.0	0.0	0.5948685236373946	632.0	ok	0	0	0	0	0	0	99.93		0.0	0.1	unrolled+circuit
321732c1a401ff109b2f2b447e3dbe5e-16_16_booth_wallace_mapped_and_default_origin_bit28	multiplier-16x16	val	UNSAT	0.0	2967	9634	9634	0	3	3	0.43699397965538717	2.5627984222545153	7.930953981033163	0	0	804	3	0.3338177288768943	0.5294910684192787	0	0	0	0.0	0	1	0.09819389661615113	0.6541415818974465	14.0	2091.0	2412.0	30.0	1.0	1.0	1.0	0.0	0.5538638022734383	30.0	ok	0	0	0	0	0	0	99.99		0.0	0.1	xor+circuit+xorgates
418b8aa42088cb0b1d85014dfa285b25-16_16_booth_wallace_origin_and_and_dadda_mapped_bit28	multiplier-16x16	train	UNSAT	0.0	2754	9111	9111	0	3	3	0.38985841290747447	2.609922072220393	9.964119201251735	0	0	803	3	0.3525408846449347	0.5508351488743646	0	0	0	0.0	0	1	0.10811107452529908	0.5993853583580288	15.0	1775.0	2407.0	276.0	1.0	1.0	1.0	0.0	0.4963672391017173	32.0	ok	0	0	0	0	0	0	99.99		0.0	0.1	xor+circuit+xorgates
5d7bc1fb0f3269d88f732d3fb81abe59-16_16_booth_wallace_origin_and_default_mapped_bit29	multiplier-16x16	train	UNSAT	0.0	2803	9267	9267	0	3	3	0.39192834790115466	2.60785583252401	10.456123795859117	0	0	810	3	0.34962771123340886	0.5465572600784874	0	0	0	0.0	0	1	0.10952843422898458	0.5986835005935038	16.0	1814.0	2428.0	280.0	1.0	1.0	1.0	0.0	0.49821409243424614	30.0	ok	0	0	0	0	0	0	99.99		0.0	0.1	xor+circuit+xorgates
60e39615d3af069932865a28b1bf6330-16_16_booth_dadda_mapped_and_and_wallace_mapped_bit28	multiplier-16x16	train	UNSAT	0.0	3124	10065	10065	0	3	3	0.4574267262791853	2.542374565325385	7.722416374693653	0	0	781	3	0.3103825136612022	0.4785531370038412	0	0	0	0.0	0	1	0.10114257327372081	0.6362642821659215	13.0	2289.0	2343.0	12.0	1.0	1.0	1.0	0.0	0.515215005487379	28.0	ok	0	0	0	0	0	0	99.99		0.0	0.1	xor+circuit+xorgates
8e81131a0c4fbd01e90bb6e20d00c547-16_16_booth_dadda_origin_and_and_dadda_origin_bit28	multiplier-16x16	val	TIMEOUT	0.0	2540	8495	8495	0	3	3	0.3616244849911713	2.6381400824014127	10.300282429501543	0	0	829	3	0.3903472630959388	0.6188976377952756	0	0	0	0.0	0	1	0.07898763978811066	0.6124779281930547	1.0	1535.0	2487.0	268.0	1.0	1.0	1.0	0.0	0.5308554572271387	30.0	ok	0	0	0	0	0	0	99.99		0.0	0.1	xor+circuit+xorgates
91c429adc2dc8430461b6d87a9aef335-16_16_booth_wallace_mapped_and_and_wallace_origin_bit28	multiplier-16x16	train	UNSAT	0.0	2964	9625	9625	0	3	3	0.43677922077922077	2.563012987012987	7.937330621805169	0	0	804	3	0.3341298701298701	0.5300269905533064	0	0	0	0.0	0	3	0.13142857142857142	0.6478961038961039	14.0	2088.0	2412.0	30.0	1.0	1.0	1.0	0.0	0.5432150313152401	30.0	ok	0	0	0	0	0	0	99.99		0.0	0.1	xor+circuit+xorgates
989ca6ab309ca52a6ff957b6896aa03e-16_16_booth_dadda_mapped_and_booth_wallace_mapped	multiplier-16x16	val	TIMEOUT	0.0	3327	10653	10653	0	3	3	0.44513282643386837	2.5546794330235616	13.337466646853162	0	0	821	3	0.3082699709002159	0.44274120829576197	0	0	0	0.0	0	3	0.08354454144372478	0.6538064395006101	436.0	2340.0	2454.0	85.0	1.0	0.0	1.0	0.0	0.4763242793214695	672.0	ok	0	0	0	0	0	46	100.42		0.0	0.1	xor+circuit+xorgates
98a991c902324b02349e766ad357cdc6-16_16_booth_dadda_origin_and_and_dadda_mapped_bit28	multiplier-16x16	train	TIMEOUT	0.0	2729	9022	9022	0	3	3	0.39126579472400796	2.6085125249390377	10.063589309502017	0	0	789	3	0.349811571713589	0.546353975815317	0	0	0	0.0	0	1	0.10363555752604744	0.5965417867435159	1.0	1764.0	2367.0	268.0	1.0	1.0	1.0	0.0	0.49261357325335997	28.0	ok	0	0	0	0	0	0	99.99		0.0	0.1	xor+circuit+xorgates
a932cd15aa770c7874b12476153b7df2-16_16_booth_dadda_origin_and_and_dadda_origin_bit29	multiplier-16x16	train	UNSAT	0.0	2575	8611	8611	0	3	3	0.3623272558355592	2.6374404831030076	10.479960807666444	0	0	838	3	0.38926953896179306	0.6170873786407767	0	0	0	0.0	0	1	0.07943328301010336	0.6154918127975845	1.0	1559.0	2514.0	272.0	1.0	1.0	1.0	0.0	0.5308498253783469	32.0	ok	0	0	0	0	0	0	99.99		0.0	0.1	xor+circuit+xorgates
ae9c53347ee8072745ed230992e164ee-16_16_and_wallace_origin_and_default_mapped_ultra_bit27	multiplier-16x16	train	UNSAT	0.0	2983	9722	9722	0	3	3	0.42810121374202836	2.571693067270109	4.429399989268039	0	0	869	3	0.35753960090516357	0.6000670465973852	0	0	0	0.0	0	6	0.21559349927998353	0.7564287183707056	250.0	1832.0	2607.0	0.0	1.0	1.0	1.0	0.0	0.5097580015612803	504.0	ok	0	0	0	0	0	0	99.99		0.0	0.1	xor+circuit+xorgates
de8c42d50f1dbf43a731f1916dc6bf01-16_16_booth_dadda_mapped_and_and_wallace_origin_bit28	multiplier-16x16	shared	UNSAT	0.0	2948	9573	9573	0	3	3	0.4366447299697065	2.563146349106863	7.741733858135436	0	0	817	3	0.3413767888854069	0.5315468113975577	0	0	0	0.0	0	3	0.12190535882168599	0.6405515512378565	14.0	2076.0	2451.0	12.0	1.0	1.0	1.0	0.0	0.5479638958858103	30.0	ok	0	0	0	0	0	0	99.99		0.0	0.1	xor+circuit+xorgates
fea0f926e766ccba7c7dc261084ecbd0-16_16_default_mapped_ultra_and_and_dadda_mapped_bit28	multiplier-16x16	train	UNSAT	0.0	3166	10211	10211	0	3	3	0.45519537753403194	2.544608755263931	4.579513139075895	0	0	809	3	0.31691313289589657	0.5277953253316487	0	0	0	0.0	0	6	0.2519831554206248	0.7442953677406718	253.0	2075.0	2427.0	0.0	1.0	1.0	1.0	0.0	0.49132642267823146	504.0	ok	0	0	0	0	0	0	99.99		0.0	0.1	xor+circuit+xorgates
88849daabda2e712f659c6edbc142229-ncc_none_2_18_8_3_1_0_435991723	ncc	val	SAT	18.1	1048686	4718581	3000000	1	8	8	0.0	7.333333333333333	181081.68106965805	0	0	0	0	0.0	0.0	0	0	0	0.0	0	0	0.0	0.0	0.0	0.0	0.0	0.0	0.0	0.0	0.0	0.0	0.019951332836856496	0.0	timeout							100.0		121.6	49.4	plain
9d7caee59e9d362d132f1cd785de8a0b-ncc_none_21015_5_3_3_0_0_11	ncc	train	UNSAT	19.2	1694511	5959122	3000000	1	3	3	0.0	3.0	9.018492821394462	0	0	0	0	0.0	0.0	0	0	0	0.0	0	501039	6.666666666666667e-07	1.3333333333333334e-06	0.0	0.0	0.0	0.0	0.0	0.0	0.0	0.0	0.9878891155573256	10.0	ok	147105	0	0	0	0	10483	100.18		40.6	36.3	sym
ddc308b079b032211ac8e4ae136c2626-ncc_none_2_17_4_3_0_0_435991723	ncc	val	UNSAT	21.0	1835101	6291414	3000000	1	4	4	0.0	3.875	68537.81183423004	0	0	0	0	0.0	0.0	0	0	0	0.0	0	0	0.0	0.0	0.0	0.0	0.0	0.0	0.0	0.0	0.0	0.0	0.01998056398768226	0.0	ok	0	0	0	0	0	2	100.0		32.4	36.9	plain
0c0430a68f147be18ab3fded07f30fdb-oddball_53_5_tto_zp.normalised	oddball	train	TIMEOUT	6.0	57176	20380344	3000000	1	2	4681	0.9827796666666667	4.434150666666667	1029.6901831870107	0	0	0	0	0.0	0.0	2306	5	5.0	0.04113614103819784	0	1	0.9606936666666667	0.984161	79.0	62671.0	0.0	0.0	1.0	29.0	0.0	1.0	0.014699979038195695	98.0	ok	0	0	0	0	0	0	48.83		13.0	156.5	circuit
0ec8c5e9084cbc8a326f8f37e1abf741-oddball_54_5_tto_zp.normalised	oddball	val	TIMEOUT	5.7	58983	21161364	3000000	1	2	4665	0.9823373333333333	4.504702666666667	1012.5098013481291	0	0	0	0	0.0	0.0	2305	5	5	0.03985894240713426	0	1	0.9598993333333333	0.983912	79.0	64649.0	0.0	0.0	1.0	30.0	0.0	1.0	0.014611147369382686	100.0	ok	0	0	0	0	0	0	47.98		13.6	181.1	circuit
19951d43eff5fc4ef6fd07d7a5324fa0-oddball_80_5_tto_zp.normalised	oddball	train	TIMEOUT	11.9	111361	46601974	3000000	1	2	4583	0.9728526666666667	6.351444	719.0789479263726	0	0	0	0	0.0	0.0	2226	5	5.0	0.02040211564192132	0	1	0.9345033333333334	0.976499	118.0	122339.0	0.0	0.0	1.0	43.0	0.0	1.0	0.030568940534418373	144.0	ok	0	0	0	0	0	0	27.45		26.7	171.6	circuit
1b8806812861df2b7e91dc316ad1ef80-oddball_52_5_tto_zp.normalised	oddball	train	TIMEOUT	5.2	55788	19615420	3000000	1	2	4693	0.98303	4.393262	1035.031685578804	0	0	0	0	0.0	0.0	2308	5	5.0	0.04221337922133792	0	1	0.9616496666666666	0.9844786666666666	76.0	61077.0	0.0	0.0	1.0	31.0	0.0	1.0	0.014798555096804467	100.0	ok	0	0	0	0	0	0	49.69		12.5	150.9	circuit
1c30806c5aa9cd54bf823c20fa078243-oddball_26_5_ttf.normalised	oddball	val	UNSAT	0.4	15816	648098	648098	0	2	242	0.8929714333326133	3.7360059744051055	224.66072704185834	0	0	0	0	0.0	0.0	0	0	0	0.0	0	1	0.09522788220300016	0.901322022286753	0.0	10350.0	0.0	0.0	0.9143109540636042	76.0	1.0	0.0	0.17816694630872484	154.0	ok	1	0	0	0	1	0	33.27		0.6	8.5	circuit+sym
296fd43ed40e242875984420f29be73f-oddball_24_5_ttf.normalised	oddball	train	UNSAT	0.4	14240	552424	552424	0	2	242	0.8957250228085674	3.7254934615440316	230.59916381219836	0	0	0	0	0.0	0.0	0	0	0	0.0	0	1	0.10203937555211215	0.9036012193532504	0.0	9330.0	0.0	0.0	0.9624510006189395	77.0	1.0	0.0	0.16536179582849103	154.0	ok	1	0	0	0	1	0	31.52		0.5	7.0	circuit+sym
2b4467a5ac4ac41b36d4c3432b07f767-oddball_69_5_tto_zp.normalised	oddball	val	TIMEOUT	10.3	86717	34629303	3000000	1	2	4625	0.9770696666666666	5.463346666666666	843.3883158980182	0	0	0	0	0.0	0.0	2263	5	5	0.02662684364080861	0	1	0.9457386666666666	0.9795826666666667	103.0	94997.0	0.0	0.0	1.0	33.0	0.0	1.0	0.017539010055204248	120.0	ok	0	0	0	0	0	0	35.76		21.0	150.6	circuit
41915707d831e1365389d3cc47c7953f-oddball_51_5_tto_zp.normalised	oddball	train	TIMEOUT	5.2	53521	18863213	3000000	1	2	4701	0.9834693333333333	4.325025	1052.0083794525387	0	0	0	0	0.0	0.0	2311	5	5	0.04403878851292016	0	1	0.9624296666666666	0.984725	76.0	58649.0	0.0	0.0	1.0	29.0	0.0	1.0	0.014771661218903089	96.0	ok	0	0	0	0	0	0	50.55		12.2	214.7	circuit
43ebdada6f6153b50a140ba908d5bf44-oddball_67_5_tto_zp.normalised	oddball	train	TIMEOUT	9.8	82222	32642017	3000000	1	2	4621	0.9778016666666667	5.319970666666666	866.5607241787883	0	0	0	0	0.0	0.0	2270	5	5.0	0.028167643696334316	0	1	0.947708	0.9801553333333334	100.0	90103.0	0.0	0.0	1.0	33.0	0.0	1.0	0.016803187777909585	118.0	ok	0	0	0	0	0	0	37.33		19.5	229.8	circuit
4cf3505e5183c26bbd97d89fdaa93f8c-oddball_26_4_ttf.normalised	oddball	train	UNSAT	0.2	8966	195254	195254	0	2	80	0.8328484947811569	3.6537125999979514	66.34409586226674	0	0	0	0	0.0	0.0	0	0	0	0.0	0	1	0.10379300808178066	0.8477009433865631	0.0	5989.0	0.0	0.0	1.0	76.0	1.0	0.0	0.2158420758582159	154.0	ok	0	0	0	0	0	0	31.68		0.1	2.3	circuit
7a206b67366c3049f214f360ff943f62-oddball_56_5_tto_zp.normalised	oddball	train	SAT	6.1	62258	22766345	3000000	1	2	4731	0.981637	4.6211096666666664	989.924661334318	0	0	0	0	0.0	0.0	2307	5	5	0.03779433968325356	0	1	0.9581033333333333	0.983307	82.0	68311.0	0.0	0.0	1.0	31.0	0.0	1.0	0.014863073670494324	104.0	ok	0	0	0	0	0	0	46.29		13.2	236.7	circuit
8f391f2bf8167f1b96467f3479b33dc5-oddball_20_5_ttf.normalised	oddball	train	UNSAT	0.2	11086	389661	389661	0	2	242	0.8878178724583676	3.689276063039411	237.96923099906937	0	0	0	0	0.0	0.0	0	0	0	0.0	0	1	0.11739948314047338	0.8945827270370912	0.0	6933.0	0.0	0.0	0.9306040268456376	62.0	1.0	0.0	0.17669443999359077	124.0	ok	1	0	0	0	1	0	31.08		0.3	4.3	circuit+sym
a1fdd60d2570f47fb14956ac9e96951f-oddball_22_5_ttf.normalised	oddball	val	UNSAT	0.4	12623	467452	467452	0	2	242	0.8919696567775943	3.7088342760326194	234.2671908213455	0	0	0	0	0.0	0.0	0	0	0	0.0	0	1	0.10884540016942916	0.899598247520601	3.0	7855.0	0.0	0.0	0.9566435269760077	50.0	1.0	0.0	0.16784962727823946	102.0	ok	1	0	0	0	1	0	29.45		0.4	5.7	circuit+sym
c569d4b2b2e90a1a70bd23a1169355ef-oddball_13_5_ttf.normalised	oddball	train	UNSAT	0.2	6201	177402	177402	0	2	242	0.867216829573511	3.4877115252364685	243.18422017459784	0	0	0	0	0.0	0.0	0	0	0	0.0	0	1	0.16848175330605067	0.8701142038984905	3.0	3376.0	0.0	0.0	0.9009874566319722	30.0	1.0	0.0	0.14949720670391062	66.0	ok	1	0	0	0	1	0	27.68		0.2	1.8	circuit+sym
cabfdc91f644200767df9d480d2cc53e-oddball_17_5_ttf.normalised	oddball	train	UNSAT	0.3	8620	287016	287016	0	2	242	0.8750383253895253	3.6536882961228643	239.17041885117587	0	0	0	0	0.0	0.0	0	0	0	0.0	0	1	0.1334211333166095	0.8807592608077598	3.0	4682.0	0.0	0.0	0.9183993723028638	33.0	1.0	0.0	0.15285240653938492	68.0	ok	1	0	0	0	1	0	25.29		0.2	3.2	circuit+sym
ddf9620410e6a4351f64c745670ef5d4-oddball_57_5_tto_zp.normalised	oddball	train	TIMEOUT	6.8	63706	23590384	3000000	1	2	4705	0.9813826666666666	4.6654556666666664	983.7858662606745	0	0	0	0	0.0	0.0	2287	5	5	0.036825416758233136	0	1	0.957121	0.982996	85.0	69905.0	0.0	0.0	1.0	30.0	0.0	1.0	0.014696612568450059	104.0	ok	0	0	0	0	0	0	45.46		13.2	214.2	circuit
efc1b7cc3861df8c2b68ca10399b794e-oddball_19_4_ttf.normalised	oddball	train	UNSAT	0.1	5322	105988	105988	0	2	80	0.8264237460844623	3.5725270785371928	65.28152702667316	0	0	0	0	0.0	0.0	0	0	0	0.0	0	1	0.1285051137864664	0.8445106993244518	6.0	3180.0	0.0	0.0	1.0	46.0	1.0	0.0	0.20954742715437075	96.0	ok	0	0	0	0	0	0	26.41		0.1	1.1	circuit
f1cd694d42891a20c96a65ee1c321edc-oddball_24_4_ttf.normalised	oddball	val	UNSAT	0.2	7932	166276	166276	0	2	80	0.8366691524934446	3.6437248911448434	67.09744269452507	0	0	0	0	0.0	0.0	0	0	0	0.0	0	1	0.1098294402078472	0.8502730400057735	0.0	5247.0	0.0	0.0	1.0	77.0	1.0	0.0	0.21094852558865038	154.0	ok	0	0	0	0	0	0	29.99		0.1	1.9	circuit
f406e2b8b28f205f16e8983bd522db13-oddball_112_5_ttf.normalised	oddball	train	SAT	2.6	184202	1201327	1201327	0	2	242	0.48739269158189236	19.60808422685913	200.31748173208808	0	0	0	0	0.0	0.0	0	0	0	0.0	0	1	0.20601052003326323	0.590545288668281	3.0	118495.0	0.0	0.0	1.0	1240.0	0.0	1.0	0.2835093248326119	2096.0	ok	0	0	0	0	0	0	34.83		4.0	25.2	circuit
fdefca5f5236d5a8361dbdff0d017eeb-oddball_29_4_ttf.normalised	oddball	train	UNSAT	0.2	10876	239878	239878	0	2	80	0.8418029164825453	3.648408774460351	67.0733604169447	0	0	0	0	0.0	0.0	0	0	0	0.0	0	1	0.09781638999824911	0.8614378975979456	6.0	7276.0	0.0	0.0	1.0	91.0	1.0	0.0	0.23136300056985962	184.0	ok	0	0	0	0	0	0	29.24		0.2	2.9	circuit
053e06424279f5cfec8bb14dfa9af23c-oisc-subrv-and-nested-15	oisc	train	TIMEOUT	69.7	12857629	44573856	3000000	1	3	3	0.305844	2.6941553333333332	2369.1837754738826	0	0	1110	3	0.00148	0.00018914840364424887	0	0	0	0.0	0	1	0.255619	0.471977	0.0	6848317.0	46974.0	5991566.0	1.0	0.0	0.0	1.0	0.42458914478502235	1204.0	too-big										34.0	xor+circuit
113e692e379518bc3277855277dcc1b8-oisc-subrv-sll-nested-8	oisc	val	UNSAT	23.1	3859779	13462874	3000000	1	3	3	0.292725	2.7072743333333333	2365.5125188684256	0	0	1781	3	0.002374666666666667	0.0010073115585115106	0	0	0	0.0	0	1	0.251733	0.49345533333333336	0.0	1971791.0	26910.0	1877913.0	1.0	0.0	0.0	1.0	0.42859872458546544	335024.0	ok	0	0	0	0	0	0	100.0		29.9	32.1	xor+circuit
5aed29ce52192a55ffbd2a6f340017e7-oisc-subrv-and-nested-12	oisc	train	TIMEOUT	46.2	8320254	28922190	3000000	1	3	3	0.30167	2.698329333333333	2401.673313108667	0	0	1271	3	0.0016946666666666666	0.0003336436603978677	0	0	0	0.0	0	1	0.254433	0.48285866666666666	0.0	4352151.0	38208.0	3953696.0	1.0	0.0	0.0	1.0	0.421460534493904	1062.0	ok	0	0	0	0	0	0	100.0		67.0	32.9	xor+circuit
d5b11b0b73eb4ecebdbf6ee8143da689-oisc-subrv-and-nested-11	oisc	train	TIMEOUT	39.7	7017468	24415251	3000000	1	3	3	0.2969773333333333	2.703022	2436.872726289124	0	0	1356	3	0.001808	0.0004219470612477321	0	0	0	0.0	0	1	0.2527203333333333	0.4809853333333333	0.0	3648502.0	35202.0	3355700.0	1.0	0.0	0.0	1.0	0.4205505270832727	1020.0	ok	0	0	0	0	0	0	100.0		56.9	31.8	xor+circuit
28eeb2beac7005a9afa98e4d3aaca621-oski15a01b40s_opt	oski	train	UNSAT	4.3	489124	1553818	1553818	0	2	9961	0.5808518114734158	2.507458402464124	309.102972068534	0	0	66979	3	0.17242431224248914	0.3661586836875721	139	3	3	0.0006828534277606497	68	4	0.12091441854837567	0.6869980911535328	132987.0	329326.0	197979.0	68497.0	1.0	69.0	0.0	1.0	0.6080436024064471	56462.0	ok	2906	56	0	0	1472	0	99.25		10.8	17.3	xor+circuit+xorgates+sym-rows
2c8eb0402be32cf281e23f00d5a16259-oski15a01b45s_opt	oski	train	UNSAT	4.3	488712	1552964	1552964	0	2	10020	0.580568512856705	2.507906171682022	309.6917132039667	0	0	67131	3	0.1729106405557373	0.3671528425739495	136	3	3.0	0.0006670595360866932	67	4	0.12122109720508653	0.6861112041232121	133066.0	328792.0	198414.0	68589.0	1.0	69.0	0.0	1.0	0.6100978333678769	56342.0	ok	2927	56	0	0	1467	0	99.25		10.9	17.4	xor+circuit+xorgates+sym-rows
35748015c5f16c9ee7e4d1894af497a0-oski15a01b39s_opt	oski	train	UNSAT	4.3	488195	1551752	1551752	0	2	10084	0.580800926952245	2.5080386556614718	310.4074765410381	0	0	67018	3	0.17275440920971907	0.36707258370118495	146	3	3.0	0.0007312651706797489	66	4	0.12050765844026623	0.6854864694873923	133031.0	328446.0	198074.0	68589.0	1.0	69.0	0.0	1.0	0.6085343479205296	56348.0	ok	2923	56	0	0	1469	0	99.24		10.8	17.2	xor+circuit+xorgates+sym-rows
3c129545f090ef08b6ef89a2903ff83e-oski15a01b09s_opt	oski	train	UNSAT	4.3	489104	1554450	1554450	0	2	9946	0.5799974267425778	2.5083521502782333	307.17793734151655	0	0	67501	3	0.17369744925858022	0.3690544342307566	138	3	3.0	0.0006808367954463673	68	4	0.12018463122004568	0.6878966837144971	132994.0	328991.0	199507.0	68660.0	1.0	69.0	0.0	1.0	0.6097127548139756	56324.0	ok	2926	56	0	0	1464	0	99.25		10.9	17.6	xor+circuit+xorgates+sym-rows
5314fd6ccb53b6f6af49a594ea68a273-oski15a01b15s_opt	oski	shared	UNSAT	4.3	488843	1553935	1553935	0	2	9881	0.580057080894632	2.5085045384781215	305.22346246321837	0	0	67496	3	0.1737421449417125	0.3692985273390434	141	3	3	0.0006975654760321821	67	4	0.11989111513673352	0.6868060761872279	132929.0	328845.0	199490.0	68657.0	1.0	69.0	0.0	1.0	0.6096262941985252	56306.0	ok	2964	52	0	0	1461	0	99.25		11.0	17.6	xor+circuit+xorgates+sym-rows
5911653e4edadec391654c8f06353f9a-oski15a01b06s_opt	oski	val	UNSAT	4.3	488590	1551330	1551330	0	2	10183	0.5804361418911514	2.5073930111581677	311.31051075797984	0	0	67010	3	0.17278077520579116	0.3670275691274893	139	3	3	0.0006917865695163634	64	4	0.12118891531782407	0.6860513237028872	133043.0	328800.0	198050.0	68595.0	1.0	69.0	0.0	1.0	0.6099744341566877	56304.0	ok	2908	60	0	0	1474	0	99.24		10.8	17.0	xor+circuit+xorgates+sym-rows
5c47810953b22baa5f6f45585430fc77-oski15a01b20s_opt	oski	train	UNSAT	4.3	488500	1550302	1550302	0	2	10060	0.5801785716589413	2.507205692826301	309.1709764638932	0	0	67035	3	0.17295984911326953	0.36705220061412486	142	3	3.0	0.0007001023541453429	69	4	0.12097642910865108	0.6851013544457789	132858.0	328863.0	198138.0	68537.0	1.0	69.0	0.0	1.0	0.6089617653773596	56452.0	ok	2945	48	0	0	1468	0	99.24		11.3	17.6	xor+circuit+xorgates+sym-rows
753ca299a6ab46e28ece1aefa38f4947-oski15a01b01s_opt	oski	train	UNSAT	4.3	489817	1556955	1556955	0	2	10668	0.5820206749713382	2.5070236455131973	310.85040579692185	0	0	66574	3	0.17103641402609582	0.3663490650589914	139	3	3	0.0006859704746874853	67	4	0.12043443773262553	0.6869748965127445	132825.0	330593.0	196754.0	68538.0	1.0	69.0	0.0	1.0	0.6107301602988112	56196.0	ok	2939	60	0	0	1466	0	99.24		11.0	17.6	xor+circuit+xorgates+sym-rows
d5928883c1e1f70764a31a83aa419eaf-oski15a01b42s_opt	oski	train	UNSAT	4.3	488231	1549790	1549790	0	2	9976	0.5801650546203034	2.507422295923964	309.09677803934227	0	0	67073	3	0.17311506720265327	0.36721961530505026	142	3	3.0	0.0007004880886301771	69	4	0.12071312887552507	0.6851192742242498	132787.0	328619.0	198250.0	68532.0	1.0	69.0	0.0	1.0	0.6092180317903069	56392.0	ok	2897	52	0	0	1472	0	99.24		10.5	16.6	xor+circuit+xorgates+sym-rows
d839601ab519549e507de27b868fa48b-oski15a01b19s_opt	oski	val	UNSAT	4.3	488743	1554026	1554026	0	2	10066	0.5809587484379283	2.508120198761153	306.3555610102984	0	0	67067	3	0.17262774239298442	0.36705385038762706	145	3	3	0.0007243070488989101	66	4	0.12016272572016169	0.6889807506438116	132869.0	329113.0	198212.0	68629.0	1.0	69.0	0.0	1.0	0.609672183673791	56044.0	ok	2949	56	0	0	1462	0	99.24		10.8	17.7	xor+circuit+xorgates+sym-rows
d99fd10afec0eea1a41a429936bfef59-oski15a01b02s_opt	oski	val	UNSAT	4.3	488489	1549059	1549059	0	2	10189	0.5798313685921582	2.5068360856494167	311.0223709225038	0	0	67035	3	0.17309863601063613	0.367347064109939	143	3	3	0.0007062595063553119	69	4	0.12092567164969184	0.6840927298443765	132756.0	328836.0	198147.0	68510.0	1.0	69.0	0.0	1.0	0.6086250175728494	56348.0	ok	2926	56	0	0	1469	0	99.15		10.8	17.4	xor+circuit+xorgates+sym-rows
f626408ec204fd8e1a7924d0e59672e9-oski15a01b41s_opt	oski	train	UNSAT	4.3	488448	1550959	1550959	0	2	9501	0.5785543009196246	2.50870525913322	306.80470735773565	0	0	67979	3	0.1753212044934779	0.3702993972746331	138	3	3.0	0.000681751179245283	68	4	0.12187685167693021	0.6860439250811917	132756.0	327909.0	200966.0	68558.0	1.0	69.0	0.0	1.0	0.6094295255656395	55984.0	ok	2952	60	0	0	1464	0	99.24		11.0	17.0	xor+circuit+xorgates+sym-rows
0c9bcbc815cf0f109b7aeef3fbffc42d-par32-2.shuffled-as.sat03-1534	parity	train	TIMEOUT	0.1	3176	10253	10253	0	3	3	0.299619623524822	2.672876231346923	17.87372120634737	0	1088	1536	3	0.599239247049644	0.8230478589420654	0	0	0	0.0	0	8	0.0014629864429922949	0.08748658929093923	303.0	308.0	3438.0	0.0	1.0	1089.0	1.0	0.0	0.07114949619576393	958.0	ok	0	0	0	0	0	0	72.02		0.1	0.1	xor-heavy+circuit+xorgates
b5431f41e3264c64508c30da215c69c6-mod2c-rand3bip-sat-250-3.shuffled-as.sat05-2535	parity	train	SAT	0.0	352	2492	2492	0	4	6	0.0	4.426966292134831	2.3617740127892413	0	0	0	0	0.0	0.0	0	0	0	0.0	0	0	0.0	0.0	0.0	0.0	0.0	0.0	0.0	0.0	1.0	0.0	0.12358916478555304	2.0	ok	102	0	0	0	0	0	104.09		0.1	0.0	sym
6f40bd5ac85e2a53b392d8f0369e7f1f-harder-fphp-016-015.sat05-1230.reshuffled-07	php	val	TIMEOUT	0.0	240	3496	3496	0	2	15	0.9954233409610984	2.059496567505721	0.0	0	0	0	0	0.0	0.0	15	16	16	1.0	0	4	0.06950800915331808	0.9562356979405034	0.0	240.0	0.0	0.0	0.5251641137855579	0.0	1.0	0.0	0.025196850393700787	0.0	ok	0	0	1	0	106	0	0.03	UNSAT	0.0	0.0	at-most-one+circuit+sym-rows+sym-decided
cb950b9accfb53eb98f77b0f995ac0ae-rphp5_050_shuffled	php	train	TIMEOUT	0.0	500	5705	5705	0	4	50	0.13146362839614373	3.7861524978089394	74.81851851851852	0	0	0	0	0.0	0.0	50	6	6.0	0.6	0	11	0.0014022787028921998	0.055740578439964945	0.0	0.0	0.0	0.0	0.0	0.0	1.0	0.0	0.0063006300630063005	0.0	ok	0	3	1	0	242	6155	0.02	UNSAT	0.0	0.0	at-most-one+sym-rows+sym-decided
e12874b16df577b301608d03731595d8-rphp5_085_shuffled	php	train	TIMEOUT	0.1	850	15645	15645	0	4	85	0.08149568552253116	3.868328539469479	133.91797752808986	0	0	0	0	0.0	0.0	85	6	6	0.6	0	10	0.0005113454777884309	0.030105465004793865	0.0	0.0	0.0	0.0	0.0	0.0	1.0	0.0	0.008057179987004549	0.0	ok	0	3	1	0	417	17880	0.01	UNSAT	0.1	0.1	at-most-one+sym-rows+sym-decided
e430acf720b63044e5c825a00a76b0eb-rphp_p25_r25	php	shared	TIMEOUT	0.0	1250	15375	15375	0	2	25	0.5284552845528455	3.011382113821138	175.86712742980563	0	0	0	0	0.0	0.0	25	26	26	0.52	0	1	0.5643577235772358	0.5643577235772358	0.0	0.0	0.0	0.0	0.0	0.0	1.0	0.0	0.0007734806629834254	0.0	ok	0	3	1	0	577	14400	0.01	UNSAT	0.1	0.1	at-most-one+sym-rows+sym-decided
07cea7a64248a60d509368d09d3057c2-pj2013_k9	pj	train	UNSAT	4.6	783192	2037492	2037492	0	2	3	0.6666666666666666	2.3333313701354412	406.1822605130434	0	0	0	0	0.0	0.0	0	0	0	0.0	0	1	0.1881676099832539	0.82828398835431	275256.0	588367.0	0.0	0.0	1.0	0.0	0.0	1.0	0.741450848879002	550514.0	ok	1286	0	0	0	1222	50885	99.76		7.4	23.5	circuit+sym
0d8779c22e2caa8d676723701e5a0347-pj2016_k100	pj	val	SAT	51.8	8826991	23073523	3000000	1	2	3	0.6666346666666667	2.3333646666666668	7360.585259638277	0	0	0	0	0.0	0.0	0	0	0	0.0	0	1	0.19550766666666666	0.804579	3375009.0	6694917.0	0.0	0.0	1.0	0.0	0.0	1.0	0.8296085106621499	6750020.0	ok	1124	0	0	0	1092	566679	100.0		48.7	35.5	circuit+sym
0dd928240a9559ab7e50d088e3f168ac-pj2002_k500	pj	val	NONE_rc-6	267.1	44870622	116969319	3000000	1	2	3	0.6661746666666667	2.3338246666666667	143005.28594985112	0	0	0	0	0.0	0.0	0	0	0	0.0	0	3	0.499858	0.6663163333333333											too-big										35.4	unrolled
5ceb95f5960efe1f23c3014847dea118-pj2009_k80	pj	train	SAT	19.1	3107244	8545762	3000000	1	2	3	0.666482	2.3335173333333334	399.485279162151	0	0	0	0	0.0	0.0	0	0	0	0.0	0	1	0.276523	0.8576226666666666	1312822.0	2620644.0	0.0	0.0	1.0	0.0	0.0	1.0	0.801196010868626	2625646.0	ok	336	0	0	0	304	128694	100.0		18.1	34.2	circuit+sym
a28f59752c160af22b6d04cb89ddf802-pj2008_k200	pj	train	SAT	51.8	8587178	23110774	3000000	1	2	3	0.6661586666666667	2.3338406666666667	4423.017806693447	0	0	0	0	0.0	0.0	0	0	0	0.0	0	1	0.25186933333333333	0.8212506666666667	3489664.0	6906976.0	0.0	0.0	1.0	0.0	0.0	1.0	0.7939057129627075	6979330.0	ok	454	0	0	0	422	441186	100.0		47.7	34.5	circuit+sym
ac3887576c2ce781202b9fe0fdc31420-pj2008_k80	pj	train	SAT	20.6	3420218	9206854	3000000	1	2	3	0.6664483333333333	2.333551	717.0934148106465	0	0	0	0	0.0	0.0	0	0	0	0.0	0	1	0.26545366666666664	0.8438616666666666	1385344.0	2752696.0	0.0	0.0	1.0	0.0	0.0	1.0	0.7952670187022198	2770690.0	ok	454	0	0	0	422	175146	100.0		18.9	34.2	circuit+sym
16c999d046885c8e51f196e60c34d966-aaai10-planning-ipc5-pathways-17-step20	planning	train	UNSAT	0.5	50277	283903	283903	0	2	61	0.8748586665163806	2.2414063958464685	7.9052904898320735	0	2476	0	0	0.0	0.0	9982	4	3.0	0.3301310738508662	3732	1	0.4792235376167212	0.8906527933836557	3240.0	16994.0	0.0	0.0	0.2649351459216762	1451.0	0.0	1.0	0.0876181469401353	4596.0	ok	0	0	0	0	0	0	98.66		0.4	2.9	exactly-one
2e058841373f34cc47d8dec927fd1796-blocks-blocks-36-0.150-NOTKNOWN	planning	train	SAT	16.3	611755	10974540	3000000	1	2	1334	0.9601916666666667	2.1839956666666667	145.86125810087128	0	0	0	0	0.0	0.0	2981	38	37	0.09337561605544703	0	1	0.599333	0.997956	0.0	150975.0	0.0	0.0	0.328921568627451	2839.0	0.0	1.0	0.9233761812744851	7986.0	ok	0	0	0	0	0	0	73.96		9.1	30.7	circuit
04648cef5bed430ab6429991fa9e107d-ramsey_3_6_19.normalised	ramsey	train	TIMEOUT	0.1	171	28101	28101	0	15	15	0.0	14.586206896551724	0.0	0	0	0	0	0.0	0.0	0	0	0	0.0	0	81	0.000711718444183481	0.013593822283904487	0.0	0.0	0.0	0.0	0.0	0.0	1.0	0.0	0.0	0.0	ok	4	0	0	1	12	0	99.35		0.5	0.4	sym-rows
1b84df53843ecd90ec8c3c7a01cada6c-ramsey_4_4_18.normalised	ramsey	train	TIMEOUT	0.0	153	6120	6120	0	6	6	0.0	6.0	0.0	0	0	0	0	0.0	0.0	0	0	0	0.0	0	0	0.0	0.0	0.0	0.0	0.0	0.0	0.0	0.0	1.0	0.0	0.0	0.0	ok	9	0	0	0	9	0	83.48		0.1	0.1	sym
526caead2f3c84c2918a2fc775dc3e97-ramsey_3_7_23.normalised	ramsey	val	TIMEOUT	0.7	253	246928	246928	0	21	21	0.0	20.87090163934426	0.0	0	0	0	0	0.0	0.0	0	0	0	0.0	0	42	0.00012959243180198278	0.002948227823495108	0.0	0.0	0.0	0.0	0.0	0.0	0.0	0.0	8.099526987623923e-06	0.0	ok	6	0	0	1	15	0	99.88		13.7	3.3	sym-rows
847c8843ee292b9b31f0c346574af260-ramsey_4_4_19.normalised	ramsey	train	TIMEOUT	0.0	171	7752	7752	0	6	6	0.0	6.0	0.0	0	0	0	0	0.0	0.0	0	0	0	0.0	0	0	0.0	0.0	0.0	0.0	0.0	0.0	0.0	0.0	1.0	0.0	0.0	0.0	ok	11	0	0	0	9	0	85.15		0.1	0.1	sym
9118e76885506476cd50cef8b2ec5def-ramsey_3_6_18.normalised	ramsey	train	TIMEOUT	0.0	153	19380	19380	0	15	15	0.0	14.494736842105263	0.0	0	0	0	0	0.0	0.0	0	0	0	0.0	0	51	0.0010319917440660474	0.015995872033023734	0.0	0.0	0.0	0.0	0.0	0.0	1.0	0.0	0.0	0.0	ok	4	0	0	1	10	0	99.27		0.3	0.2	sym-rows
99bd0555ca704df05fcaf6f9b84c7eef-ramsey_3_7_24.normalised	ramsey	val	TIMEOUT	0.9	276	348128	348128	0	21	21	0.0	20.8953488372093	0.0	0	0	0	0	0.0	0.0	0	0	0	0.0	0	42	9.192021325489476e-05	0.0023755630113061863	0.0	0.0	0.0	0.0	0.0	0.0	0.0	0.0	5.745013328430922e-06	0.0	ok	6	0	0	1	15	0	99.91		15.7	4.7	sym-rows
780b0c9b5aed38a127f61c6aae7287aa-rbsat-v1375c111739gyes10	rbsat	train	SAT	0.2	1375	111739	111739	0	2	25	0.9995077815265933	2.011321024888356	7.994403550236977	0	0	0	0	0.0	0.0	55	25	25	1.0	55	1	0.5656395707854912	0.999454084965858	0.0	1375.0	0.0	0.0	0.1886663007683864	0.0	1.0	0.0	0.022975950943757786	0.0	ok	0	0	0	0	0	0	95.59		0.1	0.9	exactly-one
a8608545f9ae0462c7426e71a0e3e634-rbsat-v945c61409g3	rbsat	train	TIMEOUT	0.1	945	61409	61409	0	2	21	0.9992672083896498	2.013923040596655	3.4141829642318835	0	0	0	0	0.0	0.0	45	21	21	1.0	45	1	0.5679297822794704	0.9991043658095718	0.0	945.0	0.0	0.0	0.21724137931034482	0.0	1.0	0.0	0.022184416468186457	0.0	ok	0	0	0	0	0	0	95.31		0.1	0.5	exactly-one
27570c6780aaade3dc771c6a12534fb8-reconf10_22_queen20_3_8667	reconf	train	SAT	0.9	120036	704717	704717	0	3	400	0.498986117831697	2.6525371177366233	90.9916021945121	0	8800	84000	3	0.47678713582899235	0.7697690692792163	988	20	20.0	0.07627711686494051	0	1	0.9749771894249748	0.9996126104521389	0.0	15168.0	227088.0	0.0	1.0	17072.0	0.0	1.0	0.47344927793710817	16004.0	ok	0	0	0	0	0	0	95.21		1.1	6.2	xor+circuit+xorgates
8733dfd02c923d69720500c9ec8ce36a-reconf10_70_queen14_2	reconf	train	SAT	3.3	519984	2303783	2303783	0	3	196	0.18878427351881666	3.0247536334802367	193.1420602977865	0	13720	459816	3	0.7983668600731927	0.9102972399150743	2411	14	14	0.030254777070063694	0	1	0.986714026451276	0.9988918227107327	0.0	26164.0	1329417.0	0.0	1.0	30296.0	0.0	1.0	0.18360341770902913	27088.0	ok	0	0	0	0	0	0	98.55		5.7	20.0	xor-heavy+circuit+xorgates
95abe8aeebbe88fcb0503b13109593b3-reconf10_68_queen14_1	reconf	val	SAT	3.1	491780	2184406	2184406	0	3	196	0.19332761400582127	3.0194222136361097	188.211620485278	0	13328	433356	3	0.7935447897506233	0.9079019073569482	2341	14	14	0.03106267029972752	0	1	0.9864246847884505	0.9988958096617571	0.0	25254.0	1239231.0	0.0	1.0	33379.0	0.0	1.0	0.18812369298962536	26698.0	ok	0	0	0	0	0	0	98.51		5.4	18.4	xor-heavy+circuit+xorgates
c033577c6f5f9a1545537518af964305-reconf10_73_queen13_2	reconf	train	SAT	3.3	486684	2127035	2127035	0	3	169	0.17492471915130686	3.0410924126777417	197.69971124906695	0	12337	431964	3	0.812330779700381	0.912567497595976	2379	13	13	0.029735927213551297	0	1	0.986696504758972	0.9986967774390172	0.0	23572.0	1250658.0	0.0	1.0	27326.0	0.0	1.0	0.17076147576781983	26450.0	ok	0	0	0	0	0	0	98.61		5.3	17.3	xor-heavy+circuit+xorgates
46355da785714f239393e7630020cae3-REGRandom-K4-L1-Seed40.sanitized	regrandom	train	UNSAT	0.5	4608	825728	825728	0	3	514	0.15377460858781583	3.690900635560378	1062.886037612581	0	0	0	0	0.0	0.0	0	0	0	0.0	0	12	0.00443124128042164	0.23123958494807006	0.0	0.0	0.0	0.0	0.0	0.0	1.0	0.0	0.07524236724063088	0.0	ok	245	0	0	0	16	0	100.06		14.2	9.3	sym
82851650dea77d44864b3fd8ae387691-REGRandom-K3-L3-Seed30.sanitized	regrandom	train	UNSAT	0.4	4608	474496	474496	0	3	514	0.27191799298624225	3.4577825735095766	559.1806747455835	0	0	0	0	0.0	0.0	0	0	0	0.0	0	4	0.007249797680064742	0.306200684515781	0.0	0.0	0.0	0.0	0.0	0.0	1.0	0.0	0.08800955142418557	0.0	ok	278	0	0	0	45	0	100.0		14.0	5.4	sym
12820b981e6b199a1b1a8c896386a337-RoundRobin_n16_d14	roundrobin	train	TIMEOUT	0.0	1680	34560	34560	0	2	14	0.9965277777777778	2.0416666666666665	0.0	0	0	0	0	0.0	0.0	210	15	15.0	1.0	0	1	0.9930555555555556	1.0	0.0	1680.0	0.0	0.0	0.40905770635500366	0.0	1.0	0.0	0.10099703173757515	0.0	ok	9	1	0	0	105	0	0.0	UNSAT	0.2	0.2	at-most-one+circuit+sym-rows+sym-decided
35ec95b9b2398fb522db178855016ae0-MVRoundRobin_n14_d10_v2	roundrobin	train	TIMEOUT	0.1	3640	127491	127491	0	2	20	0.9992862241256245	2.012847965738758	0.0	0	0	0	0	0.0	0.0	20	91	91.0	0.5	0	1	0.8137044967880086	0.9992862241256245	0.0	0.0	0.0	0.0	0.0	0.0	1.0	0.0	0.03575154101469891	0.0	ok	42	4	0	0	150	16380	0.0	UNSAT	1.1	1.1	at-most-one+sym-rows+sym-decided
3a1f1b4b9a521737cc760017fe9d8b43-MVRoundRobin_n16_d10_v3	roundrobin	train	TIMEOUT	0.1	7200	372720	372720	0	2	30	0.9996780424983902	2.009014810045074	0.0	0	0	0	0	0.0	0.0	30	120	120.0	0.5	0	1	0.903090792015454	0.9996780424983902	0.0	0.0	0.0	0.0	0.0	0.0	1.0	0.0	0.03537230241532085	0.0	ok	65	4	0	0	224	48600	0.0	UNSAT	3.4	3.7	at-most-one+sym-rows+sym-decided
53e347648553a2f2223614d3b4a07a4b-RoundRobin_n17_d15	roundrobin	val	TIMEOUT	0.0	2040	45016	45016	0	2	15	0.9969788519637462	2.039274924471299	0.0	0	0	0	0	0.0	0.0	240	16	16.0	1.0	0	1	0.9939577039274925	1.0	0.0	2040.0	0.0	0.0	0.42464612822647796	0.0	1.0	0.0	0.12406947890818859	0.0	ok	9	1	0	0	120	0	0.0	UNSAT	0.3	0.3	at-most-one+circuit+sym-rows+sym-decided
6cb995b1c550beb579c53e27f6ca881a-RoundRobin_n16_d13	roundrobin	train	TIMEOUT	0.0	1560	31320	31320	0	2	13	0.9961685823754789	2.0421455938697317	0.0	0	0	0	0	0.0	0.0	195	15	15	1.0	0	1	0.9923371647509579	1.0	0.0	1560.0	0.0	0.0	0.41633306645316254	0.0	1.0	0.0	0.11464497041420119	0.0	ok	9	1	0	0	92	0	0.0	UNSAT	0.2	0.2	at-most-one+circuit+sym-rows+sym-decided
6f6a20cd654701b5e7fe9e9e0e5e7787-RoundRobin_n18_d15	roundrobin	train	TIMEOUT	0.0	2295	52938	52938	0	2	15	0.9971098265895953	2.03757225433526	0.0	0	0	0	0	0.0	0.0	255	17	17	1.0	0	1	0.9942196531791907	1.0	0.0	2295.0	0.0	0.0	0.4322033898305085	0.0	1.0	0.0	0.12136508284867771	0.0	ok	9	1	0	0	121	0	0.0	UNSAT	0.3	0.4	at-most-one+circuit+sym-rows+sym-decided
78e8f5b0d59512cc4910fd63b4acb7fa-RoundRobin_n17_d14	roundrobin	val	TIMEOUT	0.0	1904	41072	41072	0	2	14	0.9966887417218543	2.0397350993377485	0.0	0	0	0	0	0.0	0.0	224	16	16.0	1.0	0	1	0.9933774834437086	1.0	0.0	1904.0	0.0	0.0	0.4188297404311483	0.0	1.0	0.0	0.11325911605892941	0.0	ok	9	1	0	0	106	0	0.0	UNSAT	0.2	0.3	at-most-one+circuit+sym-rows+sym-decided
822cf4daaa4e1d16ad53d088ff567f32-RoundRobin_n15_d13	roundrobin	train	TIMEOUT	0.0	1365	26040	26040	0	2	13	0.9959677419354839	2.0443548387096775	0.0	0	0	0	0	0.0	0.0	182	14	14.0	1.0	0	1	0.9919354838709677	1.0	0.0	1365.0	0.0	0.0	0.40625	0.0	1.0	0.0	0.10739969719909159	0.0	ok	9	1	0	0	91	0	0.0	UNSAT	0.1	0.2	at-most-one+circuit+sym-rows+sym-decided
908433870bee8ba2c86f266d0b002fdb-MVRoundRobin_n20_d10_v2	roundrobin	train	TIMEOUT	0.2	7600	499890	499890	0	2	20	0.999619916381604	2.006841505131129	0.0	0	0	0	0	0.0	0.0	20	190	190.0	0.5	0	1	0.855188141391106	0.999619916381604	0.0	0.0	0.0	0.0	0.0	0.0	1.0	0.0	0.05867524339360222	0.0	ok	55	4	0	0	180	34200	0.0	UNSAT	4.7	5.8	at-most-one+sym-rows+sym-decided
a09eb02bbaa7a0ae171123a782c2164d-RoundRobin_n18_d16	roundrobin	train	TIMEOUT	0.1	2448	57681	57681	0	2	16	0.9973474801061007	2.037135278514589	0.0	0	0	0	0	0.0	0.0	272	17	17.0	1.0	0	1	0.9946949602122016	1.0	0.0	2448.0	0.0	0.0	0.4358974358974359	0.0	1.0	0.0	0.1437371663244353	0.0	ok	9	1	0	0	136	0	0.0	UNSAT	0.3	0.4	at-most-one+circuit+sym-rows+sym-decided
c05d4d3ecd06a2e3942fea09159dd27b-MVRoundRobin_n16_d10_v2	roundrobin	train	TIMEOUT	0.1	4800	212520	212520	0	2	20	0.9994353472614342	2.010163749294184	0.0	0	0	0	0	0.0	0.0	20	120	120.0	0.5	0	1	0.8300395256916996	0.9994353472614342	0.0	0.0	0.0	0.0	0.0	0.0	1.0	0.0	0.045435363623575746	0.0	ok	44	4	0	0	160	21600	0.0	UNSAT	2.0	1.8	at-most-one+sym-rows+sym-decided
cb66276897e4d1ff1368a4430598e11c-RoundRobin_n17_d13	roundrobin	val	TIMEOUT	0.0	1768	37264	37264	0	2	13	0.9963503649635036	2.04014598540146	0.0	0	0	0	0	0.0	0.0	208	16	16.0	1.0	0	1	0.9927007299270073	1.0	0.0	1768.0	0.0	0.0	0.4262295081967213	0.0	1.0	0.0	0.12519809825673534	0.0	ok	9	1	0	0	93	0	0.0	UNSAT	0.2	0.3	at-most-one+circuit+sym-rows+sym-decided
b27017cae233481c679e3c3be6f00af8-SAT_dat.k100-24_1_rule_2	sat-dat	train	UNSAT	17.6	1621756	6356692	3000000	1	2	23	0.7178086666666667	2.537050333333333	50.721438002659326	0	0	45713	3	0.06095066666666667	0.0561477805539181	48744	3	3.0	0.04670986264271567	5495	15562	0.9917566666666666	0.995007	595578.0	1239553.0	225894.0	73152.0	1.0	102305.0	0.0	1.0	0.6110581637181466	858848.0	ok	11168	0	0	0	39	0	85.06		11.6	33.1	xor+unrolled+circuit+xorgates+sym
d07b717548b8c9c1477dd7f4a650bdf7-544707209399nc.shuffled-as.sat03-1670	sat03-nw	train	SAT	0.1	4404	17442	17442	0	3	3	0.0	2.9933493865382412	11.356551887064066	0	0	2144	3	0.49168673317280126	0.9866030881017257	0	0	0	0.0	0	232	0.00022933149868134388	0.00355463822956083	1.0	63.0	6261.0	2772.0	1.0	73.0	1.0	0.0	0.16479066575154427	296.0	ok	0	0	0	0	0	0	99.01		0.1	0.1	xor+circuit+xorgates
e318e2ac78b473091c3c2197afd7fc98-544707209399nw.shuffled-as.sat03-1671	sat03-nw	train	SAT	0.1	4551	18031	18031	0	3	3	0.0	2.9934557151572294	10.985564420485284	0	0	2217	3	0.49181964394653654	0.98681608437706	0	0	0	0.0	0	357	0.00033276024624258224	0.0043813432421939994	2.0	63.0	6480.0	2918.0	1.0	70.0	1.0	0.0	0.1646105555150011	306.0	ok	0	0	0	0	0	0	99.02		0.1	0.1	xor+circuit+xorgates
e4ac15cf2373fe0a3601065225178916-2013113162201nw.shuffled-as.sat03-1668	sat03-nw	train	SAT	0.1	5029	19934	19934	0	3	3	0.0	2.9937794722584528	11.64899523645593	0	0	2453	3	0.4922243403230661	0.9874726585802346	0	0	0	0.0	0	14	0.00030099327781679544	0.0032105949633791514	1.0	60.0	7179.0	3230.0	1.0	76.0	1.0	0.0	0.16276900111954223	350.0	ok	0	0	0	0	0	0	99.07		0.0	0.2	xor+circuit+xorgates
0ccb0f855352783a972be45188bf3164-SCPC-500-12	scpc	train	UNSAT	0.1	500	15436	15436	0	2	36	0.8056491318994559	5.643236589790101	7.0802699835837855	0	0	0	0	0.0	0.0	264	5	4.0	1.0	0	1	0.152500647836227	0.8051308629178544	0.0	0.0	0.0	0.0	0.0	0.0	1.0	0.0	0.012981503478703547	0.0	ok	0	0	0	0	0	0	100.0		0.0	0.3	at-most-one
663bb5659e42c2c75f74354f48895302-SCPC-500-13	scpc	train	UNSAT	0.1	500	15618	15618	0	2	35	0.8079139454475605	5.48661800486618	7.8162656085891005	0	0	0	0	0.0	0.0	267	5	4	1.0	0	1	0.15053143808426175	0.8069535151747983	0.0	0.0	0.0	0.0	0.0	0.0	1.0	0.0	0.012632642748863061	0.0	ok	0	0	0	0	0	0	100.0		0.0	0.1	at-most-one
75cc1f02ed4b8c06553ef579b163e1be-SCPC-500-14	scpc	train	UNSAT	0.1	500	15585	15585	0	2	37	0.8075072184793071	5.531600898299647	7.315831110080038	0	0	0	0	0.0	0.0	254	5	4.0	1.0	0	1	0.15110683349374399	0.8069297401347449	0.0	0.0	0.0	0.0	0.0	0.0	1.0	0.0	0.01366742596810934	0.0	ok	0	0	0	0	0	0	100.0		0.0	0.1	at-most-one
918d9e7c2e197312517736421d728958-SCPC-500-1	scpc	train	UNSAT	0.1	500	15462	15462	0	2	37	0.805975941016686	5.498577156900789	7.586895611569178	0	0	0	0	0.0	0.0	260	5	4.0	1.0	0	1	0.15670676497218988	0.8053938688397362	0.0	0.0	0.0	0.0	0.0	0.0	1.0	0.0	0.014165747730935619	0.0	ok	0	0	0	0	0	0	100.0		0.0	0.1	at-most-one
965bc4f6691b2e5f7388aaa9ba68f768-SCPC-500-5	scpc	val	UNSAT	0.1	500	15530	15530	0	2	37	0.8068254990341275	5.524919510624597	7.725153166592852	0	0	0	0	0.0	0.0	272	6	4.0	1.0	0	1	0.15331616226658082	0.8063747585318738	0.0	0.0	0.0	0.0	0.0	0.0	1.0	0.0	0.014699670524626172	0.0	ok	0	0	0	0	0	0	100.0		0.0	0.2	at-most-one
5c29ccca91235475f762f4b106f804f2-SGI_30_60_20_50_3-dir.shuffled-as.sat03-114	sgi	val	UNSAT	0.2	600	49070	49070	0	2	30	0.9995924189932749	2.011412268188302	8.311550151975684	0	0	0	0	0.0	0.0	73	31	26	1.0	17	2	0.1404320358671286	0.9983696759730997	0.0	600.0	0.0	0.0	0.24600246002460024	0.0	1.0	0.0	0.011474778590681555	0.0	ok	0	0	0	0	0	0	100.0		0.0	0.6	exactly-one
21b173943af57eefaac5e88bfa2662ad-shuffling-1-s1769330284-of-bench-sat04-422.used-as.sat04-561	shuffling-sat04	train	UNSAT	0.1	3084	26019	26019	0	2	24	0.9165609746723549	2.2243360621084594	9.122633941502578	0	0	0	0	0.0	0.0	2245	23	3	0.9993514915693904	0	10	0.0030746761981628808	0.8080633383296821	0.0	2794.0	0.0	0.0	0.7713970182219768	24.0	1.0	0.0	0.055506180819261536	46.0	ok	11	0	0	0	11	0	90.83		0.2	0.3	at-most-one+circuit+sym
84282cd481f7614f444951064c707030-simon-r20-1.sanitized	simon	train	SAT	0.0	3328	11072	11072	0	3	3	0.23699421965317918	2.739884393063584	3.179974034404414	0	672	1920	3	0.6936416184971098	0.9903846153846154	0	0	0	0.0	0	1	0.993768063583815	1.0											ok	0	0	0	0	0	0	89.6		0.0	0.1	xor-heavy
8af30680e9329ae30c2cdbece636c470-simon-r23-0.sanitized	simon	val	SAT	0.0	3808	12704	12704	0	3	3	0.2367758186397985	2.743073047858942	3.677940597726695	0	768	2208	3	0.6952141057934509	0.9915966386554622	0	0	0	0.0	0	1	0.9936240554156172	1.0											ok	0	0	0	0	0	0	90.93		0.0	0.1	xor-heavy
9f38c92ba81c754103444edc15c1f44b-simon-r21-1.sanitized	simon	train	SAT	0.0	3488	11616	11616	0	3	3	0.2369146005509642	2.7410468319559227	3.3509566179521464	0	704	2016	3	0.6942148760330579	0.9908256880733946	0	0	0	0.0	0	1	0.993887741046832	1.0											ok	0	0	0	0	0	0	90.08		0.0	0.1	xor-heavy
f33a6163305d6559043b7438a692dea9-simon-r17-1.sanitized	simon	train	SAT	0.0	2848	9440	9440	0	3	3	0.23728813559322035	2.7355932203389832	2.705818470406416	0	576	1632	3	0.6915254237288135	0.9887640449438202	0	0	0	0.0	0	1	0.99375	1.0											ok	0	0	0	0	0	0	87.8		0.0	0.1	xor-heavy
0ae917c2e0c1d39cbe411c29b2f5ff08-dislog_a14_x14_n24	singletons	train	SAT	0.3	22151	120226	120226	0	3	12	0.08531432468850332	3.340142731189593	25.914466850887496	0	884	10036	4	0.548999384492539	0.9596406482777301	26	4	3.5	0.004108166674190781	0	2	0.3004924059687588	0.6941260625821369	31.0	891.0	27385.0	288.0	1.0	3724.0	1.0	0.0	0.29872251127673155	1828.0	ok	0	0	0	0	0	858	86.49		0.2	1.1	xor-heavy+unrolled+circuit+xorgates
207ebdf62e5ce54c8b4ddeeb17843a56-hhyp_cec_multi_2	singletons	train	TIMEOUT	2.9	194668	885166	885166	0	3	5	0.21197718845956579	3.0174249801732103	173.57576405843554	0	0	38349	5	0.19272769175499285	0.42483099430825816	4	3	3.0	6.164341340127807e-05	1	2	0.03202111242411028	0.5205419096531047	13504.0	74460.0	117144.0	14012.0	1.0	11.0	0.0	1.0	0.6582280362037708	4744.0	ok	0	0	0	0	0	0	100.0		1.9	9.9	xor+circuit+xorgates
24075575c3dbd9e9eae948dd2241b029-UR-15-10p0	singletons	val	UNSAT	1.2	199290	1005792	1005792	0	2	10	0.7525164248671694	2.3791032340682765	10.277911257212017	0	1358	0	0	0.0	0.0	43127	8	3	0.5802047267800693	6785	600	0.8393355683878972	0.9064528252362317	2401.0	65606.0	0.0	0.0	0.4527486784536182	5985.0	0.0	1.0	0.23260827581273918	7030.0	ok	0	0	0	0	0	0	71.0		1.7	10.0	exactly-one+unrolled+circuit
3f67f6767764855e516e5394be1145e5-gto_p60c238-sc2018	singletons	val	UNSAT	0.0	1043	3649	3649	0	2	13	0.7613044669772541	2.3954508084406685	5.597058549634891	0	232	0	0	0.0	0.0	0	0	0	0.0	0	1	0.1331871745683749	0.7733625650863251	0.0	223.0	0.0	0.0	0.851145038167939	446.0	1.0	0.0	0.18307905686546463	426.0	ok	1	0	0	0	0	0	75.06		0.0	0.0	circuit+sym
4c7e09f077026b9ee3900bfed6825fbb-Ptn-7824-b19	singletons	train	TIMEOUT	0.1	3687	13621	13621	0	3	3	0.06423904265472433	2.9357609573452756	6.995378326001191	0	0	0	0	0.0	0.0	0	0	0	0.0	0	3	0.024814624476910654	0.10564569414874092	0.0	0.0	0.0	0.0	0.0	0.0	1.0	0.0	0.043998824739239016	0.0	ok	0	0	0	0	0	0	100.0		0.0	0.1	plain
53c21f3e78f060883026b5a12ba691d8-maximum_constrained_partition_14_bits_n200	singletons	val	SAT	0.2	30252	123402	123402	0	3	200	0.1830602421354597	3.0233626683522146	1.50522347590049	0	6213	12082	4	0.47383348730166447	0.8882387941293137	0	0	0	0.0	0	2	0.6441953939158198	0.6922740312150533	339.0	10713.0	38782.0	8977.0	1.0	6161.0	1.0	0.0	0.6505911133622873	1012.0	ok	0	0	0	0	0	0	99.74		0.2	1.0	xor+unrolled+circuit+xorgates
59fc779feee4390b57502814d424e0d6-jgiraldezlevy.2200.9086.08.40.149-sr2015	singletons	train	SAT	0.1	2200	9086	9086	0	3	3	0.0	3.0	0.9593286374642307	1	0	0	0	0.0	0.0	0	0	0	0.0	0	221	0.002201188641866608	0.4305524983491085	0.0	0.0	0.0	0.0	0.0	0.0	1.0	0.0	0.02740479859123927	0.0	ok	0	0	0	0	0	0	99.33		0.0	0.1	random
6147e666b75f603a4c4490d21ab654cd-hid-uns-enc-6-1-0-0-0-0-14492	singletons	train	UNSAT	0.0	1908	6232	6232	0	2	36	0.5892169448010269	4.2625160462130935	3.0144752264772836	0	0	0	0	0.0	0.0	648	4	4.0	1.0	0	1	0.5430038510911425	0.9403080872913993	0.0	0.0	0.0	0.0	0.0	0.0	1.0	0.0	0.27875207679527414	0.0	ok	0	0	0	0	0	0	88.16		0.0	0.1	at-most-one
6ef090a10c10352090100af7b6654c31-summle_X8638_steps7_I1-2-2-4-4-8-25-100	singletons	val	SAT	0.4	93724	198976	198976	0	3	65	0.33844282727565134	2.8494441540688324	34.48710231561487	0	8686	8461	3	0.1700908652299775	0.1593188510947036	0	0	0	0.0	0	1	0.26226278546156323	0.8563042779028627	3628.0	7638.0	18970.0	2047.0	1.0	10391.0	0.0	1.0	0.5717801092110711	7464.0	ok	60297	0	0	0	12	0	85.51		2.2	1.8	xor+circuit+xorgates+sym
9a839badecb20dcf505ec79eedd3753a-anbul-dated-5-15-u	singletons	train	UNSAT	1.2	151952	697321	697321	0	2	10	0.7904293718387945	2.2962050476036144	3.5571152506808352	0	34980	0	0	0.0	0.0	38180	8	5.0	0.7541855322733495	28640	1	0.3608166110012462	0.7842772553816678	1803.0	75712.0	0.0	0.0	1.0	36902.0	0.0	1.0	0.2643862219345167	11006.0	ok	0	0	0	0	0	0	75.23		1.0	7.1	exactly-one+circuit
b628043a07c5576dd6cd21c9d73a69e0-fixedbandwidth-eq-37_shuffled	singletons	train	UNSAT	0.0	149	606	606	0	3	4	0.0	3.0165016501650164	0.09915850381096442	0	0	0	0	0.0	0.0	0	0	0	0.0	0	51	0.006600660066006601	0.006600660066006601	0.0	0.0	0.0	0.0	0.0	0.0	1.0	0.0	0.0	0.0	ok	1	0	0	0	1	0	99.01		0.0	0.0	sym
d35dfc38e1681b48ebceb4113d205a23-16_2	singletons	train	TIMEOUT	0.0	2688	8896	8896	0	3	3	0.23741007194244604	2.7338129496402876	2.536591478696742	0	544	1536	3	0.6906474820143885	0.9880952380952381	0	0	0	0.0	0	1	0.9867356115107914	0.9965152877697842	192.0	448.0	3840.0	0.0	1.0	640.0	1.0	0.0	0.01898521505376344	960.0	ok	0	0	0	0	0	0	87.05		0.0	0.1	xor-heavy+circuit+xorgates
f4ca5fca83e870d2ed56f2b00b074ed4-TT7F-33-24B	singletons	train	TIMEOUT	10.7	5984	575394	575394	0	31	35	0.008634083775638953	30.99402496376396	2001.1425874445902	0	0	0	0	0.0	0.0	0	0	0	0.0	0	1	0.005017431533870704	0.0067553711022360335	0.0	0.0	0.0	0.0	0.0	0.0	0.0	0.0	0.00023983566043441536	0.0	ok	8	0	0	0	6	0	99.98		28.5	12.8	sym
65f7145996bbec02b90bd0fa64a20502-test_v7_r12_vr10_c1_s18160.smt2-stp212	smt2	train	TIMEOUT	3.8	314295	1258524	1258524	0	3	5	0.19434035425625573	3.001955465291087	24.532568763913275	0	1894	69532	3	0.22099538824845613	0.43254267487551507	20	3	3.0	0.00019090345057986923	20	3	0.04784096290575309	0.5203238078892417	13837.0	85021.0	205759.0	129565.0	1.0	2702.0	0.0	1.0	0.7704931023834072	7104.0	ok	2298	15	0	0	0	0	99.14		2.9	13.5	xor+circuit+xorgates+sym-rows
d421913def55cb5f7302ffe9918cc153-snw_16_8_preOpt_pre	snw	val	UNSAT	3.6	60746	2435854	2435854	0	3	16	0.14985627217394804	3.0359389355848094	1231.101877952698	0	0	0	0	0.0	0.0	31722	16	12.0	0.40805978994501696	76	1	0.3583486530801928	0.7094661666914356	0.0	1536.0	0.0	0.0	0.023120691212331037	0.0	0.0	1.0	0.0038782918179128237	58.0	ok	0	0	0	0	0	0	98.87		4.9	26.4	exactly-one
1a92907cdec0528583a8f49a818b406d-BubbleVsPancakeSort_8_4	sort-equivalence	train	UNSAT	0.0	3013	11082	11082	0	3	9	0.3669915177765746	2.820880707453528	22.054715226798415	0	221	32	3	0.011550261685616315	0.031861931629605045	0	0	0	0.0	0	18	0.18263851290380798	0.620014437827107	10.0	1058.0	96.0	1248.0	0.9662107803700724	196.0	1.0	0.0	0.4088269454123113	498.0	ok	0	0	0	0	0	0	93.83		0.0	0.1	xor+circuit+xorgates
389bb0a8f3568f4bd0e71771df9093c5-BubbleVsPancakeSort_7_6	sort-equivalence	val	UNSAT	0.0	3492	13481	13481	0	3	8	0.32838810177286554	2.9074252651880426	31.22355990336449	0	328	42	3	0.012461983532378904	0.03608247422680412	0	0	0	0.0	0	1	0.13374378755285216	0.5811141606705734	8.0	850.0	126.0	1320.0	0.7638057218895542	160.0	1.0	0.0	0.3321023476655236	380.0	ok	0	0	0	0	0	0	92.78		0.0	0.1	xor+circuit+xorgates
69ad7473757d30d55fabab7882268483-BubbleVsPancakeSort_9_4	sort-equivalence	train	TIMEOUT	0.0	4195	15477	15477	0	3	10	0.3717128642501777	2.8181818181818183	24.747932484034624	0	292	36	3	0.009304128707113783	0.025744934445768773	0	0	0	0.0	0	18	0.18724559023066487	0.647799961232797	13.0	1546.0	108.0	1696.0	0.9423347398030942	264.0	1.0	0.0	0.4729981378026071	626.0	ok	0	0	0	0	0	0	94.3		0.0	0.1	xor+circuit+xorgates
8b22396ef06770c7dfa7552a610fc911-PancakeVsSelectionSort_6_7	sort-equivalence	train	UNSAT	0.0	4129	15612	15612	0	3	8	0.35805790417627464	2.883935434281322	44.34446544954017	0	534	42	3	0.010760953112990008	0.030515863405182853	0	0	0	0.0	0	1	0.1653215475275429	0.6225339482449398	21.0	959.0	126.0	1036.0	0.6546296296296297	233.0	1.0	0.0	0.30297823596792667	524.0	ok	0	0	0	0	0	0	89.98		0.0	0.1	xor+circuit+xorgates
8e1f70e59050693ef128bee0092a7f5f-PancakeVsSelectionSort_6_8	sort-equivalence	train	UNSAT	0.0	5034	19324	19324	0	3	9	0.3481680811426206	2.907990064168909	52.26882635668655	0	695	48	3	0.009935831090871455	0.028605482717520857	0	0	0	0.0	0	1	0.17636100186296833	0.6091906437590561	21.0	1035.0	144.0	1184.0	0.5923790423665078	244.0	1.0	0.0	0.3043074884029158	546.0	ok	0	0	0	0	0	0	89.84		0.0	0.2	xor+circuit+xorgates
acc0bc3ef52aa228cc35c2d9bb3ae249-BubbleVsPancakeSort_8_6	sort-equivalence	train	TIMEOUT	0.1	5086	19805	19805	0	3	9	0.33021964150467054	2.9111335521332995	37.56310365196208	0	441	48	3	0.009694521585458218	0.028313016122689737	0	0	0	0.0	0	33	0.2194395354708407	0.5950517546074223	10.0	1312.0	144.0	1872.0	0.7436871508379889	220.0	1.0	0.0	0.3956532038374985	516.0	ok	0	0	0	0	0	0	93.44		0.0	0.2	xor+circuit+xorgates
d4256f750a8db53113c128b397722443-PancakeVsSelectionSort_6_6	sort-equivalence	val	UNSAT	0.0	3325	12330	12330	0	3	7	0.37128953771289536	2.8523925385239255	36.417552125978865	0	398	36	3	0.01167883211678832	0.0324812030075188	0	0	0	0.0	0	1	0.15247364152473641	0.5927818329278183	21.0	883.0	108.0	888.0	0.7322681215900234	222.0	1.0	0.0	0.305963967695175	502.0	ok	0	0	0	0	0	0	90.15		0.0	0.1	xor+circuit+xorgates
18d4124324b56e434118f9ef72198d84-spg_300_300	spg	train	UNSAT	7.5	507004	2603816	2603816	0	3	6	0.17495015008741016	3.4043619057567818	4.9634947276052435	0	9196	89401	3	0.13733842944355515	0.35384138981152025	752	3	3.0	0.004443751923061751	752	1186	0.465854730134541	0.5845754845964538	0.0	91657.0	268203.0	0.0	0.7237614841273672	9196.0	0.0	1.0	0.7190784737778887	18392.0	ok	0	0	0	0	0	0	100.0		5.1	29.1	xor+unrolled+circuit+xorgates
6cd9571bc71cc0c3fb08aeafb9ca37e4-sted1_0x24204-330	sted	train	SAT	0.8	13431	353614	353614	0	4	12	0.03563207339075942	3.9095284688954623	101.45917343425245	0	0	0	0	0.0	0.0	840	6	6.0	0.37525128434219346	840	1	0.03360726668061785	0.07382060665018919	0.0	6193.0	0.0	0.0	0.35634961735427817	243.0	0.0	1.0	0.06230312537810358	444.0	ok	0	0	0	0	0	0	81.56		0.6	3.9	exactly-one+circuit
85ba26d796de9ad740ce5a6813488fbc-sted2_0x1e3-216	sted	val	SAT	0.3	5032	100072	100072	0	6	7	0.004196978175713486	5.581601247102086	63.0037345543148	0	0	0	0	0.0	0.0	0	0	0	0.0	0	3	0.007104884483172116	0.0116715964505556	0.0	0.0	0.0	0.0	0.0	0.0	1.0	0.0	0.00231994638346136	18.0	ok	0	0	0	0	0	0	40.98		0.1	1.1	plain
cdd89d1b9259dcf26d4a53ba94041e93-sted2_0x0_n219-342	sted	train	SAT	0.4	24624	212761	212761	0	4	6	0.20193550509726876	3.3684415846889233	121.08391875604642	0	0	0	0	0.0	0.0	420	6	6.0	0.1023391812865497	420	2	0.17075497859100117	0.28262698520875534	21.0	16027.0	0.0	0.0	0.7848293423436659	1696.0	0.0	1.0	0.07381542212260626	3106.0	ok	0	0	0	0	0	0	72.41		0.3	2.1	at-most-one+circuit
0aa22564d00e9716519918d84b25c4a7-sudoku-N30-12	sudoku	val	UNSAT	4.5	842008	2262677	2262677	0	2	577	0.6769273740794642	2.634689352479386	81.37407363573027	0	5340	0	0	0.0	0.0	90158	3	3.0	0.13321013577068153	0	9	0.2882192199770449	0.8071315525813009	0.0	0.0	0.0	0.0	0.0	5340.0	0.0	1.0	0.08612356696339821	684.0	ok	27	0	0	0	0	14878	100.59		5.2	26.0	at-most-one+sym
de8988028668791f35a7b9f94353b5b9-sudoku-N30-16	sudoku	train	TIMEOUT	4.5	842179	2262848	2262848	0	2	577	0.6768563332579122	2.634641389965212	81.31154045755457	0	5292	0	0	0.0	0.0	89405	3	3	0.13228897894628103	0	9	0.2934430416890573	0.7946486021155641	0.0	0.0	0.0	0.0	0.0	5292.0	0.0	1.0	0.08613067941616531	686.0	ok	54	0	0	0	0	14878	100.59		5.4	25.6	at-most-one+sym
e442248e155eb81a811edd1deca8a2cd-sudoku-N30-23	sudoku	train	TIMEOUT	4.5	842116	2262785	2262785	0	2	577	0.6768393815585662	2.634659059521784	81.46335805544479	0	5288	0	0	0.0	0.0	90216	3	3.0	0.13326192591044464	0	9	0.3130615590964232	0.8031514262291822	0.0	0.0	0.0	0.0	0.0	5288.0	0.0	1.0	0.08608207090733412	756.0	ok	54	0	0	0	0	14878	100.58		5.4	24.9	at-most-one+unrolled+sym
ea40162dda3f9b923b6160854cf7f75a-sudoku-N30-15	sudoku	train	UNSAT	4.5	842026	2262695	2262695	0	2	577	0.6769219890440382	2.6346843034522993	81.34835673759426	0	5336	0	0	0.0	0.0	89840	3	3.0	0.1328296275886968	0	9	0.3020309851747584	0.8185694492629364	0.0	0.0	0.0	0.0	0.0	5336.0	0.0	1.0	0.08612463442864843	684.0	ok	0	0	0	0	0	14878	100.59		4.8	25.7	at-most-one+unrolled
fc67d414ea20a0ffffc087d7577af2fe-sudoku-N30-28	sudoku	train	UNSAT	4.5	842134	2262803	2262803	0	2	577	0.6768658164232592	2.6346540109766514	81.34584057976807	0	5300	0	0	0.0	0.0	90032	3	3.0	0.1330405849900372	0	9	0.2984895282532328	0.8036293923951842	0.0	0.0	0.0	0.0	0.0	5300.0	0.0	1.0	0.08611143630239107	702.0	ok	0	0	0	0	0	14878	100.59		4.6	25.3	at-most-one
0a8a4c28d27228e954354ea0a6e7f16c-sum_of_three_cubes_42_known_representation	sum-of-cubes	train	SAT	10.2	1055754	6040974	3000000	1	3	4	0.00102	3.347675333333333	330.1507873962059	0	0	130986	4	0.347256	0.37204595009822367	0	0	0	0.0	0	1	0.642957	0.649108	1014.0	3787.0	1047215.0	174.0	1.0	1037.0	0.0	1.0	0.2534838906539588	3440.0	ok	340	0	0	0	0	0	77.98		11.6	27.8	xor+circuit+xorgates+sym
7a044c997ede14d00002f1db39d45170-sum_of_3_cubes_37_bits_87	sum-of-cubes	train	SAT	0.3	33163	161461	161461	0	4	37	0.26616953939341387	3.2093384780225565	44.541954855992884	0	196	8215	4	0.39526572980472063	0.738744986882972	261	20	17	0.009588999788921389	0	2701	0.6743919584295898	0.8785712958547265	1755.0	5182.0	23346.0	759.0	1.0	556.0	1.0	0.0	0.12366339439849527	2714.0	ok	6	0	0	0	0	0	59.73		0.5	1.5	xor+unrolled+circuit+xorgates+sym
ab02c7ef78bda1f427d5e3f1f26b1ae5-sum_of_three_cubes_906_known_representation	sum-of-cubes	train	SAT	9.7	1019088	5830665	3000000	1	3	4	0.001002	3.3306626666666665	402.15150575937554	0	0	126588	4	0.335564	0.3723240779991522	0	0	0	0.0	0	1	0.6238316666666667	0.629875	996.0	3721.0	1010699.0	171.0	1.0	1019.0	0.0	1.0	0.2533521526179253	3380.0	ok	334	0	0	0	0	0	77.98		10.8	27.4	xor+circuit+xorgates+sym
1d18837c0ced5c18a3a4693993e61728-SC25_Timetable_C_392_E_45_Cl_25_D_7_T_50.normalised	timetable	train	SAT	1.1	213083	668213	668213	0	3	50	0.37495529120205684	2.6690127249843987	20.87281155810135	0	132	0	0	0.0	0.0	23898	4	3.0	0.28924879037745854	234	1	0.29902441287433795	0.5787421076812334	0.0	3132.0	0.0	0.0	0.014988586277690839	132.0	0.0	1.0	0.41894709182627476	264.0	ok	2	0	0	0	2	555	90.83		2.5	7.1	at-most-one+sym
24bde22f729a988fb2394b644cb60d39-SC25_Timetable_C_481_E_49_Cl_32_D_7_T_58.normalised	timetable	train	SAT	1.5	292405	937503	937503	0	3	58	0.37483933384746504	2.672647447528168	22.538009065704195	0	65	0	0	0.0	0.0	36028	4	3.0	0.30943041329662624	352	1	0.2922166649066723	0.5783405493102423	0.0	4487.0	0.0	0.0	0.015568941228721522	65.0	0.0	1.0	0.41287917929787693	130.0	ok	4	0	0	0	4	672	93.14		3.5	10.4	exactly-one+sym
77e655b23c0a50d911c0384ef8fe266d-SC25_Timetable_C_495_E_43_Cl_35_D_7_T_58.normalised	timetable	val	TIMEOUT	1.5	294338	934037	934037	0	3	58	0.3745622496753341	2.674322323419736	21.86085733193929	0	67	0	0	0.0	0.0	34201	4	3	0.29107692516766437	357	1	0.2994763590735699	0.584662063708397	0.0	4601.0	0.0	0.0	0.015865736079118332	67.0	0.0	1.0	0.4153506001263424	134.0	ok	2	0	0	0	2	358	92.8		3.6	10.1	at-most-one+sym
8e62c5d47920ffe36052f86177403e70-SC25_Timetable_C_393_E_45_Cl_26_D_7_T_50.normalised	timetable	train	SAT	1.1	213268	668608	668608	0	3	50	0.37246039532880254	2.671572879774098	20.88496054547605	0	132	0	0	0.0	0.0	23449	4	3	0.2840744978149558	235	1	0.29839756628697234	0.5773038910692064	0.0	3142.0	0.0	0.0	0.01502393213887813	132.0	0.0	1.0	0.41821119912276905	264.0	ok	1	0	0	0	1	552	90.73		2.5	7.2	at-most-one+sym
901fa244999d250bc8d8cce19cabc114-SC25_Timetable_C_492_E_48_Cl_33_D_7_T_58.normalised	timetable	val	SAT	1.6	296729	951279	951279	0	3	58	0.3744180203704697	2.673556338361301	22.406088332571457	0	67	0	0	0.0	0.0	36235	4	3	0.3059896403789316	359	1	0.2930097269045149	0.5793505375394601	0.0	4587.0	0.0	0.0	0.015684517907089662	67.0	0.0	1.0	0.41258259856392393	134.0	ok	0	0	0	0	0	490	93.92		1.8	9.6	exactly-one
95931bb010dba306e24c79c120044ff9-SC25_Timetable_C_496_E_48_Cl_33_D_7_T_50.normalised	timetable	train	TIMEOUT	1.4	260336	835965	835965	0	3	50	0.3720418917059925	2.67323392725772	21.349839174615212	0	67	0	0	0.0	0.0	31471	4	3	0.3029700079896749	396	1	0.28840083017829693	0.575266907107355	0.0	4263.0	0.0	0.0	0.016682058667000593	67.0	0.0	1.0	0.4127556924268479	134.0	ok	4	0	0	0	4	560	91.76		3.1	9.0	exactly-one+sym
9f1cb42232335f84435126b5ae0fb701-SC25_Timetable_C_495_E_48_Cl_33_D_7_T_50.normalised	timetable	train	TIMEOUT	1.4	258984	829494	829494	0	3	50	0.37415460509660103	2.6713948503545537	21.288799012224494	0	67	0	0	0.0	0.0	31370	4	3.0	0.30376780032743333	395	1	0.2899538754951814	0.5773206316139718	0.0	4254.0	0.0	0.0	0.01673498611318736	67.0	0.0	1.0	0.4131215886656602	134.0	ok	4	0	0	0	4	605	92.3		3.2	9.0	exactly-one+sym
affe8884c8c744ab2f07683ed1cf0d1a-SC25_Timetable_C_498_E_46_Cl_34_D_7_T_50.normalised	timetable	train	TIMEOUT	1.3	259410	829219	829219	0	3	50	0.3744897306984042	2.671312403599049	21.158038185405406	0	99	0	0	0.0	0.0	31090	4	3.0	0.30022743918892875	365	1	0.29159606810746014	0.5790207412034698	0.0	4183.0	0.0	0.0	0.016431952546500893	99.0	0.0	1.0	0.41380856258173615	198.0	ok	3	0	0	0	3	601	92.29		3.1	8.3	exactly-one+sym
c7ee94464ba3b25e97fc9b38868b7154-SC25_Timetable_C_481_E_48_Cl_32_D_7_T_58.normalised	timetable	train	SAT	1.6	291376	932018	932018	0	3	58	0.3754090586233313	2.672331435658968	22.36980973676609	0	65	0	0	0.0	0.0	35648	4	3.0	0.3071186370874746	352	1	0.29365634569289434	0.5800950196240845	0.0	4487.0	0.0	0.0	0.015624510319419731	65.0	0.0	1.0	0.4136227357001607	130.0	ok	4	0	0	0	4	478	93.09		3.6	9.9	exactly-one+sym
d89fc3e9c24e0383e940464f4704657e-SC25_Timetable_C_395_E_47_Cl_27_D_7_T_50.normalised	timetable	val	SAT	1.2	216497	680069	680069	0	3	50	0.37094324252392036	2.672581752733914	21.094738698417665	0	132	0	0	0.0	0.0	24051	4	3	0.2864566252650152	237	1	0.2961596543880106	0.5751386991614086	0.0	3161.0	0.0	0.0	0.014887624573764625	132.0	0.0	1.0	0.41781281711029583	264.0	ok	21	0	0	0	10	739	89.73		8.7	7.2	at-most-one+sym
f17dfbed8c18716a41b231702e127524-SC25_Timetable_C_406_E_45_Cl_26_D_7_T_50.normalised	timetable	train	SAT	1.1	217449	678384	678384	0	3	50	0.376279511309229	2.6687451354984786	20.75866262787492	0	135	0	0	0.0	0.0	23808	4	3.0	0.2824570359026714	243	1	0.2995825373239935	0.5779632184721337	0.0	3249.0	0.0	0.0	0.015240784696357035	135.0	0.0	1.0	0.4175072547799123	270.0	ok	1	0	0	0	1	624	92.12		2.6	7.4	at-most-one+sym
fae6cf26f3da1e7d8fc4926a9ca86b61-SC25_Timetable_C_495_E_50_Cl_33_D_7_T_50.normalised	timetable	train	TIMEOUT	1.4	260757	839276	839276	0	3	50	0.3729774233982623	2.672100715378493	21.581870243847668	0	67	0	0	0.0	0.0	32003	4	3	0.3082179960653022	362	1	0.2870807696157164	0.5738517484117263	0.0	4122.0	0.0	0.0	0.01610389001535378	67.0	0.0	1.0	0.4116195371569789	134.0	ok	5	0	0	0	5	949	92.4		3.1	9.0	exactly-one+sym
41d14756a06872844577fc0abddb58aa-tseitin_d3_n100000	tseitin	train	TIMEOUT	1.2	150000	400000	400000	0	3	3	0.0	3.0	0.0	0	0	100000	3	1.0	1.0	0	0	0	0.0	0	3	0.11911	0.28227	0.0	0.0	300000.0	0.0	1.0	0.0	0.0	0.0	0.25795	0.0	ok	30	0	0	0	22	0	100.0		55.2	3.9	xor-pure+circuit+xorgates+sym
42f1311ce504db8cc0cb590a568da20a-tseitin_n188_d3	tseitin	train	TIMEOUT	0.0	282	752	752	0	3	3	0.0	3.0	0.0	0	0	188	3	1.0	1.0	0	0	0	0.0	0	3	0.1595744680851064	0.2925531914893617	0.0	0.0	564.0	0.0	1.0	0.0	1.0	0.0	0.26063829787234044	0.0	ok	97	0	0	0	97	0	0.13	UNSAT	0.1	0.0	xor-pure+circuit+xorgates+sym+sym-decided
77a0d54f2fb3740a9a321623c0c10f3e-tseitin_grid_n12_m12	tseitin	val	UNSAT	0.0	264	968	968	0	4	4	0.008264462809917356	3.8181818181818183	0.7272727272727273	0	4	140	4	0.9917355371900827	1.0	0	0	0	0.0	0	2	0.5702479338842975	0.9504132231404959	0.0	0.0	520.0	0.0	1.0	4.0	1.0	0.0	0.0	8.0	ok	89	0	0	0	121	0	0.1	UNSAT	0.1	0.0	xor-pure+unrolled+circuit+xorgates+sym+sym-decided
981c4e83c5dd3694af4c367958e0ee5f-tseitin_grid_n250_m250	tseitin	val	TIMEOUT	0.9	124500	496008	496008	0	4	4	1.6128772116578765e-05	3.9919678714859437	0.03977510040160642	0	4	62496	4	0.9999838712278835	1.0	0	0	0	0.0	0	2	0.7434960726439896	0.9979839034854276	0.0	0.0	248992.0	0.0	1.0	4.0	0.0	0.0	1.0	8.0	ok	47	0	0	0	31	0	100.0		11.3	4.3	xor-pure+unrolled+circuit+xorgates+sym
f3abc375afaf48c7eae21500b773bd21-tseitin_grid_n400_m400	tseitin	train	TIMEOUT	2.5	319200	1273608	1273608	0	4	4	6.281367579349376e-06	3.9949874686716793	0.024912280701754386	0	4	159996	4	0.9999937186324207	1.0	0	0	0	0.0	0	2	0.7437013586598075	0.9987437264841301	0.0	0.0	638392.0	0.0	1.0	4.0	0.0	0.0	1.0	8.0	ok	45	0	0	0	36	0	100.0		18.0	11.7	xor-pure+unrolled+circuit+xorgates+sym
847df6bb7bd0a8fcedb57e012cfe0014-valves-gates-1-k617-unsat.shuffled-as.sat03-412	valves	val	UNSAT	26.1	985042	3113540	3000000	1	3	618	0.4788926666666667	2.561951666666667	19.357611065424777	0	6923	215420	3	0.2872266666666667	0.3375470284515787	9328	3	3.0	0.023585796341678834	5389	146964	4.666666666666666e-06	0.17973766666666666	133373.0	619541.0	718818.0	69948.0	1.0	12461.0	0.0	1.0	0.10432279417713397	86594.0	ok	1	0	0	0	0	0	98.36		19.7	43.8	xor+circuit+xorgates+sym
465795fa2641c616ce76de8501672a19-VanDerWaerden_pd_2-3-27_663	vdw	val	TIMEOUT	0.1	332	58170	58170	0	3	27	0.007581227436823105	4.5016331442324224	46.775088500339095	0	0	0	0	0.0	0.0	106	3	3.0	0.5572289156626506	0	1	0.4686608217294138	0.5906824823792333	0.0	0.0	0.0	0.0	0.0	0.0	1.0	0.0	0.04439205657889479	0.0	ok	0	0	0	0	0	0	100.0		0.1	0.5	at-most-one
57b478982ee9aba245ba792452b18fe3-VanDerWaerden_pd_2-3-22_462	vdw	train	SAT	0.1	231	28738	28738	0	3	22	0.0026793792191523416	4.512422576379707	34.83830899432621	0	0	0	0	0.0	0.0	0	0	0	0.0	0	1	0.46374138770965273	0.5796506367875287	0.0	0.0	0.0	0.0	0.0	0.0	1.0	0.0	0.04346744089589382	0.0	ok	0	0	0	0	0	0	100.0		0.1	0.2	plain
ccc66f699505f84d67d7b4eaa78e5bd5-VanDerWaerden_pd_2-3-23_505	vdw	train	SAT	0.1	253	34014	34014	0	3	23	0.009878285411889223	4.439172105603575	34.80508012751966	0	0	0	0	0.0	0.0	83	3	3	0.5573122529644269	0	1	0.46392661845122596	0.5838184277062386	0.0	0.0	0.0	0.0	0.0	0.0	1.0	0.0	0.04410709158771174	0.0	ok	0	0	0	0	0	0	100.0		0.1	0.3	at-most-one
6832fe907740af686fde98518067ea3f-velev-pipe-sat-1.0-b7	velev-pipe	train	SAT	4.4	118040	8804672	3000000	1	2	224	0.9916153333333333	2.983735	19662.5132827115	0	0	0	0	0.0	0.0	22112	4	3.0	0.187741443578448	0	4	0.6939976666666666	0.9893533333333333	0.0	102964.0	0.0	10104.0	0.957992306779862	0.0	0.0	1.0	0.0788434927668886	0.0	ok	26	0	0	0	24	0	86.57		17.3	52.9	at-most-one+unrolled+circuit+sym
d672bdbca3b1fb26d585e78add79537e-velev-pipe-o-uns-1.1-6	velev-pipe	train	UNSAT	0.4	17710	304026	304026	0	2	131	0.8826679297165374	2.929288942393085	398.08547332587386	0	0	0	0	0.0	0.0	1537	5	3	0.09536984754376059	0	1	0.10961891417181426	0.8859965923967029	0.0	10746.0	0.0	5957.0	0.6800895765472312	0.0	1.0	0.0	0.09484134464341816	0.0	ok	12	0	0	0	12	0	72.92		0.6	3.4	circuit+sym
22df1827e3253fc824cc7ce806d75e0a-x9-10070.sat.sanitized	x9	train	SAT	0.0	500	4496	4496	0	2	6	0.9110320284697508	2.2669039145907472	0.15034065934065935	0	0	0	0	0.0	0.0	196	6	5.0	1.0	196	1	0.29270462633451955	0.9165925266903915	0.0	2000.0	0.0	0.0	1.0	0.0	1.0	0.0	0.14681818181818182	0.0	ok	0	0	0	0	0	0	82.21		0.0	0.0	exactly-one+circuit
695d8f6a2ee6e89e5a4f5d94abc3aca6-x9-07092.sat.sanitized	x9	val	SAT	0.0	350	3147	3147	0	2	6	0.9110263743247538	2.266920877025739	0.14896231326845286	0	0	0	0	0.0	0.0	139	6	5	1.0	139	1	0.3028280902446775	0.915475055608516	0.0	1400.0	0.0	0.0	1.0	0.0	1.0	0.0	0.13246753246753246	0.0	ok	0	0	0	0	0	0	82.21		0.0	0.0	exactly-one+circuit
6e139783cfbcfeec85b49750ad11a615-x9-06068.sat.sanitized	x9	train	SAT	0.0	300	2696	2696	0	2	6	0.9109792284866469	2.2670623145400595	0.12175828970331587	0	0	0	0	0.0	0.0	111	6	5	1.0	111	1	0.3000741839762611	0.9158011869436202	0.0	1200.0	0.0	0.0	1.0	0.0	1.0	0.0	0.12651515151515152	0.0	ok	0	0	0	0	0	0	82.2		0.0	0.0	exactly-one+circuit
a497d784c61c330f012dcd80d44dcd43-x9-06099.sat.sanitized	x9	train	SAT	0.0	300	2698	2698	0	2	6	0.911045218680504	2.266864343958488	0.13687813385655112	0	0	0	0	0.0	0.0	116	6	5.0	1.0	116	1	0.3124536693847294	0.913639733135656	0.0	1200.0	0.0	0.0	1.0	0.0	1.0	0.0	0.13115996967399546	0.0	ok	0	0	0	0	0	0	82.21		0.0	0.0	exactly-one+circuit
54d496c14fd2461642ef6be5341b297b-hwmcc17miters-xits-iso-6s163.sanitized	xits-miters	train	UNSAT	13.5	1565652	5591569	3000000	1	3	3	0.14473533333333333	2.855264	14691.706109968634	0	162	65619	3	0.087492	0.11387140948307797	300	3	3.0	0.0004081366740501721	300	16	0.109301	0.3281616666666667											ok	5485	0	0	0	0	0	98.77		18.8	32.8	xor+sym
873786afab7757a9f216da0724d91ecd-hwmcc17miters-xits-iso-6s299b685.sanitized	xits-miters	train	UNSAT	60.7	7904143	23796556	3000000	1	3	3	0.4312666666666667	2.5687326666666666	32048.297695078145	0	1506	48641	3	0.06485466666666667	0.01779016396844035	2910	3	3.0	0.0007964177773605564	2910	1	0.13223666666666667	0.681626											too-big										33.9	xor
22c8d6aa86d51e15ef5ab37479eda22b-xor_op_n40_d3	xor-op	shared	TIMEOUT	0.8	3120	477680	477680	0	6	6	0.0	5.986936861497236	0.00495778139282671	0	0	0	0	0.0	0.0	0	0	0	0.0	0	80	0.9955032657846257	0.9955032657846257	0.0	0.0	0.0	0.0	0.0	0.0	0.0	0.0	0.0009378663540445487	0.0	timeout									120.2	5.0	unrolled
4f4d22ce7643079412975a662e9363fd-xor_op_n38_d3	xor-op	train	UNSAT	0.7	2812	408044	408044	0	6	6	0.0	5.986217172657851	0.005489496964294724	0	0	0	0	0.0	0.0	0	0	0	0.0	0	76	0.9950103420219388	0.9950103420219388	0.0	0.0	0.0	0.0	0.0	0.0	0.0	0.0	0.0011469351344462852	0.0	timeout									120.1	4.4	unrolled
bea83d274b1c57b2171b380e34fd645d-xor_op_n36_d3	xor-op	train	TIMEOUT	0.5	2520	345528	345528	0	6	6	0.0	5.985413627839133	0.006111365309248612	0	0	0	0	0.0	0.0	0	0	0	0.0	0	72	0.9944317103100183	0.9945243221967539	0.0	0.0	0.0	0.0	0.0	0.0	0.0	0.0	0.0011460720983538237	0.0	ok	2520	0	0	0	668	0	100.0		92.2	3.6	unrolled+sym
